date,1,2,4,5,6,8,9,10,11,12,13,15,16,17,18,19,20,21,22,23,24,25,26,27,28,29,30,31,32,33,34,35,36,37,38,39,40,41,42,44,45,46,47,48,49,50,51,53,54,55,56
2020-08-01,1.7763963627723613,0.25972428216992804,1.568957825946523,1.4348181657920793,1.3990607412799831,0.593880323737709,0.16548457389264876,0.07188600112552938,2.153740210754815,2.4220428809608756,1.6001999731950023,0.5367716855760973,0.8169820347888856,0.5421478096952285,0.4693846115225901,0.716307403639222,0.7482887186207873,3.010515765142167,3.5385521492240786,0.26037559551618344,0.8187664580328433,0.2495465000160319,2.109772874488941,0.2553358091449938,2.530115259686259,0.7922888712388726,1.1227776020838753,0.06720402314299775,1.129812905580107,0.19857160823145506,0.3096083285766235,0.5007561417740789,0.26935942473462826,0.9725322566066406,0.44615792415840183,0.5637730877484152,0.9047324329645074,0.22761020898173592,0.5952200083908836,0.5097412496778718,2.3831193575716187,0.35041750550212003,1.4569844025060716,2.1444425158180227,0.3399919774370095,0.0641036941356338,0.4311395710090974,0.2481978407313143,0.5189306457561796,0.7127603335649662,1.6587215058426736
2020-08-08,1.4194854976918065,0.3964212727856796,1.0537571387924547,1.6502065740518603,1.2629003435215478,0.6251371828817991,0.33938361764424574,0.08215542985774787,1.5019504101316474,2.1221975108457656,1.3025759640545547,0.8404714550467839,0.7666201285347762,0.5374128943267112,0.6847667908604874,0.8874605000839918,0.6212855874787271,2.813545216939557,2.542594918165873,0.20086117368391296,0.6732079766047823,0.23213627908468085,0.27335927609657373,0.26420163585141726,2.677957320013212,0.6323219753315955,1.0853516820144127,0.16542528773660986,1.5843353388594603,0.08825404810286891,0.08443863506635188,0.5341398845590175,0.27038751414201234,0.9477422186931379,1.1153948103960045,0.4046504863505317,0.9881295566735263,0.21101363124348435,0.565537120833333,0.5380602079933092,1.6936267969050136,0.6669236395040349,1.4613773203025724,1.8002556983869538,0.48659402275388514,0.0320518470678169,0.4651152437244882,0.26658286597067093,0.5635698410900445,1.0133219200080241,1.1403710352668381
2020-08-15,1.4806702174199016,0.31440307841622867,1.06749582378323,1.5574238751091853,1.095104165614777,0.439332520191931,0.16828939717896482,0.34916057689542845,1.4877810666398394,1.8875359168426356,1.738651648333122,0.9887899471138635,0.7106624549190992,0.5681898442220735,0.8882658154762939,1.0047320661665193,0.7311261333313197,3.6752913653259762,2.1683042956947545,0.06695372456130431,0.6550131664262746,0.204570095943375,0.44057905304942285,0.4397450046386005,2.8022790525608765,0.8330351560454432,1.1602035221533378,0.4911063229680605,1.3960331879294425,0.13238107215430336,0.13735351304126572,0.3862975950828609,0.2673032459198601,0.5701708720105598,0.7086037618986382,0.5346861606111676,1.238320927800583,0.24657772639688058,0.3561946506906075,0.4153447219597474,1.3090647489839211,1.05125251650636,1.328125480475384,1.535390492187494,0.4054950189615709,0.1602592353390845,0.6209347082467979,0.30860578080348605,0.4017527580047842,0.9325996653633172,0.7429690078253642
2020-08-22,1.5826447503000602,0.5057788652782809,0.9479692643634859,1.5375418681928978,0.8825117230179633,0.2986766540435262,0.23840997933686683,0.4826631504142687,1.2043941968036795,1.6435623548235085,2.3141208558800006,1.7727591194684267,0.828173569512021,0.6084366248544704,0.6758544248189193,1.039596585812676,0.7585862697944679,2.927698602829706,1.9015684497957965,0.09671093547743957,0.6450887245107251,0.15959369187071806,0.38951193553687613,0.4078280284954763,2.01938814219315,0.9824382003362021,1.0666387219796816,0.3722068974073722,1.3570741222197837,1.5223823297744887,0.19927517875659043,0.9681285407632192,0.45595765217483836,0.742747674408405,0.7742152213336974,0.5654840834623709,1.6275075051093375,0.3224477960574592,0.3890020527279003,0.405905069187935,1.2274909812430832,1.1529866310069754,1.126051261836351,1.354675169207654,0.3212768227157062,0.11218146473735915,0.49323304183377714,0.2009220615443973,0.5356703440063789,0.8776398324137294,0.7775257058637532
2020-08-29,1.7927122880331867,0.38275157372410445,0.8009653349621918,1.2459391000873483,0.77899945037261,0.2552643496767346,0.19072798346949346,0.6880517250586384,1.1335474793446396,1.400985588006781,1.5465146297740988,2.9663698413415904,0.5819598056030418,0.6786712028208101,0.9179737022815211,0.9952235608084765,0.8649942985891669,4.091615478572402,1.5509398781705535,0.09671093547743957,0.5739635574492861,0.18570902326774466,0.3875093034775606,0.4752083114642941,2.103389312833464,1.0473304316948144,1.3005507224138222,0.4859367827262915,1.1914980929537335,1.9415890582631161,0.2904689046282504,0.786902508502124,0.26062066477186363,1.966040699140091,0.86607126454278,0.5552181091786365,1.6982687009836566,0.18019141544387426,0.4225905833851286,0.21711201375168618,1.1944730276336966,1.5938344605096426,1.1655875220048573,1.189479291903564,0.47411725293968293,0.14423331180517607,0.48620359230645493,0.2009220615443973,0.6472683323410412,0.7694376612942285,0.5701855176334191
2020-09-05,1.735606549620298,0.49210916621670575,0.6622046165553627,1.1630974046028173,0.7299007195823936,0.27783874794746627,0.19914245332844172,0.6058962952008905,1.1193781358528316,1.2021750708652406,1.5832467068515592,2.012893820910365,0.6323217118571512,0.6573640836624823,0.662485875756567,1.099817119746947,0.9816998785575466,3.796159656268487,1.2691463635514932,0.07439302729033813,0.5044924640404388,0.2132752064090505,0.33443955390569824,0.4840741381707175,1.925306831075998,0.9598013754436628,1.253768322326994,0.4911063229680605,1.0811140734430333,0.9413765130972684,0.24543496592619612,0.23845530560670422,0.2616487541792477,1.271919637562018,0.9710495996388746,0.5920045170286848,1.4303870308880202,0.13040168222911955,0.3640059368899629,0.2076723609798737,0.9322716313238607,1.3451510695081381,1.0718719423461753,1.1477492268643261,0.4709980604861324,0.048077770601725356,0.5986747847436108,0.3099189968920115,0.5133507463394466,0.7642851769552047,0.8639174509597258
2020-09-12,1.5622498437240284,0.43743036997040513,0.6484659315645875,1.1995477506160108,0.6663760730445362,0.21358853748461468,0.17109422046528092,0.4929325791464872,1.2752409142627195,1.0126765217396971,3.7805783945878395,2.4366609411020206,0.559576736156771,0.6044908620473727,1.4126100175885543,0.9540200375902912,0.9954299467891207,4.977982945484149,1.4433851015983932,0.037196513645169064,0.5226872742189465,0.210373502920492,0.34645534626159163,0.42024018588446904,1.7371442088416946,1.009602390207249,1.0198563218928534,0.5479712656275202,0.9155380441769833,0.05883603206857928,0.210533663432104,0.26706994227950875,0.3104830010299914,0.646447911744414,0.9054381402038155,0.49533325919018567,1.5365288246994988,0.1375145012597988,0.31870047693370146,0.2454309720671235,0.9711162826290215,1.7407837370105317,1.0835863898035105,1.0132473643411628,0.4429253284041775,0.0320518470678169,0.5248655647067272,0.24163176028868694,0.5189306457561796,0.9411871392616903,0.8293607529213368
2020-09-19,1.5296179932023777,0.5331182634014312,0.4574982101928128,1.3122124564749733,0.5765304574232637,0.2726292714234512,0.26365338891371154,0.40050772055652084,0.9351766704593276,0.9819470272869063,1.2328792024203992,1.6173778420648195,0.4700444583716876,0.6336895068198959,0.7634926908943396,1.0047320661665193,0.9267796056312503,2.7217748478906136,1.247635408237061,0.07439302729033813,0.5061465376930304,0.2887194971115718,0.3134119172828849,0.4787546421468635,1.542261492956166,1.1258047579889505,1.328620162465919,0.7289051740894372,0.8408665015668038,0.06619053607715168,0.2026527241592445,0.5579854151196879,0.3120251351410675,0.6168905588475455,1.5746750264414182,0.5132987141867209,1.8170464226298348,0.20864269156659127,0.30073451867518397,0.21711201375168618,0.854582328713539,2.5546566530154555,0.9898708101448286,1.033250205434351,0.548977871824896,0.09615554120345071,0.5213508399430661,0.2692092981477219,0.7365467230087711,1.0081694356690003,0.6738556117485862
2020-09-26,1.6315925260825361,0.4784394671551306,0.5179484241522235,1.5010915221797043,0.5679255252229165,0.3559808958076911,0.19914245332844172,0.5032020078787057,1.1335474793446396,0.8920865359325332,1.0520443614236714,1.3913687112959363,0.8337693368735888,0.652629168293965,0.8288500418658394,1.2804787215497595,1.070945322062778,2.5897150485275,1.1357784406020142,0.029757210916135254,0.5342657897870876,0.3191873837414361,0.32442639360912046,0.6720296643468935,1.5086610247000403,1.2812442889177198,2.535606084706085,0.8426350594083565,0.9155380441769833,0.16915359219716541,0.22291799657516895,0.3767593828585927,0.3639436502139634,0.6512152267277799,1.6402864858764774,0.5175762034716103,2.026802824685852,0.258432424781346,0.3163570910738948,0.37758611087249766,0.9089648405407642,3.1989727115193536,1.061621800821007,1.0370438477106456,0.6737455699669178,0.01602592353390845,0.40185019797858806,0.23375246375753408,0.585889438756977,1.3465159072649,1.0885359882092547
2020-10-03,1.5255390118871714,0.42376067090882996,0.5028358706623708,1.6038152245805228,0.5803267510410639,0.3820282784277661,0.35340773407582615,0.7393988687197308,1.0060233879183675,0.8567010574717439,1.907242463637363,1.4196198526420467,0.8393651042351565,0.703134932224816,0.9669917155101461,1.3787332769162015,1.0984054585259262,2.2114420639111234,1.0110148997783082,0.05207511910323669,0.5690013364915113,0.3743197500240478,0.5176803873330719,0.6684833336643241,1.4515402286646268,1.4261199682299708,2.863082885313882,0.9511954044855067,0.7597017813383478,0.13973557616287577,0.3073566316415208,0.6056764762410287,0.44567675810099755,0.6855398946080142,2.466990874758222,0.6826872898683388,2.337646649419468,0.2323520883355221,0.40150011064686897,0.320948194241623,0.7730085609727012,3.3798333595204477,1.1743733575978588,1.1225732372125545,0.6924607246882212,0.01602592353390845,0.5072919408884217,0.18910311674766803,0.6640080305912406,1.9064192054388251,1.4859380156507285
2020-10-10,1.617316091479314,0.5331182634014312,0.6594568795572077,1.9616913490736974,0.5927279768592114,0.5817248785150074,0.35060291078951006,0.913979157167445,1.2043941968036795,0.9614606976517125,1.813057650618234,0.8545970257198391,0.8729397084045628,0.9083145981938981,1.2640705835624182,1.5498863733609713,1.7402861483520145,4.465411859820538,1.3680967579978809,0.05207511910323669,0.6682457556470075,0.41929615409670473,0.5957830376463786,0.8404803717689381,2.079868985054176,1.738508151747012,3.4057587263210882,1.1062816117385785,0.8895653337038774,0.11767206413715856,0.47961144717687865,0.7105968107079786,0.490912692025897,0.9706253306132941,2.8606596313685766,0.9846780333815263,3.0149323813593782,0.30822215799610075,0.5077336029581028,0.5286205552214968,0.9983075385426341,3.9563266750239356,1.3852334118298932,1.3508815269313597,0.8671355020870517,0.048077770601725356,0.5846158856889663,0.2481978407313143,0.6305286340908419,2.3941877228664166,1.641443156823479
2020-10-17,1.782514834745171,0.8065122446329345,0.7501322004963237,2.2996854666505846,0.5861477345883577,0.7953134159996221,0.47121031210110154,1.01667344448963,0.7934832355412477,0.946095950425317,1.7113380525575748,0.5720856122587352,1.079983100782568,1.6335458021384615,1.5373831421705086,1.606937405509228,1.8123690065677782,2.504659584530918,1.6369836994282818,0.05207511910323669,0.6401265035529502,0.4134927471195877,0.7509870222433345,0.8865826706423398,2.0227481890187624,1.9799676172674303,4.098138247606145,1.6232356359154843,1.1460458496257981,0.1544445841800206,0.5640500822432305,0.844131781847733,0.5274098659880317,0.980159960580026,2.243911912679021,1.2019744890539048,3.199416927745996,0.3129640373498869,0.5585069632539131,0.45310333304699724,1.0585167480656335,3.5946053790217474,1.5960934660619277,1.6726513672752348,1.001260777589725,0.0,0.5775864361616441,0.26658286597067093,0.9095236049274976,3.266675070941122,2.4880822587640106
2020-10-24,2.131267737195313,0.7518334483866338,0.9177441573837807,2.0743560549326596,0.6046230301949855,1.0922535778684768,0.6030370065579573,0.8626320135063527,1.2752409142627195,1.067151534633281,1.7490119777652262,0.3460764814898522,1.4157291424766307,1.5467390203823113,1.8909069951527127,1.9175485805386252,1.9668322741729867,3.1828649948194507,1.5832063111422017,0.07439302729033813,0.7046353760040227,0.5890458081773776,0.9772844449459925,1.1365989837634796,2.0597087041005007,1.8034003831056244,3.9297216072935637,1.948916671146935,1.1363060831983833,0.1470900801714482,0.7318015039083829,1.7359546248168067,0.5325503130249521,0.9658580156299283,3.2280838042049074,1.3277326740296516,3.5886035050547505,0.3912050466873586,0.8326831088512886,0.6796549995704958,0.9342138638891188,4.363263133026398,1.761560036396788,1.7961171795400872,1.0542870493000844,0.048077770601725356,0.5986747847436108,0.27971502685592564,1.132719581596822,3.914170602878453,2.4535255607256214
2020-10-31,2.249558195336297,1.0115577305565617,0.9507170013616411,2.001455362906272,0.6504316398497751,1.3266800214491514,0.835837339322192,0.7702071549163862,1.2043941968036795,1.4237999096459741,1.932672363152528,0.3743276228359626,1.656347139024042,1.9081708935124637,2.033504851817803,2.373956837724678,2.207108468225533,3.8498788966873807,1.1874047333566513,0.2826935037032849,0.7972635005491525,0.5788898459674229,1.7813412167611893,1.422078603710313,1.6699432723294434,2.0524054569235557,4.17299008774507,2.667482764752834,1.3018821124644335,0.24269863228288951,0.8657774715469946,1.912411550965768,0.5232975083584954,0.9448818297031184,4.146644236295734,1.4894217689984686,3.5532229071175907,0.3390443737957108,0.9631315883805243,0.6985343051141207,0.9614051198027314,5.459730811533031,1.9006690999526443,1.9509667597270108,1.1759355549885557,0.1282073882712676,0.6677977050956128,0.3887119622035399,1.1940984751808865,4.231907137118257,2.246185372495287
2020-11-07,2.3066639337491854,1.3122911099112153,1.3065489426227177,2.332822144844397,0.743061204124101,2.0803176252566535,1.152782370675909,1.01667344448963,1.2469022272791035,1.3614097239387928,2.130460470492699,0.331950910816797,1.835411694594209,2.631823792334188,2.5370535331664046,3.5308249896198816,3.2746212732304176,4.595233357499531,1.4390829105355067,0.31989001734845396,1.0751478741845417,0.7631480174908882,2.0827373416881807,2.024954819747104,1.8144252858307834,2.853749058119444,5.2115593696726545,3.8513074801179483,1.8310760883539665,0.2500531362914619,1.2294265265660833,2.651622998346551,0.9247664219419777,1.0573904633105533,5.2751613385787515,2.214028453858723,3.9146104431900057,0.5073810908551197,1.4107182876035902,1.113879027073868,0.9672318174985055,6.070135498536724,1.9621699491036544,2.0927110302321905,1.4972123777042619,0.0641036941356338,0.7826120473752094,0.430734877036355,1.4228743512669442,5.052869641802724,3.3001646626661527
2020-11-14,2.6798907240905656,1.6813729845737446,1.7200833608450499,2.8166176464740587,0.9207277454371525,2.691562870741079,1.9044750114086186,1.4890671661716801,1.7711679364759993,1.598864908346722,2.39417794694626,0.44495547620123854,2.048050854333782,3.418608896069476,3.423833954302437,4.9317447790381825,3.9679897189249087,5.255532354315099,1.6864588966514757,0.4463581637420288,1.6656521681597438,0.9474061890143537,2.680523011393875,2.721808798871983,2.063068750926113,3.375905152307349,5.52032321024572,4.585382194449155,2.736874366103535,0.5515878006429307,1.9769899090201852,3.6292897513340385,1.3802100294131239,1.2042237647982226,5.563851760093011,2.908692713724752,4.746054494713254,0.7587006966057864,1.942666877779695,1.0572411104429935,1.031325492152021,5.742325574034741,2.496641614344575,2.4982858772251135,1.7124366569992495,0.38462216481380285,0.9267157626853153,0.5935736720135135,1.7409286180207315,5.995774275844089,3.507504850896487
2020-11-21,2.8287735420955973,1.790730577066346,2.3342025799326995,3.131416089315277,1.302634883387857,3.2264024605399517,1.949352183989676,1.653378025887176,1.8986920279022712,1.7622899470274729,2.47423503801252,0.3390136961533246,2.1711577362882717,3.531457712352471,3.682292569507914,4.5799300807906,4.249456117672177,5.631567037247355,2.278010167798358,0.7439302729033813,2.1205224226224346,1.3217259390384015,3.1471362812144,2.943454466532568,2.869479989073128,3.6264193477847826,5.595175050384645,4.880045988229991,3.2108763322377176,0.647196352754372,2.605213353913843,4.048971089201838,1.6012492520007007,1.427334106019746,5.3801396736748455,3.7872890128410224,5.82768991736356,0.8440545249739374,2.663648593980201,1.6896978461544272,1.169224004285342,5.482338392533168,2.700180138915775,2.8973080693771642,2.043071057075607,0.40064808834771126,1.1176824748442362,0.8378318644792514,2.198480370192847,5.6282303929937205,4.492370744990574
2020-11-28,3.1346971407360726,2.0231154611131235,2.7601018146467293,3.038633390372602,1.818424642926317,3.358375865814998,2.302759918065502,2.5365488968579655,1.9553694018695031,1.920127804898626,2.5147345076107452,0.23307191610541067,2.490116475897631,3.2781397401367967,3.869452256380846,3.6702830682045087,4.122452986530117,6.170997743120412,2.5899190198576236,0.7513695756324151,2.436450490267431,1.313020828572726,3.876094350805263,2.782096420475662,2.9568412065390546,3.1933014315075323,4.77180480885647,3.8668161008432556,3.382945539122044,1.044339569217282,2.811243623475742,3.939281648622754,2.0227659090281724,1.5093319237336391,4.133521944408723,3.9686545585203308,6.060190989522036,1.0692937942787804,3.2908948757884415,1.9728874293088003,1.27022009767876,4.4649972475270125,2.8378248965394643,2.67382805164637,2.0087599400865512,0.41667401188161973,1.334423835270005,0.9100587493481525,2.8122693060334893,5.0305422096669545,4.181360462645073
2020-12-05,4.030033539423864,1.8180699751894962,3.842710191919812,3.270590137729289,2.318016883028829,3.1708347109504587,2.6898255315771213,3.8304969171174945,2.890546072328831,2.1561861941041554,2.908427026030705,0.3531392668263798,2.445350337005089,3.1266224483442433,4.069980492316129,3.0332132092156434,4.0194774747933115,6.587321856366838,2.987871693174617,0.9001556302130914,2.5869711926532664,1.8919106745401488,3.3173600062562225,2.4540608323379964,3.282765748623473,3.1661372416364855,3.7800179270157135,3.3498620766663496,3.675138531944486,1.382646753611613,3.2480728288856686,4.621263822657928,2.424748867315347,1.8316024166091731,3.75297547968538,4.342507122019659,5.73671123695372,1.142792924262466,3.91501664311694,2.3787924984967352,1.720818052818626,3.8432887700232516,3.274188064325202,2.7310775623613575,2.1179316759608207,0.5288554766189789,1.5827977185687243,0.9455155837383402,2.622552725864564,4.4122440889840915,4.250473858721851
2020-12-12,4.652078189992832,1.4353184014653917,4.441716857517609,3.4362735286983517,3.0772756065888776,2.9034149160510223,2.905796924623459,3.5429529126153767,3.1172555681977587,2.334044783209702,3.188155920697518,0.3390136961533246,2.2886688508811934,3.02876753072822,4.069980492316129,2.5260929234533624,3.9542596506933343,6.616419778260406,3.0911242786838913,1.071259592980869,2.5787008243903085,2.6274925088897314,3.09306521561288,2.1721275430737323,3.5011687922882895,3.199337918145543,3.9765040073803917,2.8949425353906726,4.129660965223839,2.2063512025717227,3.4552289469151187,4.244504439799336,2.9310829004520045,2.0756889437575063,2.9131487989166236,4.355339589874327,5.499155793661364,1.0218750007409185,4.143887328758054,2.5581459011611716,2.041286426086203,3.2667954545197637,3.744230268550779,2.93869325784583,2.068024596704012,0.40064808834771126,1.738617183091034,0.9087455332596269,3.31446025353947,4.238777116236956,3.818515133241988
2020-12-19,5.439321583827655,1.2166032164801892,4.627189104893073,3.6781712795131827,3.8390651925607933,2.3442644358067466,2.6281194192781676,3.5943000562764693,2.819699354869791,2.6529796877576066,3.447164156500123,0.3531392668263798,2.2159238751808132,2.746250913740022,3.899160143186073,2.028481143049124,3.8615816901302096,6.609704873208044,3.0222892216777084,0.87783772202599,2.5902793399584496,2.7246995757564414,2.561366403864599,1.6384047753470439,3.6624510399176926,3.0348436572597577,3.171846725886948,2.19705460275185,4.077715544277628,1.904816538220254,3.2784707375095556,4.010818240304765,3.1639451512244983,2.233963801205254,2.230789620792009,4.130343653489148,6.125897814262475,1.116712587816642,3.95016743101404,2.350473540181298,2.394772752963167,2.4981377005151137,3.8613747431241316,3.2480475416491053,1.990044785365248,0.673088788424155,1.9225544457226327,0.9442023676498147,3.068944679203213,3.7767710205044835,3.196494568550986
2020-12-26,5.779916523647385,0.8885304390023854,4.93905725418367,3.6284662622224637,3.9911700235139898,2.0282228600165038,2.860919752042402,3.440258625293192,3.2872876900994545,2.869017345728742,4.439872085721743,0.48026940288387654,1.7458794168091256,2.4653126018746634,3.7120004563131412,1.9080400751805824,3.429084540835626,6.455262057003725,3.0739155144323456,0.796005392006618,2.6332852549258314,2.7029367995922526,2.144818935526963,1.471727233266284,3.79013281929097,2.93222338441358,2.5262496046887195,1.9334080504216278,3.6978646536084536,1.8901075302031092,3.2852258283148634,4.244504439799336,3.5412539637344547,2.47900379135026,2.16517816135695,3.557160089313976,6.340708587452372,0.9673433881723777,3.580693593784528,2.1050425681141745,2.7812770334495176,1.842517851511147,3.6607648304172655,3.6260322629962514,1.703079079638598,0.5128295530850704,2.0197951641839236,1.005923523810512,3.520916531958595,2.8716512716159603,2.609030701898372
2021-01-02,5.987944570722908,1.025227429618137,5.384190647884785,4.062556746561407,4.054694670051847,1.7764314946891122,2.650558005568696,3.378642052899881,3.3723037510503024,3.4370473947045723,4.9738999755402045,0.5297089002395697,1.8745820661251829,2.2609220884670007,4.509657217033492,1.7812600037400121,3.2368635855935888,6.893969187091356,3.781625944277161,0.6695372456130432,2.477802331582221,2.916212006001303,1.9936202150486384,1.4398102571231597,3.9379748796179226,2.8643129097359625,2.3952588844456004,1.8351867858280155,3.658905587898795,2.2284147145974402,3.2446952834830145,3.9822036036319606,3.706776358323291,2.6849517986316664,1.6927756534245246,3.602501475733803,6.8815262987775245,1.0977450704014973,3.4361847990964525,2.0200856931678626,3.3095642911997056,1.9668595470118995,4.0136625600694895,4.21646095181588,1.7748205060702604,0.6089850942885211,2.2295070750823704,0.8969265884628977,3.665993916793656,2.765166595276134,2.194350325437704
2021-01-09,6.318342057254622,0.861191040879235,5.855427543068373,4.258063147904901,4.139984733331759,1.679187932907499,3.0123802095034704,3.8921134895108054,3.6981986513618863,3.757379094454876,5.429754470552789,0.5438344709126249,1.813028625147938,2.2530305628528056,3.517413797738903,1.9080400751805824,3.3261090290988204,6.777577499517086,4.293586680760645,0.9299128411292267,2.959137764486377,2.82480834611171,2.0657149691839987,1.2429889042405604,3.8069330534190327,2.861294666416957,2.5730320047755475,2.1195114991253137,3.798508906691739,1.9121710422288265,3.355028433303048,3.3717580212787976,4.014689135834822,3.0568023673342055,1.4565743994583118,3.40317047505796,7.093809886400482,0.9744562072030569,3.2830835895890864,2.161680484745049,3.7446243858175072,1.842517851511147,3.7339801270256108,4.619276786244225,2.033713479714956,1.0096331826362324,2.532944979678447,0.9297569906760345,3.515336632541862,2.8956961985314047,2.038845184264953
2021-01-16,5.537217135392607,0.7108243512019083,5.40342480687187,3.7709539784558577,3.7684541312697086,1.5802078789512142,3.0544525587982116,3.779149773456402,3.9249081472308145,3.5874356781629273,5.338395201924234,0.47320661754734894,1.3038137952452764,2.0778386942176663,3.1193281145488583,1.6291239180113277,3.3192439949830335,7.180471802658789,3.618142683887477,1.0266237766066661,2.629977107620648,2.837866011810223,1.7382846274859047,1.0532602127230997,3.044202424004981,2.5277787796668796,2.881795845348613,1.8093390846191704,3.584234045288615,1.669472409945937,3.3572801302381508,3.605444220773368,3.957116129021314,2.9538283636935025,1.377840648136241,3.2166719422367844,6.012174463750177,0.8559092233584028,3.0073451867518397,2.237197706919549,3.69218410655554,1.5825306700095743,3.072113845686169,4.418213745600625,1.8995882042122822,0.993607259102324,2.51068505617526,0.8732886988694392,3.0075657856191484,2.675856866733054,1.9524534391689805
2021-01-23,4.499116390672594,0.4647697680935554,5.059957682102491,3.4660965390727827,3.228621178818514,1.4291330597547796,2.656167652141328,3.5943000562764693,2.9897314767714867,3.3490492969533983,5.002155419445943,0.48733218822040414,0.9848550556359169,1.7748041106325603,2.4330759293481092,1.3755637751301872,2.64303813457801,6.119516804385639,3.067462227838016,0.7141730619872461,2.41494753278374,2.3576340844537897,1.4168621819657576,0.8617583558643542,2.4965147914301338,1.9346939674823518,2.086495043872535,1.5715402334977937,3.1394513784366764,1.5370913377916335,2.947471288049456,3.381296233503066,3.4076023407745244,2.552420442094095,0.9710495996388746,2.6178234423522766,5.07964298954933,0.6140733763153083,2.5753810599274845,2.01064604039605,3.3542356402006406,1.0399487260062916,2.325317820281047,3.9533201284692816,1.503450762611363,0.9775813355684155,2.32206149385878,0.8155071909743185,2.7732100101163577,2.167478411949367,1.6932782038810628
2021-01-30,3.7302284127561984,0.3690818746625293,4.158699946707641,2.863008995945396,2.5979302657813004,1.2051255692221348,2.398123909800249,2.700859756573461,2.876376728837023,3.0166120387822977,3.720300114255597,0.3531392668263798,0.9568762188280784,1.5806725805233517,1.9770598668878716,1.188563169755346,1.942804654767732,5.6338053389314755,2.561954777948862,0.7216123647162799,2.1866853687260988,2.119694398391992,1.1184700051277394,0.7004003098074484,2.1269096406127517,1.723416935151986,1.6935228831431786,1.0907729910132713,2.603764224928867,1.1767206413715856,2.658128231888757,2.818541712271244,3.077585641004236,2.212034152281771,0.9316827239778391,2.214028453858723,4.389721329774719,0.718394722098604,2.3129218436291423,1.7180168044698645,2.88809982453871,0.904303240005471,1.8435611685981348,3.3922059481482907,1.5533578418681717,1.1538664944414085,2.0549424118205346,0.759038899167723,2.109201979525117,1.9012667210998013,1.0885359882092547
2021-02-06,3.173447463230533,0.3690818746625293,3.1598975478782867,2.455427854161503,2.1066898716379487,1.0505777656763566,2.2102007496170715,2.382507465874688,3.2872876900994545,2.6855715758135967,3.396304357469793,0.21188356009582787,0.9009185452124013,1.2855295225524415,1.8448597706046104,1.1283426358210753,1.7265560801204403,4.957838230327063,2.172606486757641,0.6174621265098065,1.9981209723306559,1.859991936166005,1.015334454072988,0.6613906722991855,1.6934636001087313,1.3883919267424054,1.459610882709038,0.9615344849690448,2.233653100687108,1.0149215531829925,2.601835808511189,2.0602538404419244,2.8904733688603335,1.7572323028686652,0.7873375132207091,1.8410313882163725,3.712435597834809,0.6235571350228807,1.942666877779695,1.4348272213154911,2.437501869398844,0.847784287505129,1.5726645711472573,2.851784362061632,1.2352002116060161,0.7852702531615141,1.8592893999767324,0.6316569385807522,2.098042180691651,1.5199828800120363,1.036700941151671
2021-02-13,2.431072863862979,0.341742476539379,2.4111392158810405,2.080983390571422,1.5769803688342212,0.930759805624012,1.744600084088602,1.9511914591215118,2.252925615197471,2.3177488391817067,2.7360688182056987,0.1553812774036071,0.8953227778508336,1.0290549400910887,1.2492166401598046,0.8874605000839918,1.300923964941644,4.069232461731197,1.688609992182919,0.5430690992194683,1.4340818567969196,1.387014267530968,0.7640041306288855,0.5940103893303676,1.2936180278608365,1.1635327994765159,1.1976294422228002,0.6461925302211323,1.9122408085824225,0.7207413928400961,2.0434149686057155,1.2351984830427278,2.5136786010540693,1.4425895139665168,0.944805015864851,1.5629945846985651,3.0022964535246786,0.5524289447160883,1.627872043945671,1.0666807632148059,1.897561216257108,0.6217084775037613,1.312018115221548,2.3410221610441844,1.0605254342071855,0.5769332472207043,1.5335915718774686,0.4898296010200012,1.3001165640988157,1.1764839240771128,1.2440411293820053
2021-02-20,1.9477135780110277,0.5331182634014312,1.674745700375492,1.4944641865409418,1.1920361959892765,0.8960299621305786,1.6155782129180623,1.4069117363139323,2.493804454558207,2.1864500901561463,2.2048664727778107,0.1695068480766623,0.6658963160265575,0.9383023955278409,1.1051333891544526,0.8557654822238492,1.1876509020311576,3.626048728275324,1.2691463635514932,0.3273293200774878,1.2504796813592516,1.091040511698,0.6798935841376321,0.4698888154404401,0.9609733921251927,0.9386736722106263,1.3754025625527473,0.6875488521552847,1.5745955724320455,0.6030693287029376,1.772085487925838,1.1064326180151076,2.134313609729345,1.1269932620676952,0.86607126454278,1.2199399440504402,2.5094952679713853,0.5216067289164782,1.4021258727842993,1.0383618048993686,1.623706424555724,0.9156070305055394,1.0835863898035105,1.8195687863389975,0.7860364982947375,0.496803629551162,1.3473111594034293,0.4950824653741031,1.2945366646820824,1.0030169513299765,0.6565772627293917
2021-02-27,1.462314801501473,0.42376067090882996,1.339521786600578,1.269134774823017,0.9445178521087007,0.847408181239772,1.46692257874331,1.3761034501172769,1.9128613713940792,1.962962857772213,1.9995435803961095,0.1624440627401347,0.6714920833881252,0.8175620536306503,0.9476815890867484,0.8177314607916781,1.0263226003101624,3.088856324086387,1.2239733573911857,0.3496472282645892,1.1644678514244882,1.0939422151865585,0.6959146406121566,0.5053521222661337,1.0617747968935696,0.8330351560454432,0.9356480017365627,0.7444137948147443,1.2694162243730511,0.573651312668648,1.8576499714597412,0.8107480390627944,2.1764652754320917,0.9410679777164257,0.6561145943505909,1.0916152655037599,2.16327084530061,0.36986658959532087,1.3294809111302939,0.745732568973183,1.3284870746365014,0.904303240005471,1.2285526770880344,1.6302315490948525,0.7673213435734342,0.5769332472207043,1.1750896459840343,0.3965912587346927,1.026701492678893,0.8140925255657686,0.5529071686142245
2021-03-06,1.138035786942569,0.43743036997040513,0.9974285303302766,0.8582399652197427,0.7754562429959965,0.7067523150913673,1.4472888157390975,0.8626320135063527,1.6294745015579193,1.7702051198410707,1.5097825526966384,0.09887899471138634,0.5707682708799064,0.7504840859099888,0.7991421550606123,0.6941208911371222,0.7105310309839585,2.755349373152422,1.030374759561297,0.37196513645169066,1.128078231067473,1.0097928140183616,0.7820278191627256,0.41314752451933034,0.8500918468799782,0.7062689366472236,1.0385692819275847,0.532462644902213,0.9999493532145775,0.5883603206857928,1.7394358823668485,1.2113529524820574,1.9559400975482073,0.7875604352520442,0.6429923024635791,0.9641460848140575,1.3217180515096016,0.2987383992885284,1.1365421420062147,0.81181013837587,0.988596375716344,0.6443160585038981,0.8170827101491337,1.3574341817722317,0.6706263775133673,0.5288554766189789,1.076677352601523,0.36507407261008135,0.7532864212589704,0.7419577448194347,0.4492370744990575
2021-03-13,0.9320472305246488,0.4100909718472548,0.8586678119234474,0.6527925604181054,0.6701723666623364,0.630346659405814,1.5174093978969996,0.8729014422385711,1.8561839974268473,1.5574266506755343,1.5625260479873508,0.1695068480766623,0.693875152834396,0.7307552718745002,0.6580296927357829,0.7004598947091507,0.5972579680734724,2.2830677178029815,0.875495881297386,0.4017223473678259,1.1892789562133623,0.898077229708859,0.9923041853908592,0.5301764370441192,0.7123299270298632,0.6111942720985589,1.0104998418754878,0.4962758632098296,0.9025516889404303,0.5883603206857928,1.9398369095909904,0.6629057495866377,1.912246297734384,0.7761188792919661,0.6036254268025436,0.9170937026802747,1.0538363814139655,0.30585121831920764,1.1623193864640877,0.8590084022349322,0.9342138638891188,0.5199743630031458,0.7819393677771279,1.267421396852884,0.6675071850598168,0.5128295530850704,0.9560051357158246,0.36507407261008135,0.7700261195091698,0.7230653022430139,0.22461853724952874
2021-03-20,1.12579884299695,0.6424758558940326,0.7515060689954012,0.6726745673343929,0.6063946338832923,0.7449551429341439,1.3855827034401438,1.0474817306862854,1.6294745015579193,1.497830055373152,1.4278417653699962,0.1695068480766623,0.7274497570038023,0.7631105268927015,0.6060408908266353,0.7194769054252362,0.5869604168997918,1.9249394483436904,0.7098615253762589,0.36452583372265684,1.2785989334533088,0.898077229708859,1.4489042949148065,0.6613906722991855,0.6048084286102612,0.5930848121845275,0.7110924813197876,0.4911063229680605,0.8928119225130156,0.5810058166772204,2.000632726838764,0.6152146884652969,1.951313695214979,0.699841839558112,0.5511362592544964,0.8897177712569829,0.8895693195628677,0.34378625314949696,1.3271375252704871,0.641896388483246,0.8681779566703453,0.49736678200300904,0.9137269016721494,1.057046688803834,0.6612688001527157,0.496803629551162,0.9407746617399597,0.3663872886986068,0.7979256165928353,0.6354730684796084,0.3801236784222794
2021-03-27,0.921849777236633,0.45110006903198024,0.7034206715276882,0.44071781997770565,0.5355304863510211,0.7848944629515922,1.747404907374918,1.170714875472907,1.8845226844104632,1.5192475818099456,1.4664575387078391,0.24719748677846587,0.8169820347888856,0.97460341335314,0.8214230701645326,0.7923754465035641,0.5629327974945372,1.6473900395127397,0.7507323404736799,0.3868437419097583,1.5482129388257402,0.989480889598452,2.203896581276772,0.7252246245854339,0.5006469770162717,0.6202490020555745,0.7672313614239814,0.4239022998250628,0.8051540246662832,0.5810058166772204,2.4430911745864474,0.5532163090075538,2.0685158876567638,0.678865653631302,0.5511362592544964,1.0642393340804681,0.8112265669877288,0.34615719282639007,1.470865191338627,0.6041377773959963,0.8642934915398292,0.8929994495054026,1.0572288830245062,0.9791045838545137,0.5583354491855477,0.5128295530850704,0.9536619858733839,0.3427493991051483,0.9709024985115619,0.6182981206828623,0.466515423518252
2021-04-03,0.7954013564652365,0.6151364577708822,0.6196146930839597,0.49042283726842434,0.4975675501730186,0.8595636264624736,1.7305759676570216,1.35556459265284,1.7853372799678073,1.5318187386315418,1.2055656066448517,0.3107625548072142,0.6267259444955835,1.1158617218472389,0.8852950267957712,0.7480024214993645,0.528607626915602,1.8219775708741441,0.7184659075020318,0.4463581637420288,1.72354474600045,1.0373589971596675,3.233249459764969,0.91318015076161,0.40656566589912,0.5613932573349726,0.5801017610766689,0.532462644902213,0.8668392120399097,0.6913233768058065,2.44534287152155,0.48644882343767665,1.9338361752894495,0.737980359425039,0.8529489726557682,1.070227819079313,0.796063453586089,0.3651247102415347,1.7419168224562604,0.81181013837587,0.945867259280667,0.5877971060035562,0.9942637279413293,0.9073702571754934,0.4990707925680873,0.496803629551162,0.9360883620550783,0.4438670379216097,1.2164180728478189,0.7024553648869185,0.6738556117485862
2021-04-10,0.7729669592316015,0.5877970596477319,0.6731955645479828,0.5931465396692429,0.4626416488892564,1.0870441013444616,1.985814886711785,1.4993365949038986,1.997877432344927,1.668239070065901,1.3119944453564676,0.3602020521629074,0.7162582222806669,1.3092040993950278,1.0204659117595551,0.9064775108000773,0.5011474904524539,1.9092713365548464,0.7034082387819293,0.5430690992194683,1.9054928477855262,1.040260700648226,4.169479947494993,1.2217109201451442,0.4334460405040205,0.6428858269481138,0.7017360013024221,0.7082270131223609,0.8603460344216332,0.808995440942965,2.450972113859307,0.5198325662226152,1.8366817262916544,0.7322595814449999,1.3384737724752056,1.2293504204771966,0.7581556700819895,0.43151102119454104,1.908297218502531,0.6985343051141207,0.945867259280667,0.7912653350047871,1.0543002711601726,0.935995012532987,0.4990707925680873,0.7532184060936972,0.9548335607946042,0.4898296010200012,1.417294451850211,0.9154247175665711,0.6392989137101971
2021-04-17,0.7913223751500301,0.45110006903198024,0.5935111916014869,0.566637197114193,0.47858608208401743,0.9324962977986836,1.7305759676570216,1.7663417419415792,1.7995066234596153,1.766014734233872,1.375098270079284,0.20482077475930027,0.5931513403261772,1.5191186807326271,0.9803602645724983,0.8494264786518207,0.5835278998418983,1.9808969904467046,0.813114110885533,0.6249014292388403,1.948498762752908,1.0373589971596675,4.272615498549744,1.3210081792570862,0.44352618098085816,0.6021395421415432,0.6549536012155939,0.6978879326388229,1.0259220636876833,1.044339569217282,2.004010272241418,0.6009073701288946,1.6798980916655826,0.8876740499027278,0.9710495996388746,1.298645746892404,0.7076119587431903,0.5239776685933712,1.9981270097951185,0.8306894439194948,0.8856580497576676,0.8138729160049238,1.0733362482783422,1.0108332283471573,0.48971321520743566,0.496803629551162,0.9653777350855876,0.5817547272167843,1.266637167598417,1.049389310381191,0.7948040548829478
2021-04-24,0.9238892678942362,0.7518334483866338,0.6635784850544402,0.579891868391718,0.43353673115278785,1.2138080300954932,1.539847984187528,1.5814920247616464,1.7003212190169592,1.73901002698748,1.2837390014507288,0.25426027211499347,0.5931513403261772,1.3597098633258788,1.0457176155439982,0.7384939161413218,0.5869604168997918,1.833169079294747,0.6711418058102812,0.6992944565291784,1.7847454711463393,0.9053314884302552,3.343394223027325,1.1241868263744867,0.598088334959036,0.6685408951596582,0.6643100812329595,0.532462644902213,0.9025516889404303,0.7942864329258202,1.7461909731721568,0.5818309456803583,1.4161931586715666,0.8914879018894205,0.9185604320908273,1.1651880812038564,0.7455197422472897,0.6757178079145285,1.9395423632999527,0.6985343051141207,0.852640096148281,0.8251767065049923,1.045514435567171,0.9332359999684093,0.5333819095571433,0.641036941356338,0.8681370166242967,0.6539816120856853,1.36149545768288,1.0528242999405404,0.6047422156718081
2021-05-01,0.838230660274903,0.6288061568324573,0.7267764360120059,0.8449852939422177,0.42771574760549413,1.3996126927853612,1.3883875267264598,1.3761034501172769,1.5019504101316474,1.651943126037906,1.2856226977111114,0.3390136961533246,0.5875555729646096,1.2673790136397918,1.1467244306817708,0.6814428839930651,0.700233479810278,1.880173414661279,0.7528834360051231,0.7662481810904828,1.4423522250598775,0.7486395000480957,2.658494058741404,1.1596501332001803,0.6417689436919993,0.7485243431132969,0.9356480017365627,0.5789885070781345,1.1135799615344157,0.5442332966343583,1.3397596763861164,0.7821334023899899,1.0908028612345062,0.8180712511455859,1.0366610590739336,1.1061587290723836,0.6697041752390908,0.5998477382539499,1.460710519279465,0.7362929162013705,0.7011459560581536,0.8816956590053342,0.8932266186218127,0.8508104996016503,0.48347483030033456,0.5128295530850704,0.6877144787563592,0.689438446475873,1.171778877513954,1.0356493521437942,0.7084123097869752
2021-05-08,0.9422446838126647,0.4100909718472548,0.6580830110581302,0.8217896192065489,0.38342565539782464,1.4221870910560928,1.1920498966843343,0.9755957295607559,1.2327328837872955,1.401451186407581,1.2272281136392513,0.2825114134611038,0.520406364625797,1.2350237586215904,1.032349066481646,0.6814428839930651,0.6556107580576622,1.8734585096089174,0.8217184930113057,0.796005392006618,1.232284871180744,0.6398256192271515,2.010642587552821,0.868851017229493,0.6182486159127114,0.685141233414187,1.0479257619449502,0.444580460792139,0.8603460344216332,0.6619053607715168,1.1078348920705365,0.9538212224268169,0.9201400196087492,0.7170041734982291,0.7479706375596736,1.0231754369455304,0.510491484521873,0.6709759285607424,1.3294809111302939,0.43422402750337236,0.5768430718816387,0.6669236395040349,0.8405116050638042,0.7983892608746739,0.5365011020106939,0.3365443942120775,0.6584251057258498,0.6369098029348541,1.3335959605992143,1.0219093939063972,0.7429690078253642
2021-05-15,1.0217848194591883,0.3964212727856796,0.5976327970987194,0.8019076122902614,0.3358454420547282,1.1756052022527166,0.8554711023264046,0.8215542985774787,1.0060233879183675,1.3348706150932008,0.979522055398942,0.2825114134611038,0.5148105972642293,0.880694258544214,0.8704410833931576,0.5546628125524948,0.46682231987351863,1.8510754927677116,0.7916031555711008,0.7736874838195166,0.9692871604186791,0.5150523692191356,1.624134600104918,0.774873254141405,0.5544077262260727,0.5613932573349726,0.8420832015629065,0.43941092055036995,0.7791813141931773,0.3677252004286205,0.7588218671296155,0.6962894923715763,0.7201766298725463,0.6855398946080142,0.8267043888817446,0.8443763848371559,0.510491484521873,0.66149216985317,1.01468607729627,0.4247843747315599,0.4913848390102849,0.5199743630031458,0.735081577947787,0.7238959216310759,0.5427394869177949,0.3365443942120775,0.5201792650218457,0.6040794007217173,1.1661989780972208,1.0167569095673734,0.6911339607677807
2021-05-22,0.7036242768730937,0.19137578686205223,0.5825202436088668,0.8383579583034552,0.33862939070778175,1.0887805935191333,0.6366948859937502,0.7085905825230754,0.7084671745903998,1.1062618003004692,0.9399644339309078,0.21188356009582787,0.5651725035183387,0.8309776471747825,0.8659849003723735,0.4881032750461955,0.5457702122050696,1.6182921176191722,0.7227680985649182,0.8034446947356518,0.8204205316854349,0.3888282674668404,1.192567391322415,0.6738028296881782,0.6451289905176119,0.48140980938133404,1.1134211220665096,0.3205114949896816,0.6947700051555831,0.49275176857435143,0.6012030816724253,0.8250553573991967,0.6163395997267545,0.5434739081037109,0.8398266807687564,0.8657638312616026,0.6419051340027512,0.5856221001925914,0.8787696974274856,0.3115085414698106,0.4000999084431569,0.31650613400191485,0.5813294550702618,0.641815297834889,0.5583354491855477,0.19231108240690142,0.4264532713242159,0.6290305064037013,1.1438793804302885,0.8604648846169832,0.9848658940940875
2021-05-29,0.6709924263514431,0.25972428216992804,0.6361011150728899,0.8482989617615989,0.28877140119400524,0.9012394386545937,0.33938361764424574,0.5648185802720166,0.7084671745903998,1.0620299522244825,0.7958616700116404,0.27544862812457627,0.4980232951795262,0.6478942529254478,0.7842882116579987,0.4278827411119246,0.4805523881050927,1.5869558940414843,0.813114110885533,0.595144218322705,0.5210332005663548,0.3394993081613457,0.8781541580098724,0.4681156500991554,0.598088334959036,0.5810118389085066,1.253768322326994,0.2481379316049148,0.6168518737362653,0.35301619241147564,0.48524068951463545,0.6295220068016991,0.48885651321112883,0.5129630922101692,0.4986470917064491,0.7545491098544798,0.5408177113251526,0.5002682718244404,0.7717550764963163,0.2454309720671235,0.34960186174644775,0.2825947625017097,0.515435688122751,0.5666322054501466,0.5864081812675026,0.2564147765425352,0.3983354732149269,0.5568036215348003,0.9820622973450281,0.6526480162763546,1.1576493842860327
2021-06-05,0.5363860429496338,0.32807277747780383,0.5234438981485335,0.7820256053739739,0.2811788139584047,0.8057323690476521,0.3085305614947689,0.40050772055652084,0.7793138920494397,0.8576322542733436,0.658351843003712,0.1553812774036071,0.42527831947914596,0.49400950344863614,0.5703914266603627,0.29476366609932586,0.3535492569630325,1.5287600502543495,0.7141637164391453,0.3942830446387921,0.491259874819706,0.2074717994319335,0.5427132880745164,0.3386745801853738,0.7392103016347636,0.6081760287795537,1.1414905621186064,0.1964425291872242,0.6038655184997124,0.19857160823145506,0.3670266004217428,0.4912179295498107,0.35931724788073505,0.4319187374929492,0.38054646472334275,0.5475186284658357,0.4195128041120342,0.4386238402252203,0.5202316608770715,0.1604740971208115,0.2757970242666421,0.3278099245019832,0.37046940083822727,0.5476639940686748,0.48035563784678403,0.09615554120345071,0.2870358556989915,0.5082146262593579,0.6919075276749062,0.4568536113934482,1.3131545254587833
2021-06-12,0.4405299820422848,0.21871518498520257,0.5083313446586809,0.8416716261228364,0.254604758633803,0.630346659405814,0.21316656976002213,0.2053885746443697,0.5384350526887037,0.8120036109949572,0.6818980462584943,0.13419292139402433,0.4364698542022814,0.3653776359372501,0.46789921718232874,0.31695017860142566,0.38444191048407417,1.60933891088269,0.701257143250486,0.2975721091613525,0.36389620357015257,0.16684795059211435,0.41855010039695173,0.2606553051688479,0.8097712849726274,0.7726702896653387,0.7485184013892502,0.19127298894545516,0.5908791632631594,0.161799088188593,0.301727389303764,0.41968133786779943,0.30225828577091873,0.3604090127424609,0.32805729717529547,0.46196884276804884,0.43214873194673403,0.35801189121085547,0.40774913960635334,0.18879305543624883,0.20976111704786865,0.2938985530017781,0.3294688347375539,0.5476639940686748,0.6113617208959069,0.048077770601725356,0.24368758361383763,0.41760271615110023,0.6584281311745075,0.36926137763004274,1.1922060823244216
2021-06-19,0.36914780902617383,0.10935759249260128,0.6113714820894945,1.0736283734795236,0.24346896402158896,0.5140016837028125,0.17389904375159698,0.17458028844771423,0.4250803047542398,0.8115380125941574,0.5980735626714694,0.19775798942277267,0.36932064586346885,0.2935647528480713,0.38323173978743114,0.2852551607412831,0.46338980281562514,1.3452193121564626,0.587249080083996,0.2826935037032849,0.26961400537243124,0.1291258052408537,0.2863763844821249,0.1808628648110373,0.7459303952859888,0.857181102597485,0.8607961615976377,0.25330747184668384,0.7824279030023155,0.161799088188593,0.25219005673150424,0.4721415051012744,0.24211505543895023,0.3432466788023437,0.3411795890623073,0.39695100563773084,0.41445843297815427,0.46707511634793725,0.2577724445787291,0.14159479157718663,0.19033879139528823,0.1808606480010942,0.23282464321453808,0.4745501611073656,0.6363152605243113,0.0641036941356338,0.1968245867650227,0.3388097508395719,0.47987134983904783,0.26449419606989105,0.8120824039021424
2021-06-26,0.4242140567814594,0.19137578686205223,0.609997613590417,1.3287807955718796,0.2662467257283904,0.5209476524014992,0.17389904375159698,0.1232331447866218,0.4534189917378558,0.832489940630151,0.5980735626714694,0.21188356009582787,0.46444869101011993,0.24858305684715717,0.3149036001354085,0.27891615716925455,0.4221995981209029,1.2444957363710372,0.8088119198226466,0.23061838460004822,0.21833772214209154,0.12477325000801595,0.20927505019847586,0.17377020344589858,0.7896110040189521,0.8964182657445531,0.7485184013892502,0.13957758652776456,1.1038401951070012,0.06619053607715168,0.26907778374477465,0.4053740195313972,0.2138425967358881,0.2993873809553776,0.18371208641816547,0.3738525634993284,0.6242148350341714,0.3034802786423146,0.24371212941988935,0.018879305543624884,0.16314753548167563,0.24868339100150452,0.21671727796070211,0.4807579393776654,0.7111758794095244,0.14423331180517607,0.2143982105833283,0.36901372087565776,0.3459537638374531,0.21983933179835102,0.7429690078253642
2021-07-03,1.017705838143982,0.38275157372410445,0.6663262220525952,1.4878368509021793,0.32243187127183404,0.6077722611350824,0.1290218711705397,0.10269428732218484,0.43924964824604784,0.999639766517301,0.5641670299845829,0.1906952040862451,0.2965756701630886,0.2533179722156744,0.3342137265588062,0.2694076518112118,0.39817197871564824,1.1751083841632994,0.7808476779138848,0.24549699005811584,0.1753318071747099,0.12042069477517818,0.21928821049505365,0.17199703810461392,0.7022497865530255,1.1182591496914374,0.6081712011287658,0.22745977063783857,1.5194035626766955,0.08825404810286891,0.2375540266533366,0.3815284889707268,0.19430889799559062,0.30510815893541665,0.15746750264414183,0.2797477992317629,0.7328838144125899,0.26554524381202527,0.21637262772214536,0.09439652771812442,0.17674316343848193,0.35041750550212003,0.2386818669432057,0.5631834397444244,0.8297051926444451,0.11218146473735915,0.1968245867650227,0.3296172382198936,0.2789949708366557,0.2009468892219302,0.9503091960556984
2021-07-10,0.6485580291178081,0.5194485643398561,0.5976327970987194,2.226784774624197,0.36874665340899704,0.6286101672311424,0.12341222459790754,0.21565800337658816,0.2125401523771199,1.5052796297859499,0.72993230089825,0.3743276228359626,0.36932064586346885,0.3101369566378818,0.41739580961344247,0.2852551607412831,0.5938254510155788,1.1862998925839023,1.3057149875860277,0.2231790818710144,0.21668364848949995,0.15379028489360105,0.21027636622813364,0.18440919549360665,0.9172927833922294,1.4004649000184264,0.8327267215455408,0.29983333402260537,1.8895146869184547,0.161799088188593,0.2724553291474287,0.4959870356619448,0.19739316621774286,0.323223955872207,0.17058979453115364,0.3285111770795014,1.0715266803825452,0.21338457092037744,0.18903312602440134,0.11327583326174931,0.33600623378964145,0.31650613400191485,0.328004528805387,0.7535553067002861,0.7579637662127826,0.0641036941356338,0.2155697855045487,0.3427493991051483,0.36827336150438555,0.22327432135770026,1.002144243113282
2021-07-17,1.1339568056273628,0.5877970596477319,0.9177441573837807,2.58134723129799,0.5198391393974467,0.5522045115455891,0.19353280675580956,0.2053885746443697,0.32589490031158386,2.270257802300121,0.9522084596233946,0.26132305745152107,0.5092148299026616,0.372480008990026,0.5302857794733059,0.3359671893175112,1.077810356178565,1.5041387317290231,1.7595961447205448,0.23805768732908203,0.21502957483690835,0.13638006396225,0.25934085168136484,0.21277984095416153,1.2600175596047107,1.691725380302431,0.8888656016497346,0.4807672424845224,2.2693655775876285,0.12502656814573096,0.31861511631703443,0.4721415051012744,0.2405729213278741,0.4872195912999934,0.18371208641816547,0.3687195763574612,1.44555014428966,0.3034802786423146,0.19215764050414352,0.08495687494631197,0.5127493972281234,0.48606299150294063,0.5535076423590906,1.0667032327798558,0.9856648153219724,0.048077770601725356,0.26946223188068585,0.3873987461150144,0.3571135626709193,0.3280415029178519,1.3822679215355613
2021-07-24,2.4229149012325664,1.120915323049163,1.0056717413247416,3.2208851204385707,0.7541969987363151,0.7015428385673522,0.3281643244989814,0.2567357183054621,0.3117255568197759,3.7275807968036854,1.4523298167549699,0.3390136961533246,0.6603005486649898,0.5271539110282571,0.7233870437072828,0.5134592893343095,1.2734638284784958,1.6317219277238957,2.9706629289230713,0.3942830446387921,0.31096584668722127,0.19876668896625796,0.27035532800760037,0.3244892574550963,1.764024583446595,2.1625713380672464,0.9730739218060253,0.5738189668363655,2.6589562346842173,0.24269863228288951,0.4154380845264512,0.6342911129138332,0.3269324315481366,0.7332130444416731,0.3018127134012718,0.5013217441890307,1.8903348040710939,0.39357598636425173,0.2983911328153773,0.14159479157718663,0.720568281710734,0.30520234350184644,0.8873693948931451,1.6450612416294577,1.023095124764579,0.0641036941356338,0.39247759860882503,0.49376924928557764,0.4854512492557809,0.44998363227474975,2.0215668352457588
2021-07-31,3.817926511033135,1.189263818357039,1.4233277650443066,3.711307957706995,1.0434745724126937,0.8439351968904287,0.4291379628063603,0.17458028844771423,0.39674161777062383,5.31666813873361,2.4252589352425726,0.7062785336527596,0.945684684104943,0.7686345948226384,1.0457176155439982,0.6687648768490081,1.6304456024994218,2.6926769259970462,4.568926908785375,0.40916165009685973,0.482989506556748,0.3743197500240478,0.33544086993535605,0.41846702054318435,2.7653185374791387,2.6364355391510674,1.5438192028653286,0.6720402314299776,3.064779835826497,0.19857160823145506,0.556169142970371,0.8679773124084034,0.4364239534345409,1.0650181672839387,0.2755681296272482,0.6416233927334012,3.191835371045176,0.7112819030679248,0.40228123926680454,0.16991374989262395,1.5149414009012736,0.49736678200300904,1.5345926169109176,2.4272413036872376,1.1572204002672524,0.09615554120345071,0.499090916439879,0.6973177430070259,0.8537246107601665,0.6217331102422115,1.6759998548618682
2021-08-07,4.319641212803515,1.2166032164801892,1.586818116434531,4.052615743103264,1.3859002567382757,1.04363179697767,0.6843768818611237,0.7393988687197308,0.6659591441149757,6.7795783140467725,3.367107065433863,1.6385661980744022,1.2086857500986254,1.051151211810836,1.480938157240577,1.0300880804546333,2.02861758121507,4.00208341120758,6.472646454112615,0.42404025555492736,0.6682457556470075,0.4628217064250824,0.5937804055870631,0.4681156500991554,3.830453381198321,2.6032348626420103,1.8993654435252223,0.8167873581995112,2.9381628722701056,0.33830718439433083,0.6946485044791881,1.1398163608000462,0.6955024840953283,1.4607053109033072,0.45928021604541364,0.9675680762419689,4.159747443183183,1.1024869497552834,0.5788163073722372,0.405905069187935,2.1927805661763307,0.6104046870036929,2.2813886423160397,3.4049663812594626,1.3350143701196335,0.2243629294747183,0.7287196009990722,0.8273261357710476,1.4284542506836773,1.131829059805573,1.9006183921113968
2021-08-14,5.308794181741052,1.72238208175847,1.8547224737546466,4.675585293146938,1.604313682882383,1.153030803981985,0.835837339322192,1.1399065892762517,1.4169343491807995,7.2977893341370175,4.2515024596834845,2.1400239569678616,1.678730208470313,1.3462942697817464,2.0424172178593714,1.2931567286938166,2.2963539117307645,5.396545360414695,6.246781423311078,0.6472193374259417,0.9163568035357479,0.580340697711702,0.8040567718151967,0.696853979124879,4.539423261402571,2.8084754083343655,2.442041284532429,1.0856034507715022,3.282301286038759,0.5148152806000686,0.9276991372623192,1.516575743658639,0.981825384051794,2.0270623309271745,0.72172605378565,1.2421828883318646,5.0922789173840295,1.3135005809987677,0.7936266778545115,0.8590084022349322,2.8531396383640653,1.0625563070064283,2.9095758872156425,4.028503220854025,1.3412527550267346,0.41667401188161973,1.086049951971286,1.0834032730335148,1.7911477127713296,1.6968848423185219,2.643587399936761
2021-08-21,5.265964877931386,1.613024489265869,1.9563887426863826,4.297827161737476,1.7495851853235391,1.4794913328202577,1.046199085795898,1.8176888856026716,2.678005919951711,7.209791236385844,4.769518931288695,2.832176919947566,1.9025609029330215,1.4528298655733853,2.6306333766028707,1.5720728858630713,2.478277315799121,6.9051606955119595,5.592848381752343,0.7736874838195166,1.0437204747853013,0.7355818343495824,0.9292212755224191,0.8546656944992155,4.35462068599388,2.5911618893659893,3.087638405730657,1.2096724165739596,3.0582866582082207,0.8751859770201167,1.112338285940742,1.855182277620159,1.0465950167169908,2.342658582825996,1.4828189832323355,1.6322899111137725,5.441030525621745,1.7331569038088435,1.002969147997237,0.8401290966913073,3.7154908973386362,1.4242776030086168,3.2214730507671936,4.24749984316738,1.4161133739119478,0.3525703177459859,1.2512420158633586,1.3407936263845073,2.4328361456956378,2.0352313139144216,3.40383475678132
2021-08-28,5.17214830768164,1.8454093733126467,1.9852399811670105,3.764326642817095,1.6794802965148279,1.4951197623923027,1.0069315597874728,2.023077460247041,1.7853372799678073,6.335863038084505,5.33556965753366,2.549665506486462,2.4733291738129277,1.5743593600319954,3.0866494390631085,1.85415854481834,2.39932942346757,7.818387782633152,4.2871333941663154,0.9671093547743957,1.1545434095089386,0.7602463140023298,1.006322609806068,0.9007679933726171,3.80357300659342,2.321029112315021,3.387045766286357,1.5250143713218722,2.9154367506061383,1.0516940732258546,1.0830662257844068,2.16040506879674,1.0938871294566583,2.478050328353587,2.152055869469938,1.9223036846292698,5.4587208245903245,2.2286832962794976,1.2185606470994468,0.7551722217449953,4.131128666303858,2.7242135105164813,3.745694574482946,4.097823411539039,1.5533578418681717,0.7692443296276057,1.4890717248710945,1.5298967431321755,3.236341661705206,1.9253116480152461,5.218061403796744
2021-09-04,5.451558527773274,2.228160947036751,2.2105544150157233,3.495919549447214,1.5374989152090988,1.7243367294489624,0.8246180461769277,1.7971500281382347,1.4736117231480315,5.374402340432793,4.888191795692797,2.0693961036025854,2.7083514029987716,1.5530522408736676,3.1935978315619264,1.743225982307841,2.430222076988612,8.899487496063387,3.162110431221517,1.0489416847937676,1.2190522819600111,0.7515412035366542,1.0734107837931393,0.929138638833172,3.3298064041820488,2.055423700242561,4.032642887484585,1.5818793139813319,2.6751891787299082,1.0811120892601442,1.1494912853699368,2.2319416604787516,1.1488899127517065,2.5876985729710023,1.797753988520619,2.4090819652496767,5.456193639023384,2.1622969853264915,1.2974546377129366,0.9062066660939945,4.348658713612759,2.5885680245156606,4.249415815148362,4.0385046414006185,1.5876689588572277,0.6250110178224296,1.6882394614785579,1.6270747336830604,3.7273728103777204,2.435407597578607,3.732123388146016
2021-09-11,4.796882026682656,2.761279210438182,2.1075142775849094,2.995555708720646,1.2806163804046156,1.7139177764009323,0.905957921480094,2.1976577486947555,1.9128613713940792,4.28117729535472,4.397488919863135,2.0199566062468923,3.1336297224779175,1.459932238626161,3.238159661769767,1.692513953731613,2.502304935204376,9.472492727198253,2.688869414304011,0.9819879602324634,1.128078231067473,0.8835687122660665,1.2536476691315397,0.9841067644129972,2.58387600889606,1.8939476826757813,5.510966730228355,1.5663706932560246,2.5485722151735173,0.9119584970629788,1.1618756185130017,1.8074912164988182,1.1226736328634126,2.4484929754567184,2.0470775343738437,2.811165958029275,5.248964422534307,2.0200406047129063,1.426340860002301,0.5663791663087465,4.5156907142249505,1.8651254325112838,3.968269076172316,3.6746598594469333,1.8060124306057659,0.673088788424155,1.7995390789944934,1.493126692653462,3.705053212710788,2.5418922739184335,4.12952541558749
2021-09-18,3.485489533843818,2.6245822198224307,1.9646319536808479,2.955791694888071,1.1161103236332717,1.6652959955101259,0.7376685243011292,1.9409220303892933,1.5586277840988794,3.301092661671013,3.557360387732504,1.6173778420648195,3.4413969273641416,1.3044691840265106,3.0123797220500403,1.8097855198141404,2.165918263530811,7.198378216131754,2.2263838750437213,1.2795600693938158,1.1826626616029958,0.7747548314451222,1.328746371355873,1.1685159599066037,1.780824817574658,1.6947436236214362,5.510966730228355,1.9127298894545515,2.5907778696923143,0.7869319289172478,1.137106952226872,1.7788765798260135,1.1087944258637275,2.2482657461553512,2.178300453243962,3.162775577247179,4.970974010170911,1.721302205424378,1.590377870188765,0.7834911800604327,3.8592161071677316,2.2268467285134723,3.2829738999182037,3.2501168010725388,1.7592245438025078,1.1538664944414085,1.82062742757646,1.3276614654992527,4.2351436573004335,2.5882646329696484,3.6975666901076267
2021-09-25,2.357651200189265,2.3375185395293525,1.810758681784166,2.415663840328928,0.975394373533476,1.7000258390035592,0.6843768818611237,2.053885746443697,1.4169343491807995,2.4769834922552594,2.937624318066635,1.1229828685078878,3.486163066256683,1.2586983354641768,2.485064731257257,2.2218207519959936,2.0320500982729635,4.102806986993006,1.5401844005133376,1.2944386748518835,1.1346945256778393,0.7152699099296729,1.392830597253971,1.2039792667322973,1.5221012120024906,1.5679774042232166,6.222059211548142,1.8041695443774013,2.081063426657611,0.9266675050801236,1.0042568330558117,1.4831920008737003,1.0599601790129838,2.1443382795179753,2.74255900438547,3.10203522940175,4.040969721537004,1.377515952274881,1.7309810217771628,0.8684480550067447,2.884215359408194,2.045986080512378,2.656250960950768,2.6438237900065875,1.7186750419063506,1.0737368767718662,1.7151856846666265,1.1411847809286355,4.162604964882903,2.6861618354111014,3.59389659599246
2021-10-02,1.7070536804138536,2.241830646098326,1.6761195688745694,1.7761259511883476,0.7876043825729573,1.7226002372742908,0.7236444078695488,1.8793054579959825,1.1760555098200636,1.8176961567226564,2.493072000616346,0.9252248790851151,3.088863583585376,1.0811390091447788,2.130055483934792,2.0696846662673094,1.7917739042204173,3.6215721249070825,1.1271740584762415,1.2126063448325115,1.0850723161000912,0.6891545785326463,1.5159924689018778,1.3085960218680934,1.0785750310216324,1.2389888824516466,6.427901771930186,1.690439659058482,1.9804191735743255,0.9781490331401305,1.012137772328671,1.626265184237723,0.9756568476074895,1.6771414111481184,3.0968608853347894,2.8316979065967436,3.404118958668133,1.2542270890764406,1.788784539652393,0.5852584718523715,2.2355096826120078,2.3172770525140196,2.0968860948630095,2.0871930051030354,1.6656487701959914,1.0737368767718662,1.462125501683026,1.1214865396007534,3.8054914022119837,2.4302551132395833,3.507504850896487
2021-10-09,1.5112625772839492,2.11880335454415,1.6981014648598096,1.6369519027743353,0.7314192370295136,1.9170873608375172,0.6535238257116468,1.7766111706737977,1.1477168228364476,1.4717565449283598,2.231238220423167,0.6780273923066492,2.837054052314829,1.0053803632485023,1.8834800234514057,1.8700060537484113,1.572092812515232,2.7934005017824717,0.9228199829891366,0.8406412083808209,1.045374548437893,0.6499815814371064,1.836413598392367,1.4628614065598606,0.8601719873568159,1.1439142179029818,7.6255312141529865,1.6645919578496366,1.931720341437252,0.8531224649943995,0.8466380475986215,1.7359546248168067,0.9766849370148736,1.5274477206704296,2.808170463820529,2.6195344380662324,3.2954499792897143,1.0669228546018872,1.855180472346914,0.556939513536934,1.7130491225575941,2.136416404512925,1.686880433856276,1.6378188336474413,1.8028932381522154,0.7051406354919718,1.2910755631848514,1.0124896042531393,3.414898443040666,2.498954904426568,4.302308905779435
2021-10-16,1.1298778243121563,2.474215530145104,1.6871105168671896,1.3619174737656918,0.7025674055342318,2.161932757466222,0.5834032435537447,1.9203831729248564,0.8926686399839037,1.147234459570857,1.7518375221558002,0.42376712019165574,2.428563034920386,0.8917423944040876,1.7438529554668378,1.7337174769497983,1.6270130854415283,2.3345486565377547,0.8152652064169762,1.1382133175421734,0.9295893927564807,0.6398256192271515,1.8404188625109983,1.477046729290138,0.6552091309944496,1.0231844851427727,6.222059211548142,1.6697614980914057,1.6947193583701605,1.1399481213287235,0.8331278659880051,1.6405725025741251,1.0054714404216276,1.2995700644655404,3.5036519338321557,2.446723870956703,2.469060298900346,0.8653929820659751,1.9418857491597594,0.490861944134247,1.3168336792449533,1.842517851511147,1.4745560736920744,1.3370864641084712,1.5627154192288233,0.961555412034507,1.2219526428328493,0.9849120663941043,2.97408638911875,2.3014430047639873,4.751545980278492
2021-10-23,0.8708625107965537,2.583573122637705,1.7379436513330577,1.2260570931710608,0.751159963842075,2.2973791470906115,0.5665743038358483,1.4685283087072432,0.6517898006231677,0.9367839824093198,1.2272281136392513,0.3460764814898522,2.260690014073355,0.7733695101911556,1.518073015747111,1.496004842998729,1.3627092719837273,2.063714152759166,0.6539330415587354,1.309317280309951,0.7873390586336029,0.5817915494559813,1.7973622732357137,1.3156886832332322,0.7996911444957897,0.8511446159594747,6.0817120112876575,1.4991666701130268,1.5583626283863545,1.2870382015001716,0.7700803518051291,2.045946522105522,0.9134574384607528,0.8609770859958789,2.6900698368374227,2.1190681917341796,2.001530969016452,0.889102378834906,1.8114372696305236,0.5852584718523715,0.9419827941501508,2.1477201950129934,1.092372225396512,1.1425760783057428,1.6500528079282386,0.8814257943649648,0.9712356096916894,0.8640961862497609,2.6113929270310976,1.966531522727437,4.2677522077410455
2021-10-30,0.7913223751500301,2.2828397432830516,1.9577626111854602,1.080255709118286,0.7714068631370096,2.391149724522881,0.5188923079684749,1.35556459265284,0.6659591441149757,0.7617189837085722,1.0718231721576885,0.41670433485512814,1.7682624862553964,0.755219001278506,1.4155808062690771,1.5118523519288003,1.3043564819995375,1.9047947331866053,0.47754320798039235,1.108456106626038,0.7939553532439693,0.6006526221316116,1.8844767678159404,1.3812958008607654,0.4939268833650466,0.8435990076619615,5.772948170714592,1.954086211388704,1.577842161241184,1.3017472095173164,0.6372302326340689,2.2176343421423494,0.8420052246475594,0.7532357673718099,2.808170463820529,1.8906502639210887,1.7159589999522362,0.829828886912579,1.6200607577463157,0.4153447219597474,0.8157376774083781,2.4416187480147715,0.8566189703176401,0.911853652592932,1.7124366569992495,0.9295035649666902,0.8072151207208372,0.881167995400592,2.298918559694043,1.7346697274713634,3.818515133241988
2021-11-06,0.5792153467593004,1.7360517808200453,2.2256669685055757,0.9344543250655113,0.7453389802947812,2.719346745535826,0.5553550106905839,1.211792590401781,0.5100963657050878,0.662080925937402,0.9069997493742127,0.26838584278804867,1.8018370904248027,0.7773152729982534,1.411124623248293,1.5340388644309,1.379871857273195,1.5936707990938461,0.443125679477301,1.2869993721228496,0.7195220388773471,0.6035543256201702,2.099759714192363,1.5639318310130872,0.40656566589912,0.8767996841710191,4.687596488700179,1.8455258663115537,1.7304318352706811,1.4488372896887647,0.5989513847373227,2.193788811581679,0.8399490458327913,0.7265388034649609,2.5719692098543163,1.9026272339187789,1.5062025978962192,0.889102378834906,1.5513214391919878,0.6513360412550585,0.6856080955360893,2.2042391475133356,0.7394744957442876,0.7418295033008309,1.8933498193051812,1.0256591061701408,0.7240333013141907,0.8851076436661685,2.1203617783585833,1.969966512286786,3.472948152858098
2021-11-13,0.5975707626777289,1.8180699751894962,2.4880758518293815,0.8946903112329363,0.6711847116270832,2.8912594708283206,0.6423045325663824,1.211792590401781,0.4817576787214718,0.5941035594206223,0.8881627867703868,0.3036997694706866,1.2366645869064639,1.0116935837398586,1.6725540271342925,1.7051919608756698,1.6304456024994218,1.5869558940414843,0.42161472416286894,1.4878605458067626,0.7625279538447288,0.7138190581853936,2.725582232728475,1.8866479231268989,0.3696051508173818,0.9643287404221706,4.3507632080750165,1.948916671146935,1.6525137038513633,1.7283084420145163,0.7002777468169449,2.3893221621791763,0.9540669700524238,0.6779121906346288,2.401379415323163,2.208895466716856,1.6957415154167166,0.7610716362826795,1.6067815712074114,0.6230170829396212,0.675896932709799,2.9615931110179177,0.7511889432016229,0.8152882128327124,1.6781255400101935,1.0737368767718662,0.7263764511566314,0.7695446278759268,2.0645627841912524,2.337510395137154,2.7645358430711227
2021-11-20,0.5425045149224433,1.1345850221107383,2.6295843072343654,1.067001037840761,0.616264997289573,2.9485637125924855,0.7348637010148131,1.5404143098327725,0.6801284876067837,0.6103995034486175,0.8476633171721614,0.24719748677846587,1.3261968646915472,1.1711024011466071,2.144909427337405,1.9365655912547106,1.8535592112625006,1.9294160517119316,0.4581833481974035,1.6812824167616418,0.8551560783898585,0.9430536337815159,3.3113521100782757,1.9611208674608556,0.40656566589912,1.1997517193045786,3.7706614469983477,2.3728189709719976,1.5161569738675573,1.9783615783059783,0.8680291684820973,2.5657790883281377,1.1838449526027652,0.7665842493252343,2.16517816135695,2.6451993737755686,1.584545350471358,0.6946853253296732,2.060617299389962,0.7362929162013705,0.6933770257971213,2.6111756055157973,0.8712620296393092,0.8218408676735844,1.5564770343217222,1.105788723839683,0.6888860536775795,0.6881252303873475,2.2263798672765125,2.667269392834681,2.6608657489559557
2021-11-27,0.5445440055800465,1.0799062258644376,2.8658896890756984,1.1796657436997233,0.5866539070707311,2.7453941281559007,0.9480302707748351,1.7047251695482684,0.7226365180822077,0.5456813257374368,0.7242812121171023,0.26838584278804867,1.275834958437438,1.5041247820656558,2.6588558690678363,1.9967861251889816,1.9633997571150932,2.0435694376020805,0.483996494574722,1.9714152231939606,0.965979013113496,1.0533183663467394,3.4144876611330273,2.1526227243196008,0.47376660241137125,1.4351746981869864,2.8163004852270537,2.24875000516954,1.5843353388594603,2.2872507466660195,1.0008792876531576,2.251018084927288,1.3755836270798956,0.8523959190258202,2.8606596313685766,2.98568752085276,1.6199259484085176,0.7017981443603525,2.4136874356008273,0.9156463188658068,0.6156877231867997,2.645086977016003,0.9971923398056631,0.8928854412114604,1.4878548003436103,1.2500220356448593,0.8306466191452446,0.6067058328987682,2.1482612754422488,2.859628808158238,1.8833400430922025
2021-12-04,0.6975058049002842,0.9158698371255357,3.0692222269391705,1.5342282003735168,0.6428390526141746,2.5977922933088093,1.3463151774317186,2.084694032640352,1.1477168228364476,0.5866539850078245,0.8429540765212049,0.23307191610541067,1.1695153785676513,1.9570983523204755,3.3881844901361644,2.348600823436564,2.385599355235996,2.04133113591796,0.5098096409520405,1.8672649849874872,1.2670204178851676,1.3202750872941222,3.6948561494372054,2.251919983431543,0.5745680071797481,1.8999841693137918,2.6011014448276444,2.5382442587086076,1.6005682829051515,2.824129539291805,1.3588991003344895,2.6325465738980145,1.59353858144532,0.9477422186931379,2.900026507029612,3.3988929857730703,2.16832521643449,0.633040893730453,2.7808178869705324,1.170516943704743,0.7904886540600236,3.0181120635182594,1.1494801567510213,0.9922098935362578,1.6438144230211376,1.8269552828655633,1.0309859306739284,0.6854987982102966,2.3379778556111748,3.2477826283647016,2.004288486226564
2021-12-11,0.6954663142426811,0.7518334483866338,2.9277137715341865,1.6435792384130978,0.700036543122365,2.23312893662776,1.912889481267567,2.50574061066131,1.3460876317217594,0.6481129739134062,0.9635106371856901,0.22600913076888307,1.2030899827370576,2.3934997187854847,3.6926903298897438,2.5799744538156046,2.5194675204938433,1.9294160517119316,0.4603344437288467,2.425212689665023,1.5879107064879385,1.7424729448793854,3.687846937229601,2.124252078859046,0.5947282881334235,2.387430465333136,2.0584256038204383,2.2849367868619237,1.6817330031336075,3.0006376354975433,1.8745376984730115,2.541933557767467,1.7189654891461774,1.1651317819346223,2.466990874758222,3.797554987124757,2.832975020539701,0.7492169378982141,2.976100041954418,1.8218529849598013,0.8740046543661194,3.3685295690203794,1.2871249143747105,1.0229039083171847,1.4629012607152059,1.6506701239925705,1.2887324133424107,0.6408494512004306,3.0968441762868784,3.6582638807069348,1.8487833450538134
2021-12-18,0.7403351087099508,0.7928425455713592,2.5897421207611173,1.7860669546464913,0.6833328512040439,1.7399651590210075,2.190566986612859,3.2964866230421332,2.167909554246623,0.8213155790109544,1.2385302912015468,0.3460764814898522,0.9121100799355367,2.5308122644724858,3.7461645261391525,2.4658723895190913,2.5400626228412047,1.9450841635007756,0.6109111309298713,2.216912213252076,2.0080454142462054,1.7874493489520424,3.014962565299573,1.8299066322057893,0.6048084286102612,2.2923558007844713,1.4034720026048442,1.9954425333228565,1.688226180751884,2.493176858906047,2.0659319379567425,2.0650229465540586,1.834111502773194,1.287175045508789,1.4828189832323355,3.751358102847952,2.6914526287910627,0.5666545827774467,2.8315912472663425,1.9540081237651754,0.9186760033670544,2.5207452815152505,1.2270883711558673,1.0156615003351683,1.3755638720157906,0.993607259102324,1.2887324133424107,0.6329701546692778,2.388196950361773,3.5071243400955687,1.4859380156507285
2021-12-25,1.017705838143982,0.6971546521403331,2.4592246133487534,1.593874221122379,0.8184809039977325,2.144567835719505,2.0671547620149515,2.803554043895646,4.406665825952286,1.6426311580219088,1.8705103865599026,0.7274668896623424,1.0296211945284586,3.068225158799197,3.5604902336064823,2.408821357370835,2.5160350034359498,1.9629905769737401,1.2906573188659254,1.636646600387439,2.6365934022310147,1.9136734507043376,2.812696727308702,1.7447946958241245,0.8332916127519153,2.263682489253922,1.2911942423964566,1.6542528773660985,1.918733986200699,2.2725417386488744,3.019525589972743,1.9791790365356452,2.68279930856875,1.4902626638001757,1.7190202371985484,3.824075420691071,2.8633012473429806,0.6425246524380254,2.685520195338396,1.62362027675174,1.2119531207210188,2.419011167014635,1.4891991330137435,1.4346865335804075,1.366206294655139,1.2660479591787677,1.566395669671639,0.7524728187250957,2.5109547375299015,3.02794329656635,1.3131545254587833
2022-01-01,2.3535722188740587,0.6561455549556077,2.966182089508357,2.525014878368509,1.7300975447521645,3.045807274374099,4.055774472013052,4.652051215694973,8.96919443031446,4.08050438460998,3.943518121110933,1.5467499886995435,1.0631957986978648,4.322188578894856,4.03730181683038,2.532431927025391,3.0412101132936584,2.5807618417910176,2.8588059612880246,1.6664038113035742,4.61321141707798,2.968442668795356,3.393460024510214,1.82636030152322,2.4595542763483955,3.126900078489417,1.5906016029521566,1.954086211388704,2.7985595534771615,2.294605250674592,5.670898731056192,2.045946522105522,4.9574471224060215,2.2797300250455663,2.2701564964530445,5.2544678375580665,3.59113069062169,0.9033280168962645,3.9423561448146844,2.8885337481746074,2.52101786970494,2.419011167014635,2.672358326204604,3.060089810687249,1.5065699550649134,1.34617757684831,2.843412333801846,1.3132160885254724,3.4483778395410645,3.505406845315894,1.1922060823244216
2022-01-08,3.8505583615547856,1.2712820127264899,3.7534087394797737,3.5721339092929827,2.975788023873018,4.17452718791068,5.575988693196368,7.17833068382072,8.572452812543837,6.382422878164491,5.57668277886263,2.5355399358134068,1.7906455557016672,5.023745205996834,4.711670847309037,3.3565023913890975,3.700253388409214,3.254490648711309,4.8227561814956745,1.8672649849874872,5.5709200619285175,3.7838213490802977,3.9842364820083036,2.310434439693937,3.837173474849546,3.9342801663233162,3.218629125973776,2.3676494307302285,4.184852974979189,2.3755047947688883,7.088341951703352,2.537164451655333,6.143862298527247,3.240820725692129,2.2701564964530445,6.145896604529005,4.475645639050678,1.318242460352554,4.890646289416433,3.436033608939729,3.833967083819377,3.2554916640196954,3.5670492507585836,4.256811510572829,2.102335713693068,1.9711885946707395,3.947035909591438,1.951439107548852,3.855710496962582,4.389916656848322,1.5550514117275065
2022-01-15,5.053857849540656,1.6813729845737446,4.657414211872779,4.831327680657856,3.767441786304962,4.204047554880098,5.306725657710024,6.91132553678304,7.849816294461629,6.739071253177185,5.570089841951291,2.6344189305247934,2.104008527949459,4.801993336237941,4.817133845467594,3.7019780860646514,4.35929666352477,3.8543555000556218,5.5713374264379105,1.8523863795294195,4.6446388164772205,4.536813404361231,3.8740917187459476,2.4434218402902883,4.4856625121927705,4.41568997570465,4.668883528665448,2.564091959917453,5.152336440102384,3.1918547397204255,6.102098694128362,2.9568457895231326,5.690988914574561,3.9130121383467182,3.1362277609958245,5.928600148856627,6.628807742083528,1.6478030754406925,5.102332145418965,4.257283400087411,4.9915376927131705,5.0754019345307055,4.007805336340822,4.958635331687284,2.9757096006872206,2.5000440712897185,3.8275352676269594,2.4189440350639204,4.318842148551431,4.597733525188951,2.470803909744816
2022-01-22,5.786034995620194,2.0914639564209994,5.2784027734558165,6.166735811868498,3.7646578376519084,3.611903723317061,4.355890563648873,5.08336722244815,4.5341899173785585,5.98526744228221,4.629183559890192,2.9310559146589523,2.8818201912073707,3.701914665619093,4.57204377932447,3.264586839594684,4.843281568687756,4.5773269440265665,5.113154078240507,1.9416580122778253,3.24033028542695,3.688065133957867,3.5116153160098316,2.556904422132508,4.6402246661709485,4.468509233787242,4.594031688526523,3.2413017315891994,5.035459242973408,3.1256642036432742,4.372795447969476,3.648366175782575,4.261430593607001,3.905384434373333,3.779220063459404,4.613699942681643,8.190608422452426,2.001073087297762,3.994691762350366,3.143404373013543,5.3391973218943605,5.640591459534125,4.176200518540017,5.03450817721317,3.6993622499109473,2.243629294747183,3.6143086319648514,2.52925418650006,5.010749676226337,3.9931753627434854,2.902762635224679
2022-01-29,6.065445215711828,2.132473053605725,5.031106443621863,6.375496884489516,3.2729112710261834,3.6726809494305694,3.074086321802424,4.179657494012923,3.3581344075584947,4.885524019592939,4.337210639530892,2.2954052343714686,3.284715441240246,2.7423051509329244,3.6808071751676525,3.0363827110016577,4.153345640051159,4.922025403381134,4.540962666876614,1.8598256822584533,2.289237935186778,2.768225128084819,2.8377296280501465,2.344124581178346,4.240379093923053,4.21950415996931,4.996360329273245,3.0965546048196657,4.285497228062475,2.368150290760316,2.9834984390110995,3.200070201241971,2.8724818042311124,4.082728551754544,3.9366875661035454,3.899359232105123,8.792078587384138,2.190748261449208,3.1276389942219134,2.3315942346376732,5.280930344936619,4.589338943027765,4.356310148196546,4.5503014721297825,3.534045049872768,2.06734413587419,3.0296927462758854,2.2469127274670835,5.457141629564986,3.2512176179240506,3.472948152858098
2022-02-05,4.570498563688704,1.6950426836353198,4.127100971228858,5.285300171913087,2.464047644193545,2.09768254700337,2.092398171591796,2.7932846151634276,1.8278453104432313,3.7713470464788723,3.509326133092748,1.7233196221127334,2.797883680783855,2.012339031619844,3.043573003195529,2.421499364514892,2.9828573233094686,3.843163991635019,3.6848266453622167,2.001172434110096,1.6243003268449538,1.8570902326774468,2.212908425543692,1.764299514578256,3.319726263705211,3.199337918145543,4.92150848913432,2.7346867878958316,3.214122921046856,2.007779594340268,1.838510547511368,3.1333027156720936,2.073656334693684,3.081592405247708,3.109983177221801,2.7153501980477537,7.139299226605401,2.017669665036013,2.2918313708908826,1.4631461796309284,3.5678812223790253,3.5833015885216786,3.558263415165582,3.5184307729777204,3.0224974874904786,1.5865664298569366,2.3267477935436616,1.859513981352069,4.653636113555417,2.62604951812249,3.3519997097237364
2022-02-12,3.1571315379697076,1.3259608089727906,3.059605147445628,3.8040906566496697,1.8890357042174013,1.427396567580108,1.4024116431580402,1.9409220303892933,1.4736117231480315,2.825251096053555,2.218052346600489,1.3913687112959363,2.2494984793502195,1.5854074958918691,2.2934488613635415,1.828802530530226,2.351274184657061,3.3977419564950258,2.4866664343483493,1.472981940348695,1.1661219250770798,1.3333327529926355,1.8584425510448381,1.438037091781875,2.130269687438364,2.4493044533727435,3.396402246303723,2.1763764417847735,2.3407905313886697,1.5665093538259232,1.3059842223595757,2.184250599357411,1.395117325820193,2.2368241901952732,2.2701564964530445,2.096825247452755,5.286872206038407,1.692850929301661,1.6848944332009657,0.8778877077785571,2.557920288444843,2.6224793960158657,2.728001951626946,2.5713997101864225,2.236460989195741,1.2339961121109506,1.7515045072244582,1.386756189482899,3.8836099940462474,1.8875267628624044,2.470803909744816
2022-02-19,2.0415301482607733,1.1482547211723133,2.3094729469493043,2.670816262421284,1.2760608280632553,1.0384223204536551,0.9199820379116744,1.252870305330655,1.2327328837872955,1.9732060225898098,1.51825918586836,1.1512340098539982,1.4381122119229015,0.9974888376343068,1.4497448760950884,1.2139191840434602,1.7471511824678014,2.363646578431322,1.6348326038968386,1.0415023820647338,0.7790686903706449,0.8734127500561116,1.3407621637117664,0.9858799297542817,1.1390558738826586,1.6705976770693942,2.3765459244108693,1.3544195433434931,1.6525137038513633,0.9119584970629788,0.9096855617814975,1.4450391519766277,0.9751428029037974,1.60563168639763,2.0601998262608556,1.3782070475913457,2.817811907138061,1.3300971587370194,1.2169983898595755,0.5946981246241838,1.6003996337726276,1.6503534130099846,1.9753487024931564,1.695758097503573,1.5284043022397673,1.2500220356448593,1.2945902879485125,1.1070411626269734,3.0019858862024154,1.3070135273323837,1.6932782038810628
2022-02-26,1.3725772125669335,0.8338516427560847,1.50988148048619,1.4745821796246543,0.9133882444427387,0.7258537290127556,0.7769360503095543,0.8729014422385711,0.8501606095084796,1.3525633543235955,1.1273922118389745,0.8192830990372011,0.8001947327041825,0.7741586627525752,0.9209444909620439,0.903308009014063,1.3180865502311114,1.9092713365548464,1.062641192532945,0.6025835210517388,0.6268939143322174,0.6006526221316116,1.0073239258357258,0.7624610967524121,0.8232114722750777,1.2193703008781125,1.6748099231084472,0.9201781630348923,1.0648811293973421,0.7942864329258202,0.7531926247918587,1.0921252996787054,0.7489631332793004,1.126039799071022,1.233495437379111,0.921371191965164,1.4607132576912998,1.1238254068473212,0.9451656301220067,0.5191809024496843,0.9924808408468601,1.3790624410083432,1.2680889372565407,1.1732700930866697,1.0854789738355899,0.7852702531615141,0.9044558391821281,0.8128807587972674,2.5165346369466346,1.0442368260421673,1.036700941151671
2022-03-05,0.909612833291014,0.601466758709307,1.203508805191904,1.2492527679067296,0.7309130645471402,0.4879543010827376,0.5525501874042679,0.7291294399875123,0.9493460139511356,0.9232816287861239,0.8250589620475703,0.593273968268318,0.5539809687952033,0.5681898442220735,0.7204162550267601,0.643408862560894,0.8890219179944215,1.291500071737569,0.7378257672850206,0.5653870074065698,0.4515621071575075,0.4512148924708484,0.7549922863619656,0.5656397438698127,0.44352618098085816,0.8828361708090295,1.2350553622922629,0.6927183923970538,0.7369756596743802,0.4559792485314894,0.584315354659155,0.8298244635113308,0.6322749855412076,0.7398872854183853,0.9579273077518627,0.6724213155846044,0.9653848865710667,0.7990066711129689,0.7608192758172186,0.3115085414698106,0.722510514275992,0.9382146115056762,0.7672963084554588,0.8511553761722226,0.9513536983329164,0.6250110178224296,0.6010179345860515,0.6369098029348541,1.7855678133545965,0.67325795363245,0.8811957999789204
2022-03-12,0.622044650568967,0.5331182634014312,0.9012577353948504,0.9576499998011799,0.51806753570914,0.3750823097290794,0.5693791271221643,0.47239372168205024,0.6801284876067837,0.7025879868069899,0.6103175883639562,0.5720856122587352,0.5483852014336356,0.4292989934122333,0.6090116795071581,0.507120285762281,0.5903929339576853,0.9468016123830012,0.5141118320149269,0.595144218322705,0.3771287927908854,0.3511061221155798,0.5747554010235653,0.4503839966863086,0.2856039801770678,0.6549588002241347,0.7110924813197876,0.5066149436933677,0.5194542094621182,0.4559792485314894,0.42557072073441343,0.6247529006895651,0.4410503557677692,0.4843592023099739,0.6298700105765673,0.49105576990529637,0.6065245360655916,0.5571708240698744,0.47492620092081,0.2454309720671235,0.49721153670605905,0.6556198490039664,0.46418498049690926,0.6287099881531449,0.7049374945024233,0.5288554766189789,0.4323111459303177,0.4438670379216097,1.1550391792637547,0.4740285591901944,0.5183504705758355
2022-03-19,0.41401660349344355,0.5057788652782809,0.6278579040784248,0.6660472316956304,0.4049379858986927,0.26394681055009295,0.41230902308846384,0.47239372168205024,0.32589490031158386,0.5126238392806467,0.39651806281053326,0.42376712019165574,0.2350222291858438,0.3914196704640951,0.5035486813486014,0.33913669110352546,0.5492027292629631,0.7945970978628024,0.3828950045968912,0.3868437419097583,0.3010414047716717,0.3075805697872021,0.4525948454053162,0.38477687905877545,0.21168295001359141,0.42557230797973733,0.7391619213718845,0.4083936790997556,0.4123167787605563,0.43391573650577214,0.3782850850972564,0.48644882343767665,0.42460092524962395,0.34801399378570963,0.57738084302852,0.42432693706102265,0.44478465978143383,0.41965632281007564,0.39681333892725573,0.3303878470134355,0.31269944300654495,0.41824024850253033,0.3646121771095596,0.484896458224532,0.3961374416009193,0.641036941356338,0.37607554971173984,0.31385864515758793,0.786765817759369,0.475746053969869,0.5183504705758355
2022-03-26,0.3079630892980787,0.4784394671551306,0.607249876592262,0.5898328718498617,0.3808947929859578,0.22400749053264465,0.36743185050740657,0.4518548642176133,0.19837080888531192,0.4325409143430706,0.32117021239523,0.24719748677846587,0.18466032293173443,0.33775729628756596,0.3178743888159313,0.2662381500251975,0.41876708106300936,0.5327158008206957,0.3269665207793677,0.5802656128646374,0.22164586944727474,0.3656146395583723,0.40152772789276947,0.3599525642807899,0.1411219666757276,0.3938807531301824,0.49589344092037824,0.31534195474791255,0.39283724590572683,0.2500531362914619,0.3208668132521371,0.41968133786779943,0.4127778970647071,0.2955735289686849,0.2755681296272482,0.32166719422367845,0.2704088556625763,0.2963674596116353,0.2944854897156996,0.2548706248389359,0.24083683809199735,0.3391137150020516,0.24161047880753952,0.4748950376779378,0.33063440007635786,0.5288554766189789,0.26477593219580436,0.26526964988214546,0.6974874270916392,0.3658263880706935,0.2937319333263068
2022-04-02,0.26513378548841215,0.5741273605861567,0.42864697171218497,0.4871091694490431,0.2429627915392156,0.21532502965928635,0.4151138463747799,0.4415854354853948,0.3117255568197759,0.41112338790627706,0.2759615021460481,0.3743276228359626,0.1119153472313542,0.33696814372614636,0.2822249246496586,0.2852551607412831,0.36041429107881956,0.44542203513999346,0.27964241908761717,0.46867607192913024,0.241494753278374,0.3598112325812553,0.35446587449885386,0.2854796199468334,0.10080140476837686,0.31842467015505166,0.2432684804515063,0.2843247132972982,0.36686453543262093,0.34566168840290323,0.35576811574622924,0.3099918972887155,0.4636683227302189,0.25457462011173826,0.2755681296272482,0.26434883780616125,0.3285341237021955,0.20627175188969818,0.27495727421731103,0.30206888869799814,0.1709164657427078,0.24868339100150452,0.1625379584705266,0.34073805172534677,0.2464162038304931,0.496803629551162,0.27297695664434696,0.23506567984605958,0.6528482317577744,0.29884409166338344,0.24189688626872324
2022-04-09,0.2406598975971741,0.45110006903198024,0.65258753706182,0.513618512004093,0.2475183438805759,0.19101413921388305,0.5329164244000553,0.5032020078787057,0.39674161777062383,0.3999490262870804,0.23828757693839647,0.3036997694706866,0.15108571876232818,0.3756366192357042,0.21983836235868143,0.25039064109512627,0.3913069445998612,0.3693197778798941,0.2409226995216394,0.5281904937614007,0.2861547418983473,0.4221978575852633,0.3815014072996139,0.30675760404224955,0.06048084286102612,0.25655068211544446,0.26198144048623756,0.1602557474948408,0.2597271047310591,0.48539726456577903,0.3917952667078727,0.22414798727030197,0.5860109622089241,0.2326449711882552,0.18371208641816547,0.28060329708874077,0.2249195154576569,0.2608033644582391,0.26089695905847127,0.2737499303825608,0.1398407446985791,0.2938985530017781,0.140573369488023,0.3017669992506867,0.24017781892339202,0.8012961766954225,0.1968245867650227,0.2560771372624671,0.36827336150438555,0.29369160732435956,0.25917523528791775
2022-04-16,0.2121070283907297,0.4100909718472548,0.3517103357638441,0.4572861590746119,0.2298023069975081,0.22400749053264465,0.6198659462758538,0.34916057689542845,0.36840293078700787,0.47863515602225687,0.25995008393279617,0.367264837499435,0.14548995140076046,0.3298657706733705,0.25103164350417,0.259899146453169,0.25400626228412043,0.3290303475657238,0.23446941292730977,0.5356297964904345,0.26961400537243124,0.5861441046888191,0.4385764209901073,0.326262422796381,0.09072126429153918,0.24145946552041833,0.2432684804515063,0.21712069015430044,0.30842593686813263,0.6251328407286548,0.47398220483912185,0.26706994227950875,0.7078395569839373,0.2622023240851237,0.18371208641816547,0.298568752085276,0.21481077318989703,0.30110933896542147,0.31870047693370146,0.3398274997852479,0.13789851213332105,0.23737960050143614,0.17718101779219564,0.27831539245177617,0.205866701934336,0.673088788424155,0.20854033597722646,0.27840181076740017,0.4463919533386491,0.3469339454942727,0.17278349019194517
2022-04-23,0.22434397233634873,0.5194485643398561,0.35720580976015415,0.4009538061451307,0.25890722473397665,0.3281970210129445,0.7068154681516523,0.5134714366109242,0.4959270222132798,0.5303165785110414,0.2354620325478226,0.48733218822040414,0.24621376390897923,0.43640136646500927,0.32084517749645397,0.3137806768154114,0.23684367699465284,0.34246015767044724,0.23662050845875296,0.7811267865485504,0.3093117730346297,0.7457377965595372,0.5316988117482808,0.4361986739560311,0.0974413579427643,0.32597027845256477,0.27133792050360317,0.26364655233022194,0.2759600487767503,0.647196352754372,0.5449106582948574,0.29091547284017916,0.9263085560530537,0.27173695405185544,0.4199133403843782,0.350754121360926,0.14910394844945793,0.34615719282639007,0.392907695827578,0.405905069187935,0.19228102396054628,0.4521516200027355,0.1464305932166906,0.28210903472807053,0.22770104910918984,1.314125729780493,0.3198399534931619,0.3480022634592502,0.390592959171318,0.43967866359670205,0.13822679215355613
2022-04-30,0.26513378548841215,0.5604576615245815,0.3681967577527743,0.24852508645359342,0.2950985572236723,0.31083209926622785,1.0293701460780016,0.67778229632642,0.9635153574429436,0.6727896891557988,0.3032750979215955,0.6215251096144284,0.2909799028015209,0.5871295056961426,0.3668924020445562,0.383509716107725,0.2780338816893751,0.26635790041034785,0.4173125330999825,0.9894272629614972,0.4350213706315915,0.9212908576173271,0.675888320019001,0.5425885944331119,0.11088154524521454,0.2610780470939523,0.3368332806251626,0.20161206942899326,0.29868617044071794,0.6619053607715168,0.6102098694128362,0.25753173005524055,1.088746682419738,0.3470605307890364,0.36742417283633094,0.7451386334277232,0.17437580411885759,0.4101725641025033,0.5053902170982961,0.5380602079933092,0.22918344270044907,0.24868339100150452,0.22403880762153663,0.25865742792916,0.24329701137694257,1.9711885946707395,0.26946223188068585,0.4491199022757116,0.6193688352573756,0.5856657198690445,0.13822679215355613
2022-05-07,0.22230448167874556,0.6424758558940326,0.46299368418912284,0.3313667819381246,0.3603948074498365,0.4792718402093793,1.0349797926506337,1.252870305330655,0.9068379834757117,0.8036228397805597,0.29479846474987387,0.769843601681508,0.2965756701630886,0.6534183208553845,0.4263081756550106,0.4912727768322097,0.20595102347361116,0.3312686492498444,0.4065570554427665,0.9671093547743957,0.5408820843974541,1.153427136702008,0.8110659840228012,0.6738028296881782,0.1411219666757276,0.3229520351335595,0.5146064009551096,0.2481379316049148,0.490234910179874,0.8237044489601099,0.8083591997018753,0.22414798727030197,1.5390498428539638,0.4023613845960807,0.4199133403843782,0.5440966370379242,0.18448454638661746,0.5263486082702643,0.6272462818082408,0.641896388483246,0.3068727453107708,0.2599871815015729,0.21525297202853522,0.2979733569743923,0.3618263246118633,1.634644200458662,0.44871319482740296,0.5594300537118513,0.6528482317577744,0.7196303126836646,0.34556698038389033
2022-05-14,0.3569108650805548,0.6561455549556077,0.5495473996310064,0.4374041521583244,0.42872809257024086,0.4792718402093793,1.2144884829748628,1.3452951639206214,0.9493460139511356,0.9572703120445137,0.3343560862179081,1.0382294444695566,0.2685968333552501,0.838869172788978,0.5763330040214081,0.6402393607748798,0.39473946165775475,0.4834731637700432,0.4151614375685393,1.1382133175421734,0.6566672400788662,1.2869054971756995,1.0293528784881971,0.7695537581175509,0.22176309049042908,0.43009967295824514,0.5239628809724751,0.3463591961985269,0.558413275171777,1.059048577234427,1.0188928631339793,0.39583580730712903,1.4316144997823277,0.5091492402234765,0.5248916754804728,0.6732768134415823,0.24008262885929668,0.5927349192232706,0.8584603533091615,0.9628445827248691,0.316583908137061,0.5086705725030775,0.3338617525340546,0.31073379008556423,0.37742228687961604,1.169892417975317,0.5190076901006254,0.7603521152562486,0.876044208427099,0.8845098115324279,0.3974020274414739
2022-05-21,0.35283188376534846,0.6151364577708822,0.5605383476236265,0.29160276810554964,0.5669131802581697,0.6077722611350824,1.3014380048506613,1.550683738564991,1.4169343491807995,1.1593400179916533,0.4398430767993326,1.3772431406228811,0.386107947948172,0.9635552774932664,0.5837599757227149,0.6402393607748798,0.40846952988932883,0.6602989968155683,0.6603863281530651,1.2051670421034777,0.974249381376454,1.410227895439436,1.0954397364456105,0.835160875745084,0.3024042143051306,0.5342290674639255,0.7672313614239814,0.4290718400668318,0.639577995400233,1.2723291934830268,1.0886954681221634,0.5389089906711516,1.4439515726709367,0.5806589649739649,0.4986470917064491,0.8400988955522666,0.22744670102459685,0.7492169378982141,1.0178105917760123,0.745732568973183,0.6079187929257674,0.35041750550212003,0.43489886185357113,0.3797091042000069,0.5021899850216378,1.0577109532379578,0.7099744022595462,0.7301481452201627,0.9318432025944301,0.8140925255657686,0.27645358430711225
2022-05-28,0.42829303809666575,0.861191040879235,0.6443443260673549,0.32142577847998083,0.6605550894972424,1.328416513623823,1.2761945952738165,1.4171811650461508,1.3744263187053753,1.451270215293166,0.4803425463975581,1.3913687112959363,0.49242752781795845,1.007747820932761,0.7040769172838851,0.6560868697049511,0.49771497339456033,0.8035503045992847,0.8238695885427489,0.87783772202599,0.9428219819772135,1.2738478314771862,1.0093265578950414,0.8138828916496679,0.2385633246184919,0.618739880396072,1.1134211220665096,0.5066149436933677,0.8084006134754214,1.095821097277289,1.1798891939938236,0.562754521231822,1.2928224297854773,0.6979349135647656,0.6561145943505909,0.8666193291185805,0.30831663916667573,0.8369417059432581,1.1185761837476973,0.7551722217449953,0.5477095834027682,0.6217084775037613,0.4510062271074071,0.4624794811373381,0.645672837884963,0.9775813355684155,0.7041165276534443,0.7708578439644523,1.0546009897625586,0.8020700621080463,0.466515423518252
2022-06-04,0.6607949730634272,0.943209235248686,0.8160778884520444,0.4639134947133744,0.7460982390183413,0.9012394386545937,1.1275389610990643,1.5198754523683355,1.4027650056889913,1.632387993204312,0.6253871584470169,1.4973104913438504,0.5539809687952033,1.0377356182667037,0.8214230701645326,0.6972903929231364,0.5217425927998149,0.8617461483864195,0.8884024544860453,0.8480805111098547,0.8931997723994655,1.0721794390223696,0.9242146953741303,0.8404803717689381,0.43008599367840794,0.7787067763033491,1.132134082101241,0.7392442545729753,1.0421550077333745,0.8310589529686823,1.1596239215778992,0.7487496596050512,1.129870258715101,0.7894673612453905,0.6429923024635791,0.9042612348256067,0.35633316493853506,0.8274579472356858,0.994376733177946,0.5852584718523715,0.627341118578348,0.553885734503351,0.5417931949017553,0.6004301093662234,0.6113617208959069,0.817322100229331,0.7697247232417852,0.7826767887611816,1.2498974693482177,0.8587473898373087,0.6220205646910026
2022-06-11,0.6669134450362367,0.943209235248686,0.9369783163708658,0.6196558822242929,0.8650487723760822,1.2329094440168815,1.0518087323685301,1.1501760180084701,1.4594423796562235,1.9005726720650316,0.6979094644717462,1.7021312661031507,0.7162582222806669,1.0038020581256633,0.7367555927696351,0.643408862560894,0.5629327974945372,0.9579931208036041,1.0970587210360365,0.6844158510711108,0.7476412909714044,0.9430536337815159,0.8511186252091123,0.8227487183560913,0.5476876325748476,0.8586902242569877,1.5251062428305973,0.625514369254056,1.2012378593811481,0.8825404810286891,1.0312771962770442,0.734442341268649,0.9550950594598079,0.7465615263950977,0.944805015864851,0.8708968184034699,0.41445843297815427,0.8250870075587927,0.9623504597605886,0.48142229136243453,0.7535862353201207,0.7460501730045136,0.6735807287967769,0.7190676496430648,0.8141092303766924,0.6570628648902465,0.8353329188301262,0.7065102556267042,1.3559155582661468,0.8587473898373087,0.7948040548829478
2022-06-18,0.8627045481661411,0.8885304390023854,0.9630818178533387,0.7124385811669678,0.8630240824465888,1.0036924769602218,0.8751048653306172,1.232331447866218,1.6294745015579193,2.03978659390419,0.7600714410643713,1.6103150567282918,0.7778116632579117,0.9461939211420364,0.7679488739151237,0.7480024214993645,0.7242610992155326,1.0945295235349588,1.2347288350484018,0.7364909701743475,0.7476412909714044,0.8850195640103456,0.7680093947475166,0.7269977899267186,0.782890910367727,0.955274010465155,1.5157497628132317,0.7806005765071278,1.2629230467547747,0.7648684168915306,0.9862432575749899,0.844131781847733,0.9478984336081193,0.7503753783817904,0.9054381402038155,0.8195669469847977,0.6747585463729707,0.891473318511799,0.8412755236705796,0.44366368027518477,0.7710663284074432,0.8025691255048555,0.701402541507948,0.8308076585084619,0.9264001587045121,0.641036941356338,0.8657938667818559,0.7905560852923345,1.0713406880127578,0.8020700621080463,1.002144243113282
2022-06-25,1.1421147682577755,1.5036668967732676,1.0963470622638578,0.8449852939422177,1.0125980509879184,1.02279389088161,1.049003909082214,1.0474817306862854,1.5302890971152634,2.1487366196913573,0.9004068124628736,2.0552705329295304,1.0352169618900264,1.0290549400910887,0.8689556890528962,0.8018839518616069,0.7345586503892132,1.0654316016413914,1.3960609999066425,0.42404025555492736,0.870042741263183,0.8618059361018776,0.7289580695908633,0.7589147660698428,1.0382544691142817,1.072985499906359,1.6467404830563503,0.8529741398918946,1.5323899179132485,0.7795774249086754,0.9918724999127467,1.1922765280335212,0.9885079651997905,0.7360734334316926,0.7610929294466855,0.9461806298175223,0.7480469278142297,1.0787775529863526,0.8069058643934157,0.34926715255706037,0.9264449336280866,0.9269108210056077,0.9342271847224861,1.018420512899746,0.9264001587045121,0.5609073236867957,0.7779257476903279,0.9048058849940506,1.2387376705147513,0.8450074315999118,0.9848658940940875
2022-07-02,1.3011950395508227,1.1755941192954638,1.0798606402749276,1.0338643596469486,1.105480701503431,1.1235104370125666,1.0125412063601051,1.0782900168829408,1.8136759669514233,2.257686645478525,1.0228470693877414,1.8080730461510646,1.2646434237143025,1.0921871450046525,1.0085827570374641,0.8050534536476212,0.9542397420943984,1.1437721605856115,1.6047172664566338,0.6844158510711108,0.8766590358735494,0.8893721192431835,0.7129370131163388,0.7145856325377258,1.0718549373704074,1.0971314464584008,1.8432265634210285,0.9253477032766614,1.5713489836229073,0.5883603206857928,1.0740594380439958,1.0968944057908394,1.090288816530814,0.8609770859958789,0.72172605378565,0.9205156941081862,0.937585845334727,1.1854698384465412,0.8717395398480657,0.34926715255706037,0.852640096148281,1.0286449355062233,0.9503345499763222,1.1877549090507027,1.1478628229066008,0.7692443296276057,0.8341613439089058,0.9849120663941043,1.4396140495171434,0.7969175777690224,1.0712576391900601
2022-07-09,1.4276434603222192,1.1755941192954638,1.0894777197684702,1.3122124564749733,1.257079359974254,1.2276999674928664,1.1219293145264322,1.0782900168829408,1.7428292494923834,2.4052813385320806,1.1829612515202608,1.575001130045654,1.2198772848217607,1.141903756374084,1.0457176155439982,0.877951994725949,1.0194575661943752,1.3720789323659095,1.9080217363901262,0.5802656128646374,0.9411679083246219,0.9314468198272818,0.7810265031330678,0.7553684353872735,1.3675390580243127,1.3642459801903635,1.8432265634210285,0.9460258642437377,1.6005682829051515,0.6986778808143789,1.1359811037593206,0.9442830102025488,1.223426394787052,0.8333266590923567,1.0366610590739336,1.0248864326594862,1.1650325463593239,1.1902117178003275,0.9154827425644562,0.490861944134247,1.075996841152956,1.0060373545060866,1.0630861067531738,1.4902116614425338,1.2008890946169601,0.5128295530850704,0.900941114418467,1.0269349812269195,1.7241889197705322,0.929164675803968,1.1403710352668381
2022-07-16,1.7274485869898852,1.366969906157516,1.2694544931476248,1.6170698958580478,1.3236410414063517,1.1235104370125666,1.1051003748085357,1.4582588799750247,2.125401523771199,2.490020247477655,1.3995863214642574,1.5679383447091262,1.3261968646915472,1.294999353289476,1.0724547136687026,1.049105091170719,1.2563012431890281,1.672011358038066,2.155397722506095,0.595144218322705,0.9477842029349883,1.0649251803009734,0.8651370496243213,0.8457998677927921,1.4717005096183022,1.4336655765274837,1.6373840030389848,0.8788218411007399,1.5875819276685985,0.7942864329258202,1.3059842223595757,1.0492033446694986,1.3200667990811554,0.9896945905467578,1.076027934734969,1.2430383861888425,1.223157814398943,1.1830988987696482,1.0076559197168502,0.5003015969060595,1.1362060506759553,1.0738600975064967,1.2256240652237005,1.487107772307384,1.063644626660736,0.3685962412798944,0.9735787595341302,1.0834032730335148,1.9083256005227252,1.0253443834657465,1.1922060823244216
2022-07-23,1.8151466852668217,1.4626577995885421,1.291436389132865,1.646892906232479,1.3180731441002447,1.028003367405625,1.1051003748085357,1.5198754523683355,1.8986920279022712,2.555204023589636,1.615269543278063,1.6173778420648195,1.3765587709456566,1.3241979980619991,1.2432750627987592,1.1822241661833177,1.3524117208100468,1.672011358038066,2.254348116952483,0.6620979428840094,1.0255256646067936,1.0953930669308376,0.9312239075817347,0.8280682143799453,1.555701680258616,1.6238149056248132,1.8245136033862974,1.0132298873867354,1.3375945893649541,0.8898949850372615,1.3611507972695922,1.130278148575778,1.3858645211537364,1.1384348180277732,1.0497833509609455,1.4338144082949071,1.5365288246994988,1.0692937942787804,1.1076403830685997,0.4153447219597474,1.4197720052036296,1.107771469006702,1.2226954533593666,1.5753961743738705,1.160339592720803,0.6570628648902465,1.022784906225386,1.0571389512630054,2.103622080108384,1.1301115650258982,1.2958761764395887
2022-07-30,1.737646040277901,1.5856850911427185,1.0317752428072144,1.5044051899990856,1.2292398734437189,0.8751920560345187,1.250951185696972,1.6123003109583018,2.0262161193285433,2.5128345691168485,1.637873898402654,1.3772431406228811,1.3206010973299795,1.2555417252184986,1.4155808062690771,1.1980716751133889,1.2322736237837735,1.8398839843471086,1.946741455956104,0.595144218322705,1.040412327480118,1.006891110529803,0.9752818128866769,0.8919021666661938,1.441460088187789,1.3793371967853898,1.5906016029521566,1.2148419568157287,1.1363060831983833,0.6177783367200824,1.3465147671914246,0.958590328538951,1.3437128554509892,1.206130690791569,1.076027934734969,1.401305489729748,1.5062025978962192,1.1665023210313967,1.1232629554673106,0.5474998607651216,1.4294831680299198,1.571226879509506,1.2095166999698646,1.520905676223461,1.1041941285568933,0.673088788424155,1.0755057776803028,0.9100587493481525,2.187320571359381,1.1077841328901281,1.3477112234971724
2022-08-06,1.6499479420009648,1.2439426146033394,1.0097933468219742,1.4348181657920793,1.1568572084643276,0.8960299621305786,1.2285125994064432,1.550683738564991,2.167909554246623,2.4262332665680746,1.4834108050512824,1.4831849206707952,1.0296211945284586,1.3344569813604532,1.4304347496716907,1.4167672983483726,1.0984054585259262,1.8219775708741441,1.886510781075694,0.7439302729033813,1.045374548437893,0.9619147064571462,1.074412099822797,0.929138638833172,1.2331371849998103,1.3174632087457825,1.4689673627264035,1.1062816117385785,0.9057982777495686,0.9046039930544064,1.2992291315542674,0.9061301613054761,1.2655780604897993,1.1565506149645637,1.3253514805881936,1.455201854719354,1.5491647525341985,0.9957946642950947,1.129511984426795,0.726853263429558,1.5071724706402414,1.514707927009164,1.2549101838670387,1.4715883266316343,0.9700688530542196,0.5769332472207043,1.076677352601523,0.8246997035939967,2.3100783585275093,1.2005288509925576,1.0885359882092547
2022-08-13,1.6336320167401395,1.5173365958348428,1.0262797688109044,1.3983678197788856,1.0374005026242132,0.7901039394756071,1.2004643665432824,1.6225697396905205,2.139570867263007,2.2358035206409315,1.462690146187074,1.4902477060073227,0.8505566389582919,1.279216302061085,1.4452886930743043,1.1758851626112892,1.143028180278542,1.9227011466595698,1.7789560045035337,0.8183233001937195,1.0139471490386525,0.9459553372700744,1.1034502646828728,1.0107042445322674,1.0113740945093812,1.2118246925805995,1.7590182432647379,1.0907729910132713,0.7402222484835184,0.7060323848229513,1.2654536775277268,1.011050495772426,1.223940439490744,1.201363375808203,1.3384737724752056,1.4363809018658407,1.4556588865574198,0.8630220423890821,1.1529458430248611,0.8684480550067447,1.3595627956806302,1.7746951085107368,1.1802305813265264,1.3495020206490709,0.9482345058793659,0.7211665590258803,1.1715749212203732,0.7944957335579108,2.0255034882741203,1.2142688092299545,1.1403710352668381
2022-08-20,1.4806702174199016,1.2302729155417644,0.8545462064262149,1.2890167817393046,0.9958943590695973,0.6372926281045007,1.2397318925517076,1.7252640270127053,2.012046775836735,1.9890363682170051,1.4118303471567444,1.1794851512001086,0.8953227778508336,1.2018793510419694,1.3621066100196682,1.1663766572532464,0.9370771568049309,1.683202866458669,1.5272778273246783,0.8183233001937195,0.94943827658758,0.960463854712867,1.147508169987815,1.0851771888662238,1.0483346095911192,1.2163520575591074,1.506393282795866,1.1838247153651142,0.6006189296905741,0.772222920900103,1.215916344955467,0.7964407207263922,1.1941258466766058,1.0326004253970507,1.1022725185089928,1.3482646225971202,1.4126967319194406,0.8013776107898619,1.1787230874827341,0.81181013837587,1.2993535861576309,1.3903662315084115,1.155337380479689,1.1263668794888488,0.8203476152837935,0.5929591707546127,1.0848783770500656,0.7012573912726023,2.192900470776114,1.037366846923469,0.9157524980173094
2022-08-27,1.4561963295286635,1.2166032164801892,0.6704478275498278,1.1266470585896236,0.9642585789212619,0.6320831515804857,1.2172933062611788,1.4582588799750247,1.9553694018695031,1.7320260509754821,1.4231325247190398,1.1936107218731637,0.9400889167433752,1.145060366619762,1.3710189760612363,1.172715660825275,0.9679698103259725,1.7884030456123357,1.5423354960447808,0.9075949329421252,0.8981619933572402,1.0155962209954787,1.0854265761490327,0.9096338200790406,0.8870523619617163,1.0020567819097361,1.3099072024311877,0.982212645936121,0.5649064527900535,1.022276057191565,1.1765116485911695,0.6581366434745036,1.1319264375298692,0.985880738560065,1.1416393941700282,1.4167044511553497,1.2181034432650633,0.7824100933747172,1.1021724827290509,0.8306894439194948,1.2935268884618567,1.785998899010805,1.1773019694621927,1.046010638545523,0.6238384907101091,0.817322100229331,0.9829513589038932,0.6513551799086343,2.047823085941053,1.040801836482818,0.6392989137101971
2022-09-03,1.3990905911157747,1.0388971286797122,0.604502139594107,1.1365880620477673,0.861252478758282,0.5921438315630374,1.1275389610990643,1.4377200225105877,1.5161197536234554,1.5890873419299247,1.099136767933236,1.137108439180943,0.8057905000657503,1.0795607040219397,1.2120817816532705,1.0681221018868043,0.8684268156470605,1.8063094590853002,1.3767011401236537,0.8332019056517871,0.8683886676105914,0.9474061890143537,1.124477901305686,0.9007679933726171,0.9273729238690671,1.1348594879459661,1.2163424022575315,1.0080603471449663,0.44153607804280043,0.8604769690029719,1.084192074251958,0.7201350229322467,1.048137150828067,0.931533347749694,1.01041647529991,1.247315875473732,1.1776684741940238,0.7563297569288934,1.0912366820499533,0.745732568973183,1.077939073718214,1.4129738125085485,1.1597302982761897,1.019800019182035,0.6487920303385135,0.6570628648902465,0.9899808084312154,0.6355965868463287,1.7186090203537991,1.0562592894998897,0.501072121556641
2022-09-10,1.078890557872077,0.943209235248686,0.48497558017436315,0.9675910032593237,0.8136722654151856,0.5678329411176342,1.1387582542443286,1.1090983030795962,1.5019504101316474,1.3702560935539903,0.9757546628781768,1.1229828685078878,0.7386412917269377,1.077193246337681,0.8867804211360325,1.0808001090308614,0.7791813721418289,1.4548960946783707,1.1572893959164463,0.8555198138388885,0.8204205316854349,0.960463854712867,1.0854265761490327,0.7589147660698428,0.7627306294140516,1.0624216482898405,1.1508470421359722,0.7495833350565134,0.45776902208849163,0.6839688727972341,0.9783623183021304,0.6056764762410287,0.9859377416813302,0.9811134235766992,0.8791935564297918,1.2738363090400457,1.157450989658504,0.6875725062989939,1.0240596207354966,0.6890946523423083,0.9691740500637636,1.107771469006702,1.000120951669997,0.9339257531095537,0.508428369928739,0.6891147119580634,0.9067989890245689,0.5673093502430041,1.8190472098549952,0.9119897280072218,0.3282886313646958
2022-09-17,0.8708625107965537,0.6698152540171828,0.4382640512057276,1.1133923873120986,0.7073760441167788,0.5383125741482159,1.2060740131159147,0.9858651582929744,1.3177489447381434,1.2436133285364281,0.8551981022136916,0.7204041043258148,0.7050666875575314,0.9493505313877145,0.7768612399566919,0.8462569768658065,0.8649942985891669,1.213159512793349,1.0217703774355242,0.8108839974646856,0.7856849849810112,1.0779828459994867,1.0734107837931393,0.8528925291579308,0.5241673047955596,1.0050750252287413,1.104064642049144,0.7289051740894372,0.3376452361503768,0.808995440942965,0.901804622508638,0.4149122317556654,1.0044433510142436,0.8352335850857031,0.9054381402038155,1.2387608969039532,0.9325314742008471,0.5951058589001638,0.9756296462994929,0.8495687494631198,0.7555284678853788,0.9608221925058129,0.7907252033701293,0.8701235875536942,0.5520970642784466,0.7211665590258803,0.8236171696179224,0.5528639732692239,1.7465085174374648,0.9497746131600634,0.6392989137101971
2022-09-24,0.6240841412265701,0.5194485643398561,0.41490828672140984,0.9013176468716988,0.5765304574232637,0.43759602801725933,1.427655052734885,1.1809843042051256,1.2327328837872955,1.0708763218396797,0.6715377168263901,0.8969737377390047,0.7610243611732086,0.8664895124386621,0.662485875756567,0.7448329197133502,0.7723163380260419,1.1034827302714412,0.927122174052023,0.9299128411292267,0.7873390586336029,1.182444171587593,1.0193397181916193,0.7642342620936968,0.46032641510892097,0.9854564436552073,1.2818377623790909,0.5583103461110582,0.37335771305089743,0.6839688727972341,1.0414098324850065,0.6247529006895651,1.1391230633815577,0.8438147520557616,0.9054381402038155,1.1018812397874942,0.7758459690505692,0.633040893730453,0.9748485176795574,0.641896388483246,0.5807275370121548,1.1190752595067703,0.6311158567639366,0.7125149948021928,0.4709980604861324,0.8333480237632395,0.6853713289139184,0.6172115616069721,1.3001165640988157,0.9308821705836426,0.6392989137101971
2022-10-01,0.611847197280951,0.5877970596477319,0.3791877057453944,0.7323205880832553,0.5474255396867952,0.4792718402093793,1.3799730568675115,1.2836785915273106,1.4594423796562235,0.8194531854077549,0.5641670299845829,0.8757853817294219,0.654704781303422,0.7141830680846897,0.5614790606187945,0.7226464072112504,0.5903929339576853,0.8393631315452138,0.7593367225994527,1.0415023820647338,0.6715539029521906,1.2578884622901143,1.0003147136281214,0.7837390808478283,0.3897654317710572,0.8843452924685321,1.178916482188069,0.6410229899793632,0.4545224332793534,0.934022009088696,1.1607497700454505,0.5198325662226152,1.1874432655286093,0.7303526554516536,0.8529489726557682,0.9119607155384075,0.649486690703571,0.6259280746997739,1.01468607729627,0.8495687494631198,0.5477095834027682,0.8703918685052658,0.5579005601555913,0.548008870639247,0.47411725293968293,0.7852702531615141,0.6256210079316793,0.5331657319413419,1.0880803862629573,0.8243974942438164,0.8293607529213368
2022-10-08,0.5302675709768243,0.45110006903198024,0.40254347022971215,0.5931465396692429,0.5094626035087927,0.4115486453971844,1.4697274020296263,1.1399065892762517,0.8784992964920957,0.6625465243382018,0.4935284202202362,0.7627808163449804,0.6099386424108804,0.7544298487170865,0.5288003851330445,0.643408862560894,0.5595002804366437,0.7699757793374762,0.7356746717535774,1.2200456475615453,0.6318561352899922,1.2883563489199787,1.002317345687437,0.8209755530148066,0.299044167479518,0.7545608297513072,0.8982220816671003,0.6410229899793632,0.4058236011422798,0.9707945291315581,1.2519434959171105,0.3815284889707268,1.288710072155941,0.635959818781009,0.86607126454278,0.8272664276975985,0.49785555668717313,0.5547998843929813,1.084987653090469,0.9156463188658068,0.5263450251849296,1.0399487260062916,0.4744351220220776,0.5080031884528703,0.4023758265080204,0.7371924825597888,0.6924007784412406,0.5108410584364088,1.0546009897625586,0.9617970766177857,0.7602473568445588
2022-10-15,0.4935567391399672,0.4784394671551306,0.3627012837564642,0.43409048433894315,0.4965552052082719,0.44454199671594596,1.393997173299092,1.1399065892762517,0.9493460139511356,0.6197114714646147,0.5001213571315752,0.7910319576910907,0.6658963160265575,0.8262427318062653,0.5733622153408854,0.630730855416837,0.5903929339576853,0.7543076675486322,0.6625374236845083,1.1010168038970043,0.6583213137314579,1.3144716803170051,0.9963094495094903,0.7199051285615798,0.3292845889100311,0.7983253578768831,0.9730739218060253,0.4239022998250628,0.42530313399710923,1.022276057191565,1.3217461009052947,0.5293707784468834,1.3087578155999307,0.5129630922101692,0.6692368862376028,0.9513136169593894,0.45994777318307367,0.6946853253296732,1.030308649694981,0.9911635410403065,0.45254018770512405,0.7686577540046503,0.4407560855822388,0.4162660206806615,0.4616404831254807,0.9295035649666902,0.5893021853738478,0.430734877036355,0.9151035043442307,1.0064519408893258,0.466515423518252
2022-10-22,0.4894777578247609,0.2733939812315032,0.47398463218174297,0.4142084774226557,0.4661848562658699,0.5556774958949325,1.3771682335811954,0.7599377261841678,1.1052087923610237,0.5726860329838287,0.4916447239598536,0.8969737377390047,0.637917479218719,0.8688569701229207,0.6223802285695103,0.6148833464867657,0.6727733433471298,0.734162952391547,0.47969430351183556,1.1233347120841057,0.7095975969617976,1.2869054971756995,1.0263489303992237,0.8635315212056389,0.25200351192094217,0.7937979928983753,1.1414905621186064,0.5221235644186749,0.5064678542255652,1.2134931614144475,1.275586313735689,0.734442341268649,1.3555358836359062,0.538706593120345,0.7479706375596736,1.0069209776629509,0.578725494829252,0.47418793537861653,0.9951578617978815,0.6985343051141207,0.4272911643567695,0.7347463825044451,0.5007926288010819,0.3986773155814786,0.4429253284041775,1.3782294239161268,0.5307234393128291,0.3480022634592502,0.9095236049274976,0.9480571183803888,0.7256906588061698
2022-10-29,0.5078331737431894,0.45110006903198024,0.4959665281669833,0.43409048433894315,0.4606169589597629,0.661603518549904,1.2818042418464488,0.8831708709707896,1.0910394488692154,0.6779112715645973,0.5312023454278878,0.9181620937485875,0.559576736156771,0.9091037507553177,0.7025915229436238,0.6275613536308228,0.8272366109523382,0.7050650304979796,0.5549826471123479,0.8108839974646856,0.6765161239099655,1.0852371047208829,1.0633976234965616,0.8777168439359163,0.22176309049042908,0.8179439394504171,0.9450044817539284,0.5841580473199036,0.5519200975535006,0.9487310171058408,1.2541951928522133,0.6533675373623696,1.3354881401919165,0.5406135191136914,0.9710495996388746,1.0727943126502468,0.5989429793647717,0.5690255224543398,1.016248334536141,0.81181013837587,0.48361590874925275,0.7912653350047871,0.4920067932080805,0.3769500916354292,0.5552162567319971,0.5929591707546127,0.586959035531407,0.43204809312488046,0.8090854154263015,1.0648467633982628,0.5529071686142245
2022-11-05,0.467043360591126,0.32807277747780383,0.7199070935166183,0.48379550162966184,0.5059193961321792,0.9168678682266386,1.2313174226927592,0.8523625847741342,1.4169343491807995,0.6592873355326029,0.5010632052617665,0.7204041043258148,0.48123599309482307,0.9895973120201114,0.7471533531514646,0.7131379018532077,0.6727733433471298,0.9244185955417955,0.7098615253762589,0.7439302729033813,0.7129057442669807,0.9996368518084069,0.9602620724418103,0.7979244035781058,0.22512313731604167,0.8194530611099197,0.9450044817539284,0.7754310362653587,0.6460711730185095,0.8751859770201167,1.275586313735689,0.7630569779414536,1.32880555904392,0.5310788891469596,0.7873375132207091,1.1386676476375426,0.5206002267896328,0.4718169957017234,1.0584292800126605,0.6324567357114336,0.5146916297933815,0.9269108210056077,0.5359359711730877,0.35418823797766313,0.5365011020106939,0.6089850942885211,0.6607682555682906,0.40841020353142193,0.8872040072605651,1.0699992477372866,0.898474148998115
2022-11-12,0.45684590730311014,0.49210916621670575,1.0125410838201292,0.4075811417838932,0.6015859953007453,1.0540507500257001,1.3294862377138221,0.7496682974519493,1.3460876317217594,0.671858492354199,0.5312023454278878,0.7274668896623424,0.5707682708799064,0.9106820558781568,0.7129892833254533,0.6148833464867657,0.7620187868523614,0.812503511335767,0.7507323404736799,0.6025835210517388,0.6765161239099655,0.8850195640103456,0.8681409977132946,0.8369340410863687,0.2385633246184919,0.7424878564752864,0.8701526416150034,0.7392442545729753,0.6168518737362653,0.8237044489601099,1.2508176474495591,0.7916716146142581,1.2496426746753462,0.4872195912999934,0.9579273077518627,0.9795450462396591,0.5610351958606723,0.6282990143766669,1.0623349231123382,0.6135774301678087,0.48361590874925275,1.0738600975064967,0.5095784643940834,0.3852271293291623,0.6487920303385135,0.7371924825597888,0.637336757143883,0.3677005047871323,0.781185918342636,0.8759223376340548,0.6911339607677807
2022-11-19,0.4935567391399672,0.49210916621670575,1.2831931781383998,0.4506588234358494,0.7202834424172996,1.224226983143523,1.1191244912401161,0.8215542985774787,1.0485314183937915,0.6616153275366021,0.43419198801818487,0.6356506802874836,0.7218539896422346,0.9501396839491341,0.7085331003046692,0.61805284827278,0.6796383774629169,0.7252097456550648,0.7765454868509983,0.557947704677536,0.7129057442669807,0.8908229709874627,0.8551238893277434,0.8936753320074785,0.3158444016075808,0.8088892094934014,0.9730739218060253,0.7857701167488969,0.7142495380104125,0.7133868888315237,1.1641273154481044,1.1350472546879122,1.2691763734156436,0.42429103351956376,0.944805015864851,1.0206089433745968,0.48016525771859336,0.5974767985770568,0.9490712732216845,0.6702153467986833,0.39427321074738275,1.0964676785066336,0.48761387541157974,0.413851884686656,0.7922748832018386,0.6089850942885211,0.5295518643916087,0.4766974401347465,0.6416884329243081,0.8501599159389356,0.7948040548829478
2022-11-26,0.5425045149224433,0.5467879624630064,1.5181246914806552,0.5301868511009993,0.9285734189139396,1.4308695519294512,1.155587193962225,1.1296371605440332,1.0627007618855995,0.7435606460773776,0.4794006982673668,0.6850901776431768,0.8337693368735888,1.0740366360920028,0.8838096324555098,0.7796974393595071,0.8615617815312734,0.765499175969235,1.0475835238128426,0.5802656128646374,0.6765161239099655,0.9749723721556595,0.8431080969718501,0.9114069854203253,0.3192044484331934,0.955274010465155,0.8701526416150034,1.0856034507715022,0.9512505210775039,0.5589423046515031,1.2260489811634292,1.1016635119029736,1.287681982748557,0.47482457234324216,1.15476168605704,1.0616728405095344,0.6798129175068506,0.9033280168962645,0.886580983626841,0.7079739578859332,0.4467134900093499,0.9947335640060181,0.5915795965954301,0.5611141803209911,0.8265860001908946,0.5609073236867957,0.5307234393128291,0.5318525158528163,0.7253869241753048,0.8518774107186102,0.933030847036504
2022-12-03,0.850467604220522,0.601466758709307,1.645894461894864,0.7853392731933552,1.2616349123156143,1.4204505988814211,1.4837515184612067,1.1193677318118147,1.7144905625087672,0.7961732653677619,0.6979094644717462,0.7910319576910907,0.945684684104943,1.329722065991936,1.1853446835285661,0.8747824929399347,1.1601907655680095,1.052001791536668,1.0411302372185132,0.595144218322705,0.8518479310846754,1.1403694710034946,0.9101962709589213,1.0426212206753915,0.5846481476565858,1.1695692861145264,1.0759952019970471,1.3750977043105694,1.061634540588204,0.735450400857241,1.5243988250645393,1.2208911647063256,1.5498447816314966,0.5701708720105598,1.0235387671869218,1.3867620261611244,0.9274771030669672,0.9080698962500506,1.0357765500345297,0.7929308328322451,0.6428789791004123,0.904303240005471,0.7424031076086214,0.7632118506763081,0.988784007775523,0.5288554766189789,0.7252048762354111,0.6369098029348541,0.9206834037609638,1.0785867216356597,1.105814337228449
2022-12-10,0.8973758893453949,0.7244940502634835,1.6555115413884067,0.8714946364972675,1.2631534297627345,1.173868710078045,1.4753370486022583,1.1604454467406886,1.7853372799678073,0.8371459246381496,0.775141011147432,0.8545970257198391,0.8449608715967242,1.3462942697817464,1.2818953156455546,1.014240571524562,1.2563012431890281,0.9512782157512424,1.1422317271963438,0.7141730619872461,0.9610167921557211,1.2361256861259255,1.0393660387847747,0.9716946070240043,0.6619292246456747,1.2676621939821962,1.0853516820144127,1.173485634881576,1.0908538398704481,0.6398418487457996,1.4624771593492145,1.0492033446694986,1.6649907952585135,0.6350063557843358,0.7873375132207091,1.4329589104379292,1.0487820102800856,0.8416835852970443,1.0482746079534984,0.745732568973183,0.7108571188844438,0.9269108210056077,0.9386201025189869,0.8570182778719502,0.885850656808355,0.8493739472971479,0.8212740197754816,0.5738754306856315,0.926263303177697,1.037366846923469,0.8120824039021424
2022-12-17,0.8790204734269664,0.5604576615245815,1.2831931781383998,0.9410816607042738,1.272264534445455,1.0141114300082519,1.741795260802286,1.1604454467406886,2.0262161193285433,1.029903662569292,0.90511605311383,0.8122203137006735,0.9009185452124013,1.5546305459965069,1.2833807099858159,1.0332575822406476,1.156758248510116,1.0117123612224979,0.8841002634231588,0.5207511910323669,1.0321419592171601,1.437794078580742,1.2176002920638596,0.9504166229285882,0.7963310976701772,1.3476456419358347,0.9450044817539284,1.2200114970574978,0.8084006134754214,1.0002125451658477,1.6786400651190754,0.8250553573991967,1.8551873356245676,0.8171177881489127,1.0235387671869218,1.5031097347101146,1.0462548247131456,0.8796186201273336,1.1576326147444744,1.0572411104429935,0.8914847474534418,0.9947335640060181,0.9415487143833207,0.8749518595417053,0.8421819624586473,0.8493739472971479,1.0298143557527082,0.5751886467741569,1.026701492678893,1.171331439738089,0.6047422156718081
2022-12-24,1.1665886561490133,0.2870636802930783,1.1966394626965164,1.0868830447570486,1.259610222386121,0.9915370317375202,1.8399640758233489,1.1296371605440332,2.408788393607359,1.1365256963524601,1.0586372983350103,0.8616598110563667,0.7834074306194794,1.526221053785403,1.2610997948818956,0.9635285429483339,1.0537827367733106,0.9602314224877246,0.9314243651149094,0.6992944565291784,1.1925871035185456,1.6075437326614148,1.165531858521655,0.9982920871432746,0.8702521278336536,1.2088064492615942,1.0666387219796816,1.0959425312550404,1.1752651489080423,1.059048577234427,1.7765888817960434,0.7153659168201127,1.7909317476630628,1.024019258426992,1.076027934734969,1.5527286104148308,1.0437276391462056,0.7492169378982141,1.2107493609000912,1.0949997215302432,1.1614550740243097,1.141682840506907,1.0059781753986645,0.9822084729896636,0.8359435775515462,0.6570628648902465,1.0614468786256581,0.6566080442627362,1.573531635518738,1.1919413770941845,0.6738556117485862
2022-12-31,1.5255390118871714,0.49210916621670575,1.166414355716811,1.4812095152634168,1.3798261869497952,0.8821380247332054,2.299955094779186,1.7560723132093607,2.536312485033631,1.4861900953531555,1.3760401182094752,0.8475342403833115,0.8617481736814273,1.627232581647105,1.436376327032736,0.9540200375902912,1.1121355267575004,1.4168449660483209,1.1293251540076847,0.7141730619872461,1.369572984345847,2.1138909914148747,1.1815529149961794,1.0319822286276834,1.6598631318526056,1.4849757129505727,1.0479257619449502,0.9408563240019686,0.954497109886642,1.147302625337296,1.9252008795128228,0.7630569779414536,1.8814036155128617,1.6285147983177863,0.800459805107721,1.6930302589592012,1.2737015257377424,0.7966357314360758,1.3208884963110028,1.0855600687584308,1.6489554479040787,0.7347463825044451,1.2622317135278731,1.401578382805475,0.9326385436116131,0.9295035649666902,1.5019590490045185,0.642162667288956,2.019923588857387,1.1678964501787399,0.4146803764606684
2023-01-07,1.5173810492567588,0.49210916621670575,0.9562124753579511,1.5010915221797043,1.1927954547128365,0.7293267133620989,2.207395926330755,1.8074194568704531,2.635497889476287,1.6510119292363064,1.5078988564362559,0.8475342403833115,0.6211301771340159,1.4307335938536379,1.0873086570713164,0.9223250197301486,0.964537293268079,1.2153978144774698,1.5079179675416894,0.6620979428840094,1.3017559645895913,2.0152330728038854,1.0764147318821127,0.9841067644129972,1.4145797135828886,1.225406787516123,0.8701526416150034,0.8478045996501256,0.886318744894739,1.22084766542302,2.0366598778004072,0.5007561417740789,1.9179007894749964,1.491216126796849,0.7086037618986382,1.3961725025878808,1.1675597319262638,0.6852015666221009,1.3435412262891335,1.3309910408255543,1.5906884709463374,0.553885734503351,1.2124453118341982,1.3263952904207326,0.8203476152837935,0.641036941356338,1.418777229597872,0.642162667288956,1.707449221520333,1.0614117738389135,0.4319587254798629
2023-01-14,1.1665886561490133,0.5194485643398561,0.7212809620156959,1.2492527679067296,0.9900733755223036,0.5504680193709175,2.2915406249202377,1.3761034501172769,2.380449706623743,1.4270590984515732,1.1311596043597398,0.8545970257198391,0.654704781303422,1.167945790900929,0.8437039852684531,0.7289854107832789,0.6968009627523845,1.0027591544860155,1.4197230507525178,0.6472193374259417,1.190933029865954,1.8396800117460956,0.8961778465437124,0.6915344831010249,1.2230570445229725,1.0986405681179034,0.8701526416150034,0.8116178179577421,0.7012631827738595,1.1914296493887304,1.8058609419523788,0.5198325662226152,1.631063844814839,1.1908752828447982,0.7348483456726619,1.0599618447955788,1.015928597909866,0.6472665317918116,1.0701462093116936,1.3309910408255543,1.2138953532862768,0.6443160585038981,1.0411215177706703,1.1725803399455255,0.5832889888139521,0.5929591707546127,1.1446286980323046,0.5554904054462748,1.4563537477673427,0.8879448010917772,0.501072121556641
2023-01-21,1.017705838143982,0.683484953078758,0.6086237450913395,0.8980039790523175,0.7749500705136231,0.4792718402093793,1.741795260802286,1.1193677318118147,2.0828934932957752,1.280395602199617,0.9814057516593246,1.0594178004791395,0.5651725035183387,0.9690793454232032,0.7456679588112033,0.6592563714909653,0.7414236845050002,0.9244185955417955,1.1056631031618094,0.758808878361449,1.0056767807756943,1.42183470939367,0.6909080604638677,0.6773491603707475,0.9172927833922294,0.857181102597485,0.6643100812329595,0.6358534497375942,0.6363314065910948,0.8310589529686823,1.6561230957680482,0.5102943539983471,1.3653027330060548,1.018298480446953,0.7086037618986382,0.9016947412546731,1.010874226775986,0.5571708240698744,1.0334331641747232,0.9911635410403065,0.990538608281602,0.5651895250034193,0.8170827101491337,0.9694480398784917,0.38054147933316657,0.6570628648902465,1.0438732548073526,0.5331657319413419,1.3335959605992143,0.9789720244145319,0.3628453294030849
2023-01-28,0.9809950063071249,0.601466758709307,0.5275655036457662,0.6925565742506803,0.7139562863876325,0.465379902812006,1.5146045746106835,1.0782900168829408,1.5586277840988794,1.1616680099956527,0.8636747353854133,0.6427134656240112,0.4980232951795262,0.8372908676661389,0.678825213499442,0.5483238089804664,0.6281506215945141,0.8908440702799869,0.9142156008633637,0.6323407319678741,0.8650805203054082,1.2433799448473217,0.6498541032478987,0.7216782939028645,0.6417689436919993,0.7364513698372759,0.5894582410940346,0.4859367827262915,0.4707553773250446,0.49275176857435143,1.3904228574259276,0.5246016723347493,1.27585895456364,0.9038829208461718,0.6167477186895555,0.817855951270842,0.9830751855396465,0.5666545827774467,1.0349954214145942,0.9628445827248691,0.8215643751041523,0.7912653350047871,0.7189742126939509,0.9063356274637767,0.43044855858997527,0.8493739472971479,0.8821959156789411,0.5108410584364088,1.1494592798470216,0.8810748219730787,0.27645358430711225
2023-02-04,0.9422446838126647,0.6288061568324573,0.5069574761596034,0.5765782005723368,0.7154748038347526,0.4896907932574093,1.3350958842864542,1.4171811650461508,1.4594423796562235,1.0527179842084853,0.9484410671026294,0.6497762509605388,0.4700444583716876,0.7615322217698625,0.5807891870421922,0.5102897875482952,0.7345586503892132,0.937848405646519,0.9185177919262502,0.6918551538001446,0.7311005544454884,1.1186066948393059,0.6067975139726142,0.6312468614973459,0.5712079603541356,0.7394696131562811,0.7110924813197876,0.351528736440296,0.4188099563788327,0.7280958968486685,1.2586985867224185,0.3815284889707268,1.155058449196011,0.7332130444416731,0.8923158483168037,0.7776475519928822,0.9097868040983874,0.5310904876240505,0.931105314963167,1.0100428465839313,0.7574707004506368,0.9495184020057446,0.7482603313372891,0.7470026518594142,0.3399919774370095,0.7532184060936972,0.8154161451693798,0.4872031688429503,1.171778877513954,0.8724873480747056,0.2937319333263068
2023-02-11,1.031982272747204,0.6151364577708822,0.5179484241522235,0.5600098614754305,0.7769747604431165,0.5556774958949325,1.1303437843853805,1.0782900168829408,1.6294745015579193,0.9321279984013212,0.8278845064381443,0.6356506802874836,0.5763640382414741,0.8120379857007134,0.6817960021799647,0.519798292906338,0.8341016450681252,0.9647080258559658,1.0583390014700587,0.7811267865485504,0.7972635005491525,1.0881388082094414,0.625822518536112,0.7482757740221347,0.6585691778200622,0.7017415716687158,1.0479257619449502,0.537632185143982,0.4804951437524593,0.6324873447372272,1.3206202524377433,0.3767593828585927,1.0034152616068595,0.7503753783817904,0.9054381402038155,0.779358547706838,0.8289168659563085,0.545316125685409,0.9709428745798797,1.0478014576711812,0.6389945139698961,1.1303790500068387,0.8507617465889725,0.7514860472768529,0.446044520857728,0.673088788424155,0.781440472453989,0.5686225663315295,1.0546009897625586,0.9034022541088487,0.3974020274414739
2023-02-18,0.9055338519758076,0.5057788652782809,0.5330609776420762,0.6295968856824367,0.7544500849775018,0.6112452454844257,1.0854666118043232,1.4171811650461508,0.8501606095084796,0.8203843822093546,0.7139208826849981,0.8616598110563667,0.6435132465802866,0.8420257830346561,0.7248724380475442,0.61805284827278,0.8169390597786577,0.9400867073306395,0.8948557410803749,1.0043058684195647,0.6467427981633166,1.0010877035526862,0.6808949001672898,0.6667101683230395,0.6148885690870989,0.763615559708323,0.8140137615108096,0.7547528752982825,0.5421803311260858,0.6545508567629444,1.1224709221487041,0.48167971732554254,0.9931343675330188,0.7189110994915755,0.9316827239778391,0.88287378840116,0.7455197422472897,0.6638631095300631,0.987346575598526,0.6890946523423083,0.5554785136638003,1.017341145006155,0.7629033906589581,0.7025135742555986,0.5458586793713455,0.641036941356338,0.656081955883409,0.5462978928265966,1.0880803862629573,0.9016847593291741,0.4492370744990575
2023-02-25,0.8055988097532523,0.45110006903198024,0.5797725066107118,0.5633235292948118,0.7805179678197302,0.5973533080870524,1.0518087323685301,1.1090983030795962,0.9776847009347516,0.7966388637685617,0.6037246514526171,0.6709646069701216,0.6043428750493127,0.8238752741220067,0.6610004814163056,0.592696833984666,0.713963548041852,0.781167287758079,0.7550345315365663,0.8257626029227533,0.5590768945759617,0.9241925611058855,0.6899067444342099,0.6401126882037693,0.514087164318722,0.7183419099232445,1.3473331225006504,0.8684827606172018,0.5064678542255652,0.5957148246943652,0.8432605021959674,0.4339886562042017,0.8589686998693967,0.6607498566945117,0.8791935564297918,0.8614863419767133,0.7050847731762503,0.5310904876240505,0.9264185432435538,0.5946981246241838,0.5477095834027682,1.0060373545060866,0.6779736465932775,0.6542308543754888,0.5177859472893905,0.6891147119580634,0.5236939897855069,0.4622520631609663,1.127139682180089,0.8724873480747056,0.5701855176334191
2023-03-04,0.6709924263514431,0.7108243512019083,0.5756509011134792,0.513618512004093,0.7385056517827407,0.5713059254669774,0.9255916844843065,0.6983211537908569,1.0060233879183675,0.7100375612197877,0.4822262426579407,0.5085205442299869,0.6323217118571512,0.8522847663331103,0.6149532568682035,0.7511719232853787,0.8443991962418058,0.682682013656774,0.7442790538793502,0.9745486575034296,0.5061465376930304,0.9111348954073722,0.7229501734129166,0.6365663575211999,0.38640538494544463,0.7605973163893177,1.0759952019970471,1.0183994276285044,0.4447826668519387,0.735450400857241,0.6687539897255068,0.5198325662226152,0.7648985190937536,0.5577758530538085,0.9316827239778391,0.8743188098313813,0.5433448968920925,0.5239776685933712,0.8030002212937379,0.5003015969060595,0.41175330383470515,1.1868980025071807,0.578400843205928,0.6300894944354338,0.6020041435352553,0.6570628648902465,0.5096350907308624,0.5397318123839692,0.9876421967617612,0.7488277239381331,0.3110102823455013
2023-03-11,0.48539877650955454,0.3690818746625293,0.5825202436088668,0.4274631487001807,0.6587834858089356,0.5331030976242008,0.7348637010148131,0.636704581397546,0.6234511136395517,0.6639433195406015,0.3814484927274726,0.8687225963928943,0.6603005486649898,0.7631105268927015,0.5748476096811468,0.8557654822238492,0.6968009627523845,0.5394307058730574,0.5442271694551318,0.8703984192969562,0.4184806341056755,0.6717443576012951,0.6838988482562632,0.5762787359175209,0.23184323096726678,0.7062689366472236,0.7859443214587127,0.7650919557818207,0.5486735087443623,0.5442332966343583,0.6428594749718256,0.4912179295498107,0.6662019359848822,0.46624340537318354,0.5642585511415082,0.8546423591208904,0.6090517216325316,0.5595417637467675,0.7116081727612794,0.5003015969060595,0.3476596291811897,0.757353963504582,0.4568634508360747,0.5607693037504189,0.5177859472893905,0.496803629551162,0.42293854656055474,0.4661917114265427,0.8202452142597678,0.709325344005617,0.34556698038389033
2023-03-18,0.4527669259879038,0.5057788652782809,0.522070029649456,0.377758131409462,0.5813390960058107,0.5400490663228875,0.5665743038358483,0.8729014422385711,0.7084671745903998,0.5931723626190226,0.40687839224263744,0.6215251096144284,0.5539809687952033,0.7418034077343738,0.45155987943945375,0.6687648768490081,0.6693408262892363,0.49242637050652543,0.443125679477301,0.8406412083808209,0.3853991610538434,0.68190031981125,0.6798935841376321,0.48052780748814816,0.2755238397002301,0.6368493403101033,1.3192636824485535,0.7547528752982825,0.40907018995141803,0.43391573650577214,0.5426589613597547,0.4435268684284699,0.5767581575424674,0.36708325371917316,0.7348483456726619,0.8298329212685321,0.6216876494672314,0.49789733214754733,0.6405254683471451,0.48142229136243453,0.33212176865912535,0.5877971060035562,0.3997555194815654,0.489724730212543,0.47723644539323345,0.4807777060172535,0.3467861766812305,0.40841020353142193,0.7644462200924367,0.74024025003976,0.2937319333263068
2023-03-25,0.5282280803192211,0.5741273605861567,0.5536690051282389,0.4307768165195619,0.49857989513776535,0.5261571289255143,0.5048681915368944,0.6058962952008905,0.6801284876067837,0.5936379610198225,0.4511452543616281,0.769843601681508,0.5092148299026616,0.7560081538399256,0.4738407945433742,0.605374841128723,0.6384481727681947,0.44542203513999346,0.43237020182008495,0.6100228237807727,0.3754747191382938,0.6224153982958005,0.6999199047307877,0.4486108313450239,0.2856039801770678,0.606666907120051,0.7110924813197876,0.71339655336413,0.5194542094621182,0.35301619241147564,0.5077576588656626,0.5818309456803583,0.5130166142846546,0.35564169775909504,0.4724025079324255,0.7365836548579445,0.6242148350341714,0.4765588750555096,0.5819408218519794,0.3303878470134355,0.3418329314854156,0.8590880780051975,0.4553991449039078,0.4731706548250767,0.4366869434970764,0.41667401188161973,0.27414853156556734,0.44518025401013517,0.6751678294247068,0.6990203753275692,0.5356288195950301
2023-04-01,0.4180955848086499,0.45110006903198024,0.43002084021126247,0.3379941175768871,0.4803576857723242,0.460170426287991,0.4740151353874176,0.6264351526653275,0.6376204571313597,0.5829291978014257,0.3616696819934555,0.9252248790851151,0.6211301771340159,0.7189179834532069,0.40848344357187427,0.6624258732769795,0.4771198710471992,0.3849878896687381,0.4065570554427665,0.5281904937614007,0.27457622633020606,0.5150523692191356,0.6688791078113965,0.45215716202759326,0.23520327779287933,0.5538476490374595,0.6081712011287658,0.7650919557818207,0.4188099563788327,0.42656123249719974,0.39292111517542405,0.5198325662226152,0.47497730621144374,0.33752590082230466,0.5905031349155319,0.7117742170055863,0.48774681441941325,0.41254350377939636,0.48976764469958534,0.2737499303825608,0.2660858614403519,0.6104046870036929,0.3675407889738935,0.43488935549156105,0.47411725293968293,0.30449254714426055,0.2835211309353303,0.4110366357084729,0.6640080305912406,0.7265002918023631,0.2073401882303342
2023-04-08,0.42829303809666575,0.4784394671551306,0.4478811306992702,0.3181121106605996,0.4553021478948426,0.4358595358425877,0.4599910189558372,0.616165723933109,0.5384350526887037,0.5587180809598329,0.2816125909271958,0.6780273923066492,0.48683176045639076,0.5752922172748495,0.39511489450952203,0.61805284827278,0.3535492569630325,0.44989863850823464,0.35708185821957267,0.4463581637420288,0.2530732688465152,0.5266591831733697,0.5727527689642498,0.38477687905877545,0.22848318414165422,0.532719945804423,0.6175276811461314,0.5014454034515986,0.4025770123331416,0.3309526803857584,0.34225793413561295,0.5293707784468834,0.40969362884255484,0.25934193509510417,0.4199133403843782,0.603981487026375,0.43214873194673403,0.33193155476503156,0.41321703994590214,0.2926292359261857,0.2971615824844806,0.4408478295026671,0.3323974466018877,0.4369586149149943,0.3555879397047622,0.3365443942120775,0.26126120743214326,0.3072925647149606,0.5356703440063789,0.6629529849544022,0.22461853724952874
2023-04-15,0.38342424362939603,0.32807277747780383,0.48497558017436315,0.37444446359008077,0.4431540083178818,0.48100833238405094,0.3702366737937226,0.5648185802720166,0.5951124266559358,0.5088990520742478,0.2514734507610745,0.9040365230755323,0.42527831947914596,0.5326779789581939,0.3698631907250789,0.45957775897206715,0.4771198710471992,0.38722619135285863,0.35708185821957267,0.46123676920009643,0.23818660597319077,0.5005438517763431,0.4906448545323118,0.34754040689179716,0.268803746049005,0.43160879461774776,0.477180480885647,0.3722068974073722,0.39933042352400333,0.323598176377186,0.3051049347064181,0.6104455823531628,0.39787060065763796,0.22215687822485025,0.43303563227139,0.5295531734693004,0.43720310308061394,0.2963674596116353,0.328074020372928,0.36814645810068525,0.269970326570868,0.5312781535032142,0.32068299914455245,0.45178830744959947,0.36494551706541384,0.30449254714426055,0.20385403629234494,0.27971502685592564,0.4687115510055816,0.6835629223104976,0.13822679215355613
2023-04-22,0.3344764678469199,0.32807277747780383,0.4657414211872779,0.3280531141187433,0.41987007412870697,0.3143050836155712,0.39548008337056734,0.42104657802095785,0.34006424380339184,0.46233921199426176,0.25900823580260485,0.7062785336527596,0.3301502743324949,0.44113628183352654,0.2777687416288745,0.36766220717765374,0.257438779342014,0.34693676103868837,0.2968511833391628,0.30501141189038633,0.16375329160656865,0.3743197500240478,0.45559879349428956,0.3032112733596802,0.2788838865258427,0.40293548308719807,0.39297216072935637,0.3360201157149888,0.33115205853210034,0.35301619241147564,0.24993835979640155,0.5579854151196879,0.34698017499212613,0.21071532226477213,0.40679104849736636,0.4602578470540931,0.30831663916667573,0.3224477960574592,0.2718327597375689,0.2643102776107484,0.1845120936995141,0.3391137150020516,0.2547892321970417,0.37763984477657364,0.3493495547976611,0.2564147765425352,0.20268246137112458,0.2823414590329766,0.29573466908685503,0.5221184130210836,0.25917523528791775
2023-04-29,0.39770067823261823,0.35541217560095417,0.3956741277343246,0.32142577847998083,0.3927898463217319,0.2552643496767346,0.32255467792634923,0.2670051470376806,0.18420146539350393,0.4055362070966787,0.22227615872514453,0.7627808163449804,0.346937576417198,0.3630101782529914,0.24509006614312456,0.3042721714573686,0.25057374522622694,0.29769412398803585,0.2817935146190604,0.23805768732908203,0.16209921795397705,0.3003263110658058,0.3614750867064583,0.2411504864147164,0.2385633246184919,0.2927696019435072,0.4116851207640876,0.2791551730555291,0.2759600487767503,0.3971432164629101,0.1891425425486282,0.4387577623163358,0.31253917984475954,0.1573213944510742,0.40679104849736636,0.30284624137016536,0.2754632267964562,0.2987383992885284,0.2827685604166665,0.14159479157718663,0.2117033496131267,0.39563266750239356,0.27089659745087763,0.3279776186141749,0.274488935912448,0.17628515887299295,0.14176056546766516,0.33355688648547,0.22877587608605768,0.4431136531560513,0.22461853724952874
2023-05-06,0.32631850521650724,0.341742476539379,0.38330931124262696,0.2684070933698809,0.32951828602506117,0.2952036696941829,0.29170162177687237,0.23619686084102512,0.2833868698361599,0.4269537335334723,0.27031041336490036,0.7980947430276183,0.25180953127054695,0.3385464488489855,0.28371031898991994,0.2250346268070122,0.2471412281683334,0.24397488356914215,0.2688869414304011,0.2975721091613525,0.15217477603842744,0.3438518633941835,0.36047377067680053,0.2535626438037092,0.15456215397817785,0.30635169687903074,0.39297216072935637,0.10856034507715022,0.3051793480589944,0.323598176377186,0.2139112088347581,0.3862975950828609,0.31408131395583566,0.18020450637123045,0.32805729717529547,0.3413436449341694,0.2501913711270565,0.24657772639688058,0.23043294288098512,0.15103444434899907,0.1845120936995141,0.5086705725030775,0.25039631440054094,0.30694014780926987,0.22770104910918984,0.14423331180517607,0.13707426578278367,0.2823414590329766,0.3124743673370544,0.3623913985113443,0.25917523528791775
2023-05-13,0.27941022009163435,0.38275157372410445,0.3627012837564642,0.42414948088079946,0.34799358163168903,0.25352785750206297,0.24121480262318293,0.14377200225105877,0.3117255568197759,0.3776003030486871,0.20438104425151002,0.628587894950956,0.2238306944627084,0.34170305909466364,0.2406338831223405,0.24088213573708347,0.23684367699465284,0.270834503778589,0.23662050845875296,0.2231790818710144,0.14390440777546942,0.3075805697872021,0.31741718140151604,0.24469681709728577,0.16128224762940296,0.2806966286674863,0.23391200043414068,0.23262931087960761,0.24024757187622964,0.2500531362914619,0.210533663432104,0.3672211706343245,0.2801543635121611,0.15827485744774739,0.43303563227139,0.3079792285120326,0.21986514432377696,0.23709396768930827,0.23277632874079174,0.11327583326174931,0.17285869830796582,0.42954403900259874,0.22696741948587046,0.2662447124817487,0.2807273208195491,0.17628515887299295,0.15699103944353002,0.23243924766900861,0.195296479585659,0.3572389141723204,0.15550514117275066
2023-05-20,0.31816054258609455,0.12302729155417644,0.3173636232869062,0.3280531141187433,0.3459688917021956,0.2361629357553463,0.2299955094779186,0.17458028844771423,0.26921752634435187,0.36921953183428957,0.1770674484759626,0.6780273923066492,0.17906455557016673,0.2722576336897436,0.17082034913005653,0.14262758037064155,0.17162585289467597,0.2641195987262273,0.2409226995216394,0.1711039627677777,0.1339799658599198,0.33514675292850793,0.2613434837406804,0.1471727233266284,0.16464229445501555,0.20373142403285296,0.21519904039940943,0.14474712676953363,0.2954395816315797,0.3015346643514688,0.13847936150881707,0.26706994227950875,0.2883790787712337,0.16780948741447915,0.2099566701921891,0.28830277780154157,0.16426706185109774,0.2204973899510567,0.2023123125633056,0.14159479157718663,0.180627628568998,0.23737960050143614,0.20353852457119995,0.2562432919351545,0.24953539628404364,0.11218146473735915,0.13238796609790218,0.20223527763292276,0.17855678133545966,0.3280415029178519,0.34556698038389033
2023-05-27,0.2773707294340312,0.2870636802930783,0.24592246133487536,0.29491643592493083,0.3452096329786355,0.227480474881988,0.23840997933686683,0.1848497171799327,0.2267094958689279,0.3715475238382889,0.1657652709136671,0.6497762509605388,0.19025609029330215,0.21149288646043848,0.1752765321508406,0.12044106786854174,0.1235706140841667,0.2104003583073336,0.16348326038968386,0.20086117368391296,0.16044514430138546,0.290170348855851,0.22429479064334254,0.14894588866791308,0.18144252858307836,0.15845777424777452,0.21519904039940943,0.13957758652776456,0.27271345996761204,0.20592611224002746,0.18126160327576868,0.26706994227950875,0.2616487541792477,0.13443828253091797,0.14434521075713,0.2592158506642941,0.1516311340163979,0.17307859641319503,0.182784097064917,0.2643102776107484,0.15537860522064345,0.20346822900123096,0.17571671186002874,0.2145132268959167,0.19338993212013383,0.24038885300862675,0.09841229338251135,0.23375246375753408,0.20645627841912523,0.2610592065105418,0.2073401882303342
2023-06-03,0.30388410798287235,0.3007333793546535,0.258287277826573,0.2253294117179247,0.3110429904184333,0.1840681705151964,0.27767750534529195,0.1232331447866218,0.2267094958689279,0.40041462468788025,0.1572886377419455,0.6497762509605388,0.1678730208470313,0.21780610695179486,0.10397760381829528,0.08557654822238492,0.13386816525784725,0.15891941957256048,0.2667358458989579,0.13390744912260863,0.1339799658599198,0.3003263110658058,0.2012645219612136,0.10993625115965013,0.1512021071525653,0.16751250420479022,0.14034720026048442,0.175764368220148,0.285699815204165,0.19857160823145506,0.21503705730230943,0.16214960781255888,0.27038751414201234,0.14874022748101562,0.15746750264414183,0.2284179278130908,0.1162505360792384,0.1778204757669812,0.1937198977440146,0.1793534026644364,0.16120530291641758,0.13564548600082066,0.14789489914885753,0.20658106577275578,0.24017781892339202,0.1602592353390845,0.13707426578278367,0.18910311674766803,0.16739698250199342,0.26964668040891493,0.3801236784222794
2023-06-10,0.32631850521650724,0.4784394671551306,0.2514179353311854,0.19882006916287473,0.30294423070045945,0.15281131137110643,0.2468244491958151,0.14377200225105877,0.2550481828525439,0.40181141989027985,0.19025332229864067,0.6003367536048456,0.18466032293173443,0.15309559691539204,0.11883154722090888,0.09825455536644195,0.1441657164315278,0.11639168757426965,0.20650517101854804,0.14878605458067626,0.11909330298659539,0.284366941878734,0.15720661665627134,0.06738028296881782,0.10416145159398942,0.14940304429075885,0.15906016029521566,0.10339080483538116,0.33115205853210034,0.2279896242657447,0.16324802779494696,0.14307318336402253,0.24776954717956265,0.10869478162074218,0.17058979453115364,0.15142312068508268,0.11372335051229843,0.17544953609008812,0.17184829638581942,0.1321551388053742,0.17674316343848193,0.19216443850116258,0.12007308643768631,0.18657822467956742,0.1996283170272349,0.20833700594080987,0.09724071846129098,0.1812238202165152,0.11159798833466228,0.24388425871379565,0.2937319333263068
2023-06-17,0.25697582285799947,0.2870636802930783,0.21432348585609248,0.24189775081483092,0.3209133538247139,0.1493383270217631,0.22158103961897035,0.2567357183054621,0.2125401523771199,0.38737786946548414,0.15257939709098906,0.663901821633594,0.12310688195448961,0.186240004495013,0.07872590003385213,0.11727156608252749,0.08581292644733798,0.10072357578542566,0.18714531123555916,0.15622535730971007,0.1323258922073282,0.2727601279245,0.16021056474524467,0.08511193638166462,0.05040070238418843,0.11771148944120394,0.14034720026048442,0.1602557474948408,0.24998733830364436,0.19121710422288266,0.18238745174332005,0.14784228947615663,0.2349184295872617,0.13825213451761068,0.2099566701921891,0.1343131635455253,0.11877772164617836,0.14225638061358495,0.17419168224562603,0.23599131929531106,0.1534363726553854,0.1808606480010942,0.09225127372651509,0.16416124759237355,0.17155558494528,0.19231108240690142,0.1441037153101059,0.17334452368536238,0.1562371836685272,0.1889244257642079,0.17278349019194517
2023-06-24,0.2549363322003963,0.2870636802930783,0.22256669685055758,0.175624394427206,0.2991479370826592,0.17017623311782307,0.19072798346949346,0.10269428732218484,0.2550481828525439,0.4139169783110762,0.17518375221558002,0.6073995389413732,0.15108571876232818,0.15940881740674842,0.07872590003385213,0.08240704643637066,0.08238040938944446,0.11191508420602851,0.18499421570411595,0.12646814639357482,0.12901774490214502,0.23213627908468085,0.16221319680456023,0.07801927501652589,0.1344018730245025,0.13280270603623007,0.14034720026048442,0.06720402314299775,0.2792066375858885,0.19857160823145506,0.15987048239229287,0.16214960781255888,0.19430889799559062,0.11346209660410807,0.11810062698310637,0.10265974283734418,0.10361460824453857,0.17070765673630195,0.13982202296846216,0.22655166652349862,0.11847618648074063,0.06782274300041033,0.10982294491251797,0.1445032830697574,0.1497212377704262,0.320518470678169,0.14293214038888555,0.16152557888863311,0.16739698250199342,0.19235941532355713,0.25917523528791775
2023-07-01,0.17539619655387265,0.35541217560095417,0.23630538184133273,0.12260570931710608,0.2958578159472323,0.12850042092570313,0.23280033276423467,0.14377200225105877,0.2267094958689279,0.438128095152669,0.17047451156462357,0.7557180310084528,0.1622772534854636,0.14599322386261612,0.08466747739489758,0.06655953750629938,0.10984054585259262,0.11415338589014909,0.17638983357834312,0.04463581637420288,0.23653253232059918,0.1944141337334202,0.14118556018174688,0.0691534483101025,0.12768177937327735,0.1237479760792144,0.19648608036467818,0.08271264386830493,0.2467407494945061,0.2279896242657447,0.15311539158698473,0.13830407725188845,0.23594651899464578,0.14301944950097656,0.05248916754804728,0.11463671283503434,0.09856023711065864,0.15885295835183652,0.15700685260704408,0.15103444434899907,0.14955190752486933,0.13564548600082066,0.10396572118385033,0.1707139024332456,0.14036366040977455,0.11218146473735915,0.13824584070400406,0.2245599511378558,0.1506572842517941,0.139117077153644,0.2073401882303342
2023-07-08,0.2406598975971741,0.341742476539379,0.22943603934594517,0.09609636676205612,0.29838867835909916,0.11981796005234482,0.19633763004212562,0.22592743210880664,0.2833868698361599,0.47863515602225687,0.17047451156462357,0.6003367536048456,0.14548995140076046,0.17834847888081753,0.08912366041568166,0.04120352321818533,0.10984054585259262,0.10967678252190795,0.2194117442072073,0.10415023820647339,0.1753318071747099,0.20311924419909574,0.11014476326235571,0.08511193638166462,0.10080140476837686,0.18260372079981635,0.13099072024311878,0.06720402314299775,0.25648051592192084,0.27211664831717913,0.13397596763861164,0.13353497113975438,0.19739316621774286,0.12776404155420573,0.11810062698310637,0.11549221069201221,0.09350586597677871,0.2039008122128051,0.15778798122697965,0.1604740971208115,0.14955190752486933,0.1695568575010258,0.1435019813523568,0.16898951958038455,0.137244467956224,0.09615554120345071,0.1581626143647504,0.23112603158048314,0.10043818950119605,0.15629202495039018,0.27645358430711225
2023-07-15,0.3161210519284914,0.35541217560095417,0.2665304888210381,0.1656833909690623,0.31635780148335363,0.13197340527504647,0.19353280675580956,0.21565800337658816,0.4109109612624318,0.525194996102243,0.21097398116284904,0.8616598110563667,0.12310688195448961,0.12310779958144927,0.0995214207975112,0.13628857679861303,0.13043564819995374,0.13205979936311366,0.27964241908761717,0.14878605458067626,0.14225033412287783,0.20892265117621275,0.11214739532167127,0.09220459774680333,0.16128224762940296,0.1267662193982196,0.25262496046887195,0.1240689658024574,0.19804191735743254,0.19857160823145506,0.150863694651882,0.14784228947615663,0.2230954014023448,0.1620887094344401,0.1312229188701182,0.12319169140481302,0.09603305154371868,0.24183584704309444,0.18356522568485256,0.11327583326174931,0.17285869830796582,0.0904303240005471,0.12739461609852085,0.2296877960010941,0.14660204531687565,0.17628515887299295,0.13004481625546144,0.19435598110176994,0.13391758600159473,0.17518446752681097,0.2073401882303342
2023-07-22,0.3426344304773326,0.25972428216992804,0.21707122285424751,0.16236972314968104,0.34166642560202193,0.17538570964183806,0.3197498546400332,0.1848497171799327,0.34006424380339184,0.5922411658174229,0.2345201844176313,0.9322876644216427,0.15108571876232818,0.1815050891264957,0.14705403968587474,0.11093256251049897,0.0892454435052315,0.17682583304552504,0.4044059599113233,0.15622535730971007,0.14555848142806102,0.2655058692031037,0.09412370678783125,0.138306896620205,0.1948827158855286,0.15996689590727714,0.1684166403125813,0.14474712676953363,0.2694668711584738,0.19121710422288266,0.19252008795128228,0.11445854669121804,0.2868369446601576,0.19545991431800128,0.2755681296272482,0.1368796571164589,0.14910394844945793,0.20864269156659127,0.18044071120511038,0.10383618048993686,0.20199218678683648,0.10173411450061548,0.18743115931736398,0.2838334175809316,0.16219800758462838,0.11218146473735915,0.15581946452230966,0.17991060412798973,0.1562371836685272,0.17346697274713635,0.17278349019194517
2023-07-29,0.4099376221782372,0.3690818746625293,0.18821998437361967,0.23858408299544967,0.36874665340899704,0.1493383270217631,0.2888967984905563,0.15404143098327724,0.26921752634435187,0.7281958988509822,0.372971859555751,0.9887899471138635,0.14548995140076046,0.19255322498636937,0.1633933774287497,0.12044106786854174,0.1235706140841667,0.19920884988673077,0.483996494574722,0.19342187095487914,0.21172142753172513,0.3046788662986436,0.12115923958859129,0.10461675513579609,0.2620836523977798,0.1871310857783242,0.27133792050360317,0.13957758652776456,0.2792066375858885,0.3971432164629101,0.24768666286129884,0.1526113955882907,0.32590434214075253,0.21929648923483072,0.1312229188701182,0.19077602210606462,0.1364680206147581,0.19441705350523278,0.2210593994417586,0.10383618048993686,0.22724121013519105,0.15825306700095743,0.24600339660404025,0.29073094899237584,0.16531720003817893,0.1602592353390845,0.17690781310427636,0.2048617098099737,0.2008763790023921,0.18548943620485867,0.22461853724952874
2023-08-05,0.538425533607237,0.2733939812315032,0.21157574885793745,0.29160276810554964,0.4178453841992135,0.19448712356322637,0.35340773407582615,0.297813433234336,0.4817576787214718,0.8408707118445485,0.4803425463975581,0.9393504497581703,0.2630010659936824,0.25963119270703083,0.18567429253267012,0.17749210001679835,0.18878843818414356,0.20816205662321302,0.45173006160307383,0.14134675185164244,0.22495401675245796,0.3177365319971569,0.14418950827072022,0.1453995579853437,0.36624510399176924,0.19014932909732943,0.3181203205904313,0.13957758652776456,0.2467407494945061,0.34566168840290323,0.2724553291474287,0.13830407725188845,0.3613734266955032,0.2574350091017578,0.2099566701921891,0.2070304813886441,0.19964765978825724,0.30585121831920764,0.24761777251956707,0.2076723609798737,0.34377516405067365,0.15825306700095743,0.26357506779004314,0.35073947227194097,0.17155558494528,0.2564147765425352,0.20502561121356533,0.23375246375753408,0.3124743673370544,0.2490367430528195,0.24189688626872324
2023-08-12,0.5710573841288877,0.43743036997040513,0.21844509135332504,0.377758131409462,0.5071848273381125,0.2361629357553463,0.45438137238320503,0.28754400450211753,0.5384350526887037,0.9088480783613282,0.5641670299845829,0.9534760204312255,0.19585185765486984,0.2762033964968413,0.21983836235868143,0.247221139309112,0.18878843818414356,0.3827495879846175,0.5614359337066775,0.17854326549681152,0.22660809040504956,0.5034455552649015,0.20627110210950253,0.19682135288259942,0.45024627463208333,0.29729696692201507,0.23391200043414068,0.16542528773660986,0.35712476900520623,0.43391573650577214,0.31186002551172626,0.1907642444853634,0.4898846026185129,0.30796854792543615,0.17058979453115364,0.2634933399491834,0.24008262885929668,0.3105930976729938,0.30229677591505505,0.1793534026644364,0.49915376927131705,0.11303790500068388,0.3485048118557237,0.3790193510588625,0.19338993212013383,0.40064808834771126,0.2975800299899748,0.26526964988214546,0.32921406558725375,0.29369160732435956,0.3110102823455013
2023-08-19,0.7750064498892048,0.24605458310835288,0.29675559580074345,0.5765782005723368,0.6000674778536252,0.2552643496767346,0.49645372167794627,0.33889114816321,0.4534189917378558,0.9991741681165012,0.7252230602472937,0.9393504497581703,0.3301502743324949,0.3827389922884801,0.3223305718367154,0.34547569467555395,0.21968109170518524,0.4297539233511495,0.6582352326216219,0.1711039627677777,0.3572799089597862,0.5063472587534601,0.2793671722745204,0.19504818754131475,0.598088334959036,0.3652074415996327,0.402328640746722,0.23779885112137666,0.4642621997067681,0.2574076403000343,0.3568939642137806,0.22414798727030197,0.5464295200246372,0.4014079215994075,0.2099566701921891,0.2737593142329178,0.2603001133948164,0.3651247102415347,0.34447772139157434,0.320948194241623,0.5069226995323493,0.3391137150020516,0.4539348389717409,0.4659282468430602,0.2121050868414371,0.43269993541552815,0.34444302683878975,0.3033529164493841,0.440812053921916,0.3280415029178519,0.4146803764606684
2023-08-26,0.9279682492094425,0.35541217560095417,0.34346712476937896,0.6627335638762492,0.6499254673674018,0.34208895841031783,0.5497453641179517,0.318352290698773,0.7509752050658237,1.1821543396308465,0.9653943334460726,0.9958527324503911,0.3805121805866043,0.440347129272107,0.3936295001692607,0.41837423575388183,0.38444191048407417,0.5192859907159723,0.7657900091937824,0.2157397791419806,0.4002858239271678,0.5295608866619281,0.31040796919391156,0.320942926772527,0.6081684754358737,0.44820913287227654,0.5146064009551096,0.2481379316049148,0.4058236011422798,0.36037069642004804,0.3523905703435752,0.1812260322610952,0.5829266939867719,0.4404999044630078,0.2755681296272482,0.3490431256469702,0.33611568040301537,0.38646316733357244,0.3710360944693828,0.3587068053288728,0.6817236304055732,0.3391137150020516,0.5915795965954301,0.5642180694561411,0.31815763026215566,0.41667401188161973,0.4557426443547252,0.3847723139379634,0.5189306457561796,0.3864363254267889,0.4837937725374465
2023-09-02,0.9748765343343154,0.4647697680935554,0.3805615742444719,0.7323205880832553,0.6942155595750713,0.4306500593185727,0.5581598339769,0.297813433234336,1.1477168228364476,1.2045030628692397,0.8721513685571349,0.8828481670659495,0.4364698542022814,0.48375052015018205,0.4500744850991924,0.43422174468395314,0.4016044957735418,0.6558223934473271,0.772243295788112,0.3273293200774878,0.4184806341056755,0.6528832849256648,0.3704869309733783,0.3014381080183955,0.44016613415524564,0.5191378508688994,0.5426758410072063,0.2119511499125314,0.43179631161538573,0.3750797044371929,0.40080205444828354,0.29091547284017916,0.6656878912811901,0.4843592023099739,0.28869042151426,0.40037299706564233,0.5660895669945522,0.4481075989327926,0.4147792971857732,0.405905069187935,0.7613551655811529,0.5199743630031458,0.5945082084597639,0.6490577058169055,0.3399919774370095,0.3365443942120775,0.4639436688032678,0.38345909784943794,0.7086472259251055,0.4121987471219082,0.3282886313646958
2023-09-09,0.9626395903886964,0.5331182634014312,0.38330931124262696,0.9543363319817987,0.7043390092225386,0.4636434106373343,0.5497453641179517,0.46212429294983176,0.9918540444265596,1.0643579442284816,0.8260008101777617,0.8122203137006735,0.46444869101011993,0.5303105212739353,0.50206328700834,0.4278827411119246,0.514877558684028,0.8102652096516464,0.8109630153540898,0.26781489824521726,0.5855420730174273,0.6441781744599894,0.41554615230797837,0.3315819188202351,0.5308873984467848,0.6700500168191609,0.7017360013024221,0.3825459778909103,0.5389337423169476,0.3971432164629101,0.508883507333214,0.3290683217372518,0.7823760390192829,0.6102163178708333,0.2624458377402364,0.5158652077576545,0.5913614226639519,0.5951058589001638,0.5499145484346221,0.45310333304699724,0.7710663284074432,0.6217084775037613,0.6926167059149466,0.884263526947155,0.38677986424026767,0.5448814001528873,0.5682138367918811,0.44649347009866064,0.8369849125099671,0.3967412941048366,0.6392989137101971
2023-09-16,0.7627695059435857,0.4784394671551306,0.3956741277343246,0.8748083043166488,0.6823205062392972,0.5087922071787976,0.6030370065579573,0.46212429294983176,0.9210073269675196,0.9488895408301162,0.8872209386401956,0.7557180310084528,0.39729948267130744,0.5216298430983203,0.4619576398212833,0.519798292906338,0.5766628657261113,0.7207331422868236,0.5915512711468824,0.35708653099362303,0.48133543290415637,0.6644900988798988,0.4926474865916274,0.37591105235235206,0.5073670706674969,0.6640135301811504,0.8233702415281752,0.3825459778909103,0.5291939758895329,1.6768269139545093,0.5156385981385221,0.20984066893389972,0.7530754909088367,0.554915464063789,0.43303563227139,0.5620620920344594,0.47258370101777347,0.6045896176077361,0.5116392460577806,0.46254298581880965,0.677839165275057,0.5425819440032826,0.5330073593087539,0.6269856053002839,0.42732936613642475,0.4487258589494366,0.5143213904157439,0.44518025401013517,0.8035055160095684,0.47059356963084514,0.466515423518252
2023-09-23,0.7240191834491254,0.3007333793546535,0.3613274152573867,0.7323205880832553,0.6398020177199344,0.5226841445761709,0.7713264037369222,0.7085905825230754,1.1193781358528316,0.7542694092957745,0.5943061701507042,0.8334086697102563,0.6099386424108804,0.5445152673794872,0.7174454663462374,0.4659167625440957,0.5217425927998149,0.5797201361872277,0.4882986856376084,0.3273293200774878,0.587196146670019,0.7138190581853936,0.5817646132311697,0.4361986739560311,0.3628850571661567,0.6504314352456269,1.0292128019102191,0.4032241388579865,0.5908791632631594,0.6986778808143789,0.6090840209452849,0.26706994227950875,0.8265838835367982,0.5930539839307161,0.43303563227139,0.519287199185566,0.5433448968920925,0.6211861953459876,0.5725672784127529,0.5097412496778718,0.6176299557520577,0.6330122680038297,0.48175665168291215,0.7828698151989243,0.41485259632222254,0.5288554766189789,0.5857874606101866,0.4740710079576956,0.9932220961784943,0.6079931520048145,0.5356288195950301
2023-09-30,0.5343465522920307,0.31440307841622867,0.4547504731946578,0.5699508649335743,0.5385675212452613,0.5331030976242008,0.76571675716429,0.6880517250586384,0.8926686399839037,0.6234362586710136,0.5076561421731055,0.6850901776431768,0.6994709201959638,0.466389163798952,0.4931509209667719,0.44689975182801017,0.39817197871564824,0.6312010749220008,0.391499386722664,2.707906193368308,0.5210332005663548,0.7704022762122845,0.5637409246973297,0.48939363419457155,0.38640538494544463,0.6142125154175642,1.0759952019970471,0.46525862175921523,0.5746462192174682,0.573651312668648,0.6935226560116368,0.45306508065273804,0.9011203655721438,0.5177304071935351,0.57738084302852,0.5594955984635258,0.3992953195765145,0.6828306269452078,0.5710050211728818,0.7174136106577456,0.5069226995323493,0.757353963504582,0.4539348389717409,0.4762745439602266,0.48659402275388514,0.8493739472971479,0.5131498154945235,0.49245603319705217,0.9876421967617612,0.6389080580389577,0.7084123097869752
2023-10-07,0.4384904913846816,0.35541217560095417,0.5097052131577584,0.4937365050878056,0.4935181703140317,0.619927706357784,0.6507190024253307,0.636704581397546,0.6942978310985917,0.5186766184910448,0.35696044134249905,0.6850901776431768,0.6994709201959638,0.40957017937674467,0.3223305718367154,0.370831708963668,0.37757687636828713,0.5371924041889369,0.32911761631081093,0.46123676920009643,0.5177250532611716,0.7268767238839069,0.489643538502654,0.45215716202759326,0.2788838865258427,0.4451908895532713,0.804657281493444,0.3308505754732197,0.4707553773250446,0.7869319289172478,0.7869680788183995,0.45306508065273804,0.8533142081287842,0.5415669821103646,0.6036254268025436,0.5107322206157873,0.3816050206079347,0.7160237824217109,0.5920954939111415,0.8023704856040575,0.495269304140801,0.7008350110042401,0.3616835652452258,0.423508428662678,0.46787886803258183,0.5288554766189789,0.48034571770035306,0.4911428171085267,1.0546009897625586,0.6251680998015607,0.6220205646910026
2023-10-14,0.41401660349344355,0.3690818746625293,0.5014620021632933,0.3943264705063682,0.43910462845889486,0.7119617916153822,0.6731575887158593,0.616165723933109,1.1335474793446396,0.48189434482785587,0.39463436655015066,0.769843601681508,0.6211301771340159,0.3993111960782906,0.4010564718705675,0.4500692536140244,0.46682231987351863,0.541669007557178,0.3721395269396751,0.438918861012995,0.4300591496738167,0.7631480174908882,0.47462379805778737,0.48939363419457155,0.16464229445501555,0.4874462960193445,0.8982220816671003,0.351528736440296,0.6038655184997124,0.5810058166772204,0.6619988989201987,0.6056764762410287,0.7181204510577781,0.4157098665495052,0.800459805107721,0.47137931919480536,0.4523662164822537,0.571396462131233,0.5046090884783606,0.5663791663087465,0.49721153670605905,0.5764933155034877,0.3543620355843913,0.39453879673461206,0.46787886803258183,0.4647517824833451,0.5354097389977106,0.4963956814626286,0.7421266224255042,0.5100959495633614,0.4319587254798629
2023-10-21,0.46500386993352283,0.21871518498520257,0.609997613590417,0.4009538061451307,0.461376217683323,0.7380091742354572,0.5890128901263769,0.46212429294983176,1.1335474793446396,0.43067852073987123,0.395576214680342,0.7274668896623424,0.6043428750493127,0.4742806894131475,0.5094902587096468,0.5166287911203238,0.6384481727681947,0.5662903260825043,0.2731891324932875,0.40916165009685973,0.46479469637824034,0.6572358401585026,0.49965669879923186,0.5248569410202651,0.23520327779287933,0.46480947112680526,0.9356480017365627,0.444580460792139,0.5454269199352241,0.522169784608641,0.603454778607528,0.5436780967832856,0.6677440700959583,0.39568714361936846,0.6692368862376028,0.5321196670402341,0.42456717524591414,0.547687065362302,0.5592880918738486,0.5003015969060595,0.4000999084431569,0.6895312205041716,0.3660764830417265,0.3452214471427856,0.4054950189615709,0.7371924825597888,0.5154929653369642,0.4018441230887946,0.7421266224255042,0.5891007094283938,0.6047422156718081
2023-10-28,0.5098726644007926,0.21871518498520257,0.5481735311319289,0.4208358130614182,0.39304293256291856,0.8057323690476521,0.6198659462758538,0.3799688630920839,0.6942978310985917,0.38039389345348623,0.3418908712594384,0.7486552456719252,0.5148105972642293,0.5713464544677517,0.5005778926680787,0.5102897875482952,0.9233470885733568,0.6356776782902419,0.32266432971648135,0.41660095282589354,0.4416376652419579,0.6470798779485478,0.512673807184783,0.4361986739560311,0.2788838865258427,0.5463020407399465,0.5426758410072063,0.6772097716717466,0.6071121073088506,0.573651312668648,0.49875087112525174,0.7153659168201127,0.6461541925408927,0.41380294055615885,0.6561145943505909,0.5979930020275299,0.4624749587500136,0.5287195479471575,0.5936577511510125,0.39646541641612254,0.3884465130516086,0.7460501730045136,0.3821838482955625,0.42971620693297785,0.37118390197251494,0.41667401188161973,0.5635275371069995,0.3046661325379096,0.9374231020111632,0.7024553648869185,0.6047422156718081
2023-11-04,0.43645100072707843,0.2870636802930783,0.5426780571356188,0.4440314877970869,0.42493179895244065,0.7553740959821739,0.49645372167794627,0.5134714366109242,0.43924964824604784,0.38551547586228474,0.35036750443116005,0.8263458843737287,0.5763640382414741,0.5263647584668376,0.4337351473563174,0.38667921789373927,0.8238040938944446,0.6312010749220008,0.2947000878077196,0.35708653099362303,0.4217887814108587,0.5861441046888191,0.46461063776120953,0.4042816978129069,0.2755238397002301,0.5055557559333759,0.6081712011287658,0.6203448290122869,0.5486735087443623,0.4780427605572066,0.43682920540992703,0.7249041290443808,0.518157061321575,0.35087438277572913,0.4986470917064491,0.5526516156077028,0.43720310308061394,0.4789298147324027,0.5217939181169425,0.4719826385906221,0.4156377689652212,0.8703918685052658,0.4070770491423999,0.3690179305122683,0.4585212906719302,0.5448814001528873,0.4381690205364196,0.3164850773346389,0.8537246107601665,0.5719257616316475,0.5356288195950301
2023-11-11,0.49967521111277674,0.42376067090882996,0.7047945400267657,0.5301868511009993,0.45884535527145615,0.8126783377463388,0.5441357175453196,0.4518548642176133,0.7934832355412477,0.3547859814094939,0.37673925207651615,0.6850901776431768,0.5539809687952033,0.5973884889945967,0.5198880190914764,0.532476300050395,0.7242610992155326,0.8393631315452138,0.3140599475907085,0.438918861012995,0.4300591496738167,0.539716848871883,0.5296961796889652,0.5461349251156813,0.3091243079563557,0.5930848121845275,0.8514396815802721,0.8322959789248183,0.5064678542255652,0.5295242886172135,0.5010025680603545,0.8584391001841353,0.5346064918397202,0.36612979072249996,0.7479706375596736,0.6279354270217553,0.500382742254113,0.4220272624869687,0.6389632111072739,0.320948194241623,0.43117562948728555,0.8025691255048555,0.5403288889695884,0.423508428662678,0.4647596755790313,0.6089850942885211,0.5447823383674736,0.33093045430841905,0.9932220961784943,0.7368052604804108,0.5356288195950301
2023-11-18,0.45072743533030063,0.25972428216992804,0.7886005184704942,0.5069911763653305,0.5104749484735395,0.8856110090825486,0.8386421626085081,0.5134714366109242,0.4959270222132798,0.3380244389806989,0.35884413760288164,0.593273968268318,0.4476613889254168,0.7039240847862356,0.6149532568682035,0.6085443429147372,0.7894789233155095,0.8527929416499372,0.33126871184225415,0.4314795582839612,0.5144169059559884,0.5832424012002606,0.6899067444342099,0.6844418217358863,0.2788838865258427,0.6941959633712027,0.8795091216323689,0.7547528752982825,0.5778928080266065,0.42656123249719974,0.49199578031994357,0.9967431774360237,0.5870390516163082,0.382338661665944,0.9972941834128982,0.7836360369917272,0.5888342370970119,0.4220272624869687,0.7100459155214084,0.4153447219597474,0.4777892110534786,1.0060373545060866,0.48907818134374664,0.35453311454823533,0.5427394869177949,0.6250110178224296,0.540096038682592,0.3388097508395719,1.2443175699314846,0.8089400412267448,0.6565772627293917
2023-11-25,0.5119121550583957,0.21871518498520257,0.7144116195203083,0.5069911763653305,0.5286971578389806,0.8508811655891154,0.7376685243011292,0.6264351526653275,0.5667737396723198,0.3431460213894974,0.33247238995752554,0.48026940288387654,0.6994709201959638,0.8104596805778743,0.7560657191930328,0.6972903929231364,0.6899359286365975,0.937848405646519,0.3355709029051406,0.5356297964904345,0.5524605999655953,0.7863616453993564,0.8330949366752723,0.6436590188863387,0.3796852912942195,0.8224713044289249,0.8607961615976377,0.9253477032766614,0.5259473870803946,0.5442332966343583,0.5494140521650629,0.8632082062962693,0.703727199354401,0.39473368062269526,1.076027934734969,0.9119607155384075,0.646959505136631,0.4765588750555096,0.7865965202750915,0.44366368027518477,0.4875003738797688,1.141682840506907,0.5095784643940834,0.3786744744882903,0.6300768756172103,0.7692443296276057,0.59633163490117,0.29284718774118035,1.567951736102005,0.8638998741763325,0.8639174509597258
2023-12-02,0.5853338187321099,0.2870636802930783,0.7212809620156959,0.715752248986349,0.6608081757384291,0.8960299621305786,0.9283965077706227,0.7702071549163862,0.6942978310985917,0.38737786946548414,0.38050664459728134,0.5508972562491525,0.8673439410429951,1.025109177283991,1.0308636721413846,1.0364270840266618,0.7826138891997224,1.0117123612224979,0.46678773032317633,0.6844158510711108,0.6963650077410647,0.8835687122660665,1.0684042036448504,0.7606879314111274,0.33936472938686874,1.02167536348327,0.9637174417886596,0.9460258642437377,0.6428245842093712,0.6619053607715168,0.7149137768951125,0.7010585984837104,0.7962552460189679,0.44240683045635415,1.1285171022830165,1.071938814793269,0.796063453586089,0.5073810908551197,0.9404788584023935,0.48142229136243453,0.4816736761839947,1.3564548600082065,0.5754722313415941,0.44799466517330516,0.7080566869559739,0.7371924825597888,0.7181754267080889,0.3388097508395719,1.757668316270931,0.9995819617706273,0.7084123097869752
2023-12-09,0.7036242768730937,0.24605458310835288,0.6209885615830372,0.8482989617615989,0.6522032435380819,0.7814214786022489,0.9255916844843065,0.7599377261841678,0.5667737396723198,0.4255569383310727,0.42854089923703714,0.6144623242779008,0.9512804514665107,0.9911756171429505,1.1170165438765436,1.1346816393931038,0.971402327383866,1.0542400932207885,0.4130103420370961,0.8257626029227533,0.7013272286988396,0.8313380494720133,1.0223436662805925,0.8404803717689381,0.43680608732963305,1.060912526630338,1.0011433618581222,0.9511954044855067,0.6623041170642007,0.6913233768058065,0.7374307462461397,0.5436780967832856,0.837378822314331,0.5196373331868814,1.1153948103960045,1.1001702440735386,1.000765484508226,0.4718169957017234,0.9529769163213622,0.5003015969060595,0.48555814131451075,1.1755942120071123,0.623794327103102,0.4469600354615885,0.6737455699669178,0.7532184060936972,0.6900576285987998,0.3860855300264889,1.4786733454342753,0.9772545296348573,0.7948040548829478
2023-12-16,0.7852039031772206,0.32807277747780383,0.6690739590507503,0.8615536330391238,0.7316723232707003,0.6963333620433373,0.9255916844843065,0.636704581397546,0.7651445485576317,0.5573212857574333,0.49635396461081005,0.5297089002395697,0.9344931493818076,1.100078670618848,1.0813670797102708,1.261461710833674,1.143028180278542,1.0810997134302354,0.4388234884144146,0.796005392006618,0.749295364623996,0.9793249273884973,0.9772844449459925,0.8883558359836244,0.46704650876014614,1.0322392150997883,0.9917868818407565,1.328571842134648,0.6947700051555831,0.7942864329258202,0.8623999261443405,0.6390602190259673,1.0003309933847073,0.5434739081037109,1.076027934734969,1.0941817590746934,0.9856023711065863,0.48604263376308193,0.8568980960692905,0.7929308328322451,0.541882885706994,1.3225434885080014,0.7057954593044488,0.51731485585832,0.714295071863075,0.6570628648902465,0.7837836222964297,0.3663872886986068,1.411714552433478,0.9566445922787619,0.6047422156718081
2023-12-23,0.9116523239486172,0.2870636802930783,0.7597492799898663,0.9675910032593237,0.8630240824465888,0.7935769238249505,1.1163196679538,1.0680205881507223,1.1902248533118716,0.6695305003501998,0.7638388335851365,0.5791483975952628,0.9512804514665107,1.2018793510419694,1.262585189222157,1.2773092197637452,1.0434851855996299,1.2355425296345548,0.6948038566561564,0.758808878361449,0.7724523957602785,1.295610607641375,1.1274818493946595,0.9362313001983108,0.49056683653943406,1.1831513810500498,0.9917868818407565,1.2872155202004956,0.8148937910936979,0.9855035371487029,1.137106952226872,0.5818309456803583,1.2403898700088893,0.6712379496579166,1.1416393941700282,1.2584373476144441,1.0588907525478453,0.48604263376308193,1.0201539776358188,0.9722842354966815,0.7827197237989914,1.5825306700095743,0.8317257694708027,0.6318138772882949,0.6425536454314124,0.817322100229331,0.9735787595341302,0.40315733917732005,1.6962894226868668,1.0803042164153343,0.6392989137101971
2023-12-30,1.0850090298448867,0.4647697680935554,0.9301089738754783,0.9907866779949924,0.9672956138155021,0.7848944629515922,1.3126572979959257,1.0782900168829408,1.1618861663282556,0.8669442222893408,0.9126508381553604,0.628587894950956,1.1135577049519743,1.423631220800862,1.2863514986663387,1.2836482233357738,1.2700313114206023,1.365364027313548,0.834625066199965,0.9447914465872943,0.9593627185031295,1.6104454361499734,1.369800328571842,1.0709918661359463,0.6955296929018003,1.1801331377310447,0.9730739218060253,1.147637933672731,0.8668392120399097,1.0296305612001373,1.652745550365394,0.6295220068016991,1.6423728282960637,0.8609770859958789,1.3122291887011819,1.5236416832775832,1.1195432061544046,0.6994272046834593,1.3677562135071355,1.0289221521275562,1.033267724717279,1.4016700220084801,1.1011580609895135,0.6956160428441543,0.7454869963985804,0.9295035649666902,1.2137516183843067,0.500335329728205,1.8692663046055933,1.3121660116714076,0.898474148998115
2024-01-06,1.0421797260352201,0.5467879624630064,0.8366859159382072,1.202861418435392,0.9030117085540846,0.8213607986196971,1.144367900816961,1.191253732937344,1.1902248533118716,1.0177981041484956,0.9465573708422469,0.73452967499887,1.1135577049519743,1.117440026970078,1.201684021271441,1.1473596465371607,1.2185435555521995,1.17734668584742,0.9013090276747044,1.153091923000241,1.0007145598179197,1.4566551512563723,1.2396292447163306,0.9255923081506027,0.729130161157926,1.237479760792144,1.1134211220665096,1.0545862093208878,0.7824279030023155,1.3385197295601785,1.5795653999745558,0.505525247886213,1.619754861333614,0.8190247141422591,0.9710495996388746,1.2567263519004883,0.8996780618306276,0.6875725062989939,1.2451190201772553,1.387628957456429,1.0643434457614076,1.4016700220084801,1.0630861067531738,0.7614874678234471,0.8016324605624903,1.0737368767718662,1.168060196456712,0.5673093502430041,1.9194853993561913,1.207398830111256,0.6565772627293917
2024-01-13,0.9626395903886964,0.5057788652782809,0.7570015429917113,0.9675910032593237,0.83164138853944,0.7189077603140689,1.3715585870085634,0.996134587025193,1.6011358145743033,0.9386463760125193,0.9069997493742127,0.7980947430276183,0.8953227778508336,0.9777600235988182,0.9565939551283166,0.8145619590056639,0.9302121226891438,1.0990061269032,0.834625066199965,0.7216123647162799,0.8154583107276601,1.2854546454314202,1.015334454072988,0.8280682143799453,0.7862509571933395,1.104677054755914,1.0198563218928534,0.801278737474204,0.7272358932469654,0.9119584970629788,1.4951267649082038,0.2193788811581679,1.5025526688918291,0.8190247141422591,0.7479706375596736,1.032585913372287,0.8819877628620478,0.5927349192232706,1.0842065244705335,1.1044393743020557,0.9070226079755062,0.9721259830058813,0.8141540982847998,0.6894082645738545,0.5957657586281542,0.7371924825597888,1.013412306855623,0.4727577918691701,1.4507738483506096,0.8845098115324279,0.6047422156718081
2024-01-20,0.7586905246283794,0.6561455549556077,0.6690739590507503,0.8217896192065489,0.7807710540609168,0.593880323737709,1.0125412063601051,0.8112848698452603,1.0627007618855995,0.9288688095957223,0.8231752657871878,0.8263458843737287,0.5539809687952033,0.7836284934896097,0.7219016493670215,0.6972903929231364,0.5320401439734955,0.7945970978628024,0.7141637164391453,0.557947704677536,0.6897487131306983,1.0765319942552074,0.7319620176798366,0.6064225467193604,0.53760749209801,0.7877615062603648,0.552032321024572,0.5272931046604439,0.6687972946824771,0.5662968086600755,1.1483654369023855,0.31476100340084956,1.16996574560308,0.635959818781009,0.7086037618986382,0.7716590669940371,0.6595954329713308,0.5808802208388052,0.8131548933529,0.7740515272886203,0.7516440027548627,0.904303240005471,0.576936537273761,0.6293997412942893,0.48971321520743566,0.5929591707546127,0.7919846467449724,0.5055881940823069,0.9932220961784943,0.637190563259283,0.501072121556641
2024-01-27,0.8219147350140776,0.4647697680935554,0.6347272465738124,0.7853392731933552,0.6458760875084149,0.460170426287991,0.9452254474885191,0.6983211537908569,0.8926686399839037,0.953079926437315,0.826942658307953,0.769843601681508,0.5371936667105002,0.6321112016970568,0.5451397228759195,0.5800188268406089,0.442794700468264,0.7005884271297385,0.7270702896278046,0.4017223473678259,0.6632835346892326,0.8560025291247606,0.6408422589809787,0.5000326262422796,0.514087164318722,0.6775956251166739,0.4865369609030126,0.4807672424845224,0.558413275171777,0.5368787926257859,0.9975017422505035,0.31953010951298366,1.0255191838656172,0.6531221527211263,0.5511362592544964,0.700652744864874,0.6848672886407305,0.48130075440929576,0.8334642374712241,0.7551722217449953,0.8876002823229256,0.7912653350047871,0.6179371033744344,0.6752683251803937,0.4242101736828742,0.7371924825597888,0.7416069251324963,0.4898296010200012,0.7756060189259029,0.5495983294958775,0.3282886313646958
2024-02-03,0.6628344637210304,0.7244940502634835,0.5124529501559134,0.6494788925987242,0.585894648347171,0.44627848889061766,0.7741312270232382,0.5134714366109242,0.7651445485576317,0.9158320543733262,0.7770247074078146,0.663901821633594,0.4476613889254168,0.5476718776251653,0.50206328700834,0.3771707125356965,0.40846952988932883,0.6289627732378802,0.6926527611247132,0.4537974664710626,0.5028383903878472,0.7849107936550771,0.6138067261802187,0.48939363419457155,0.49056683653943406,0.6353402186506008,0.3181203205904313,0.6823793119135156,0.4707553773250446,0.6251328407286548,0.9040563194437408,0.3290683217372518,0.8445754481660196,0.6283321148076236,0.4199133403843782,0.577461053460061,0.6924488453415504,0.45759135764036496,0.6545857835059848,0.6230170829396212,0.7438750724938306,0.8025691255048555,0.5330073593087539,0.68871851143271,0.39301824914736877,0.641036941356338,0.6841997539926981,0.453059550541288,0.68074772884144,0.5805132355300207,0.3974020274414739
2024-02-10,0.7036242768730937,0.7518334483866338,0.5028358706623708,0.6859292386119178,0.4935181703140317,0.3941837236504677,0.6479141791390146,0.8215542985774787,0.9068379834757117,0.8576322542733436,0.8015127587927882,0.769843601681508,0.40289525003287513,0.5334671315196134,0.4782969775641583,0.370831708963668,0.43249714929458344,0.604341454712554,0.7636389136623392,0.47611537465816406,0.46975691733601516,0.6673918023684574,0.5997883017650097,0.3954158711064835,0.5812881008309733,0.626285488693585,0.45846752085091574,0.5996666680452107,0.4447826668519387,0.5883603206857928,0.7689545033375778,0.3290683217372518,0.8055080506854246,0.6826795056179947,0.5642585511415082,0.5586401006065479,0.6975032164754303,0.3840922276566794,0.6061558090699812,0.575818819080559,0.8409867007567327,0.6782274300041032,0.4934710991402474,0.6518167183814833,0.35870713215831274,0.4487258589494366,0.6994302279685629,0.4399273896560333,0.5468301428398452,0.5719257616316475,0.4492370744990575
2024-02-17,0.9075733426334108,0.5604576615245815,0.4204037607177199,0.6196558822242929,0.47959842704876415,0.3629268645063778,0.6591334722842789,0.7291294399875123,1.0343620749019835,0.8171251934037557,0.8297682026985268,0.6568390362970664,0.31336297224779175,0.5697681493449126,0.4545306681199765,0.35181469824758244,0.48398490516298626,0.6312010749220008,0.7077104298448157,0.3942830446387921,0.4515621071575075,0.5658321802689096,0.5477198682228053,0.42555968190832305,0.4872067897138215,0.6157216370770667,0.3836156807119907,0.4911063229680605,0.35712476900520623,0.522169784608641,0.7092845345573557,0.34814474618578817,0.6790530535771832,0.6617033196911849,0.5511362592544964,0.506454731330898,0.6697041752390908,0.3983178657180379,0.6233406387085632,0.4153447219597474,0.7846619563642494,0.6669236395040349,0.6809022584576113,0.5962915905193569,0.30568086044795345,0.4487258589494366,0.6877144787563592,0.37295336914123417,0.6193688352573756,0.542728350377179,0.27645358430711225
2024-02-24,0.9075733426334108,0.38275157372410445,0.388804785238937,0.6362242213211992,0.40392564093394595,0.3334064975369595,0.5805984202674287,0.9653263008285374,0.9068379834757117,0.7077095692157883,0.7892687331003013,0.7274668896623424,0.5148105972642293,0.5555634032393608,0.4782969775641583,0.3327976875314969,0.5423376951471761,0.6468691867108448,0.6625374236845083,0.4909939801162317,0.4151724868004923,0.5048964070091808,0.5286948636593074,0.3369014148440891,0.46368646193453356,0.6323219753315955,0.3555462406598938,0.5634798863528273,0.32465888091382383,0.3677252004286205,0.6147132632830417,0.3290683217372518,0.5603087270243222,0.6607498566945117,0.4986470917064491,0.5458076327518799,0.500382742254113,0.45759135764036496,0.5303863329362335,0.4153447219597474,0.7341639096675403,0.5086705725030775,0.6457589160856056,0.5200738684228977,0.26825055100534695,0.43269993541552815,0.6830281790714776,0.3243643738657917,0.5803095393402439,0.47918104352921825,0.2073401882303342
2024-03-02,0.7097427488459033,0.25972428216992804,0.3269807027804488,0.6097148787661492,0.34774049539050234,0.23442644358067463,0.46279584224215325,0.8318237273096972,0.6942978310985917,0.6434569899054076,0.6630610836546684,0.7557180310084528,0.34134180905563033,0.47822645222024524,0.4025418662108288,0.29476366609932586,0.435929666352477,0.6200095665013979,0.6367242773071898,0.3868437419097583,0.4432917388945495,0.4178453023524255,0.5617382926380141,0.28193328926426403,0.5040070238418843,0.5508294057184543,0.4116851207640876,0.4187327595832937,0.3701111242417592,0.3088891683600412,0.5809378092565008,0.22414798727030197,0.48011775324836414,0.5577758530538085,0.4986470917064491,0.4106389713493767,0.5483992680259724,0.30585121831920764,0.4585224999021636,0.18879305543624883,0.7011459560581536,0.4069364580024619,0.6589376694751078,0.45351269030246055,0.2838465132730997,0.27244070007644366,0.5635275371069995,0.3677005047871323,0.585889438756977,0.4259387053593051,0.08639174509597258
2024-03-09,0.6057287253081416,0.43743036997040513,0.258287277826573,0.5832055362110993,0.30775286928300644,0.21011555313527136,0.47681995867373367,0.5648185802720166,0.7934832355412477,0.5112270440782472,0.5425045229901833,0.5367716855760973,0.24621376390897923,0.40562441656964693,0.33718451523932896,0.3042721714573686,0.4050370128314353,0.5506222142936603,0.5700403158324503,0.18598256822584533,0.3837450874012518,0.2887194971115718,0.4676145858501829,0.30853076938353424,0.46032641510892097,0.4844280527003393,0.43039808079881886,0.4911063229680605,0.2759600487767503,0.3677252004286205,0.46047202322850556,0.3290683217372518,0.3598312925844271,0.4986611472600716,0.4855247998194373,0.31396771351087766,0.5256545979235128,0.3248187357343523,0.39525108168738465,0.3115085414698106,0.6118032580562835,0.35041750550212003,0.5593648660877582,0.3703974367945571,0.32439601516925676,0.30449254714426055,0.5295518643916087,0.26526964988214546,0.5579899416733114,0.3572389141723204,0.15550514117275066
2024-03-16,0.5098726644007926,0.2323848840467777,0.2500440668321079,0.42414948088079946,0.2611850009046568,0.20143309226191303,0.3001160916358206,0.35943000562764693,0.4675883352296638,0.4008802230886801,0.4596218875333497,0.42376712019165574,0.3301502743324949,0.3353898386033073,0.3089620227743631,0.1679835946587556,0.32952163755777786,0.39617939808934094,0.40010376884843685,0.23805768732908203,0.2679599317198396,0.2916212006001303,0.38350403935892946,0.22696516368443898,0.3057642611307431,0.35917095496162227,0.22455552041677507,0.3980545986162175,0.2305078054488149,0.24269863228288951,0.3568939642137806,0.20984066893389972,0.3145953586595277,0.3461070677923633,0.36742417283633094,0.31396771351087766,0.43720310308061394,0.31770591670367304,0.31323257659415266,0.21711201375168618,0.450597955139866,0.24868339100150452,0.43343455592140423,0.31211329636785307,0.24017781892339202,0.14423331180517607,0.4252816964029955,0.25476392117394164,0.5133507463394466,0.31258404990078037,0.13822679215355613
2024-03-23,0.40381915020542775,0.12302729155417644,0.20745414336070492,0.40426747396451196,0.2399257566449754,0.18927764703921138,0.20755692318738994,0.39023829182430236,0.4109109612624318,0.3557171782110936,0.3635533782538381,0.5226461149030421,0.25180953127054695,0.2746250913740022,0.21389678499763598,0.1457970821566558,0.1956534722999306,0.3312686492498444,0.37429062247111833,0.26037559551618344,0.21668364848949995,0.2335871308289601,0.32042112949048934,0.1985945182238841,0.24528341826971703,0.31389730517654385,0.29940736055570005,0.2584770120884529,0.24024757187622964,0.161799088188593,0.25669345060170967,0.26230083616737465,0.2894071681786178,0.3060616219320898,0.32805729717529547,0.25493836137940473,0.3260069381352555,0.2442067867199875,0.3179193483137659,0.15103444434899907,0.361255257137996,0.20346822900123096,0.3353260584662215,0.27693588616948733,0.19027073966658328,0.24038885300862675,0.420595396718114,0.26658286597067093,0.3236341661705206,0.2473192482731449,0.1036700941151671
2024-03-30,0.371187299683777,0.12302729155417644,0.18684611587454217,0.24189775081483092,0.20677145904951993,0.2031695844365847,0.19633763004212562,0.40050772055652084,0.36840293078700787,0.29472378770631186,0.3494256563009687,0.3884531935090178,0.19025609029330215,0.2612094978298699,0.22280915103920415,0.11727156608252749,0.18192340406835653,0.29545582230391526,0.24522489058452582,0.15622535730971007,0.19848883831099232,0.2234311686190053,0.2613434837406804,0.19150185685874538,0.14784206032695274,0.25202331713693665,0.2432684804515063,0.29983333402260537,0.25648051592192084,0.08825404810286891,0.2668260868096719,0.2193788811581679,0.252395949512791,0.2631557870817969,0.22307896207920092,0.2155854599584228,0.2754632267964562,0.17070765673630195,0.2515234156192448,0.19823270820806127,0.33212176865912535,0.2825947625017097,0.2913968805012143,0.2407238462594049,0.1996283170272349,0.11218146473735915,0.34912932652367124,0.19172954892471897,0.3236341661705206,0.24044926915444642,0.13822679215355613
2024-04-06,0.35283188376534846,0.04100909718472548,0.1744812993828445,0.23527041517606845,0.18854924968407877,0.15802078789512142,0.2299955094779186,0.3286217194309915,0.26921752634435187,0.26213189965032163,0.24864790637050066,0.3743276228359626,0.173468788208599,0.21622780182895576,0.20498441895606784,0.13945807858462728,0.19222095524203708,0.2417365818850216,0.2409226995216394,0.1711039627677777,0.18029402813248468,0.23503798257323935,0.25934085168136484,0.17199703810461392,0.1780824817574658,0.1976949373948425,0.1777731203299469,0.11889942556068833,0.1688226180751884,0.16915359219716541,0.2533159051990556,0.14784228947615663,0.26113470947555567,0.25171423112171876,0.3018127134012718,0.26178234423522767,0.18448454638661746,0.17544953609008812,0.27105163111763336,0.23599131929531106,0.22724121013519105,0.21477201950129937,0.26943229151871073,0.2172722394604944,0.16219800758462838,0.20833700594080987,0.29992317983241557,0.16546522715420953,0.3180542667537875,0.21468684745932717,0.06911339607677806
2024-04-13,0.2814497107492375,0.05467879624630064,0.16761195688745695,0.2187020760791622,0.18298135237797175,0.1250274365763598,0.1598749273200166,0.3286217194309915,0.3117255568197759,0.20672568995513818,0.20438104425151002,0.40257876418207295,0.17906455557016673,0.194920682670628,0.1529956170469202,0.10459355893847046,0.13043564819995374,0.2506897886215039,0.17208764251545672,0.10415023820647339,0.14225033412287783,0.23213627908468085,0.19625794181292472,0.15071905400919774,0.11760163889643967,0.2082587890113608,0.14034720026048442,0.20161206942899326,0.17856238450260312,0.17650809620573782,0.194771784886385,0.14307318336402253,0.23954483192049003,0.20880839627142578,0.32805729717529547,0.2044639878177105,0.20470203092213718,0.1612238980287296,0.23980648632021162,0.2076723609798737,0.20976111704786865,0.31650613400191485,0.2108600542320345,0.20796057205504465,0.1434828528633251,0.11218146473735915,0.30226632967485634,0.13132160885254723,0.17297688191872654,0.15629202495039018,0.2073401882303342
2024-04-20,0.21822550036353922,0.02733939812315032,0.11403108542343382,0.1590560553302998,0.14704310612946278,0.09377057743226985,0.14585081088843618,0.21565800337658816,0.17003212190169592,0.16435623548235084,0.16293972652309324,0.3531392668263798,0.15668148612389587,0.14362576617835748,0.13071470194299978,0.08240704643637066,0.13386816525784725,0.12310659262663136,0.13551901848092215,0.13390744912260863,0.11743922933400379,0.1523394331493218,0.1592092487155869,0.08688510172294929,0.10080140476837686,0.16751250420479022,0.11227776020838753,0.11889942556068833,0.13311014117466777,0.11031756012858614,0.13847936150881707,0.10015122835481578,0.18659822744021004,0.14874022748101562,0.15746750264414183,0.14201264425832613,0.17437580411885759,0.10432134578329563,0.1679426532861417,0.16991374989262395,0.11653395391548259,0.1695568575010258,0.17278809999569492,0.1679548898686679,0.16843639249172945,0.048077770601725356,0.24251600869261727,0.11818944796729253,0.21761607725259144,0.15457453017071557,0.13822679215355613
