date,1,2,4,5,6,8,9,10,11,12,13,15,16,17,18,19,20,21,22,23,24,25,26,27,28,29,30,31,32,33,34,35,36,37,38,39,40,41,42,44,45,46,47,48,49,50,51,53,54,55,56
2020-02-29,0.0,0.0,0.0,0.0,0.0015185174471200975,0.0,0.0,0.0,0.0,0.0,0.0,0.0,0.0,0.0,0.0,0.0,0.0,0.0,0.0,0.0,0.0,0.0,0.0,0.0,0.0,0.0,0.0,0.0,0.0,0.0,0.0,0.0,0.0,0.0,0.0,0.0,0.0,0.004741879353786165,0.0,0.0,0.0,0.0,0.0,0.0,0.0,0.0,0.0,0.01575859306230567,0.0,0.0,0.0
2020-03-07,0.0,0.0,0.008243210994465096,0.0,0.04099997107224263,0.027783874794746623,0.0,0.0,0.0,0.006518377611198051,0.009418481301912904,0.014125570673055192,0.0,0.006313220491356373,0.002970788680522722,0.0,0.0,0.004476603368241141,0.0,0.0,0.009924441915549616,0.20311924419909574,0.0,0.003546330682569359,0.0,0.0030182433190052292,0.0,0.010339080483538116,0.012986355236552954,0.02941801603428964,0.009006787740410867,0.0,0.07813479496118989,0.003813851986692708,0.0,0.0,0.00505437113387993,0.023709396768930826,0.003124514479742171,0.056637916630874655,0.007768930261032173,0.0,0.0029286118643338122,0.005518025129155414,0.006238384907101091,0.0,0.0,0.24951105681983976,0.0,0.0,0.0
2020-03-14,0.06118471972809511,0.02733939812315032,0.021981895985240255,0.04970501729071868,0.12173448201079448,0.32993351318761616,0.1290218711705397,0.1232331447866218,0.0,0.05866539850078246,0.1280913457060155,0.042376712019165576,0.02238306944627084,0.0915416971246674,0.04456183020784083,0.10776306072448472,0.05492027292629631,0.06714905052361711,0.32266432971648135,0.029757210916135254,0.0678170197562557,0.6470798779485478,0.07109343810570233,0.07092661365138718,0.04032056190735074,0.018109459914031376,0.08420832015629065,0.175764368220148,0.11687719712897658,0.0735450400857241,0.14636030078167658,0.1239967589154862,0.48165988735944026,0.05720777980039062,0.02624458377402364,0.044485888562849144,0.01516311340163979,0.14225638061358495,0.07030157579419885,0.320948194241623,0.06603590721877346,0.1808606480010942,0.09078696779434818,0.03586716333951019,0.04678788680325818,0.1602592353390845,0.08669654417030763,1.367057948155017,0.0,0.09274471810242933,0.06911339607677806
2020-03-21,0.5465834962376497,0.4100909718472548,0.25279180383026295,0.36781712795131827,0.5373020900393278,1.2902136857810464,0.9592495639200995,0.8010154411130417,1.3885956621971833,0.6448537851078071,0.8730932166873262,0.45201826153776614,0.4476613889254168,1.0850847719518766,0.33272833221854486,0.32962818574548264,0.3363866716735649,0.26635790041034785,2.9405475914828663,0.9894272629614972,0.5607309682285533,4.963363817179332,1.1805515989665216,0.4007353671303376,0.759370582588439,0.31691554849554904,0.4116851207640876,0.2067816096707623,0.8830721560856009,0.7942864329258202,2.6750159589020273,0.40060491341926313,10.142616048547616,0.4862661283033203,0.7086037618986382,0.37813005278421774,0.24766418556011657,0.4789298147324027,0.5499145484346221,0.7551722217449953,0.6020920952299934,0.13564548600082066,0.796582427098797,0.3452214471427856,0.679983954874019,1.4102812709839436,0.2811779810928896,2.882509314313412,0.13391758600159473,0.8759223376340548,0.7256906588061698
2020-03-28,2.659495817514534,2.0777942573594244,1.8382360517657164,2.187020760791622,3.0967632471602524,5.228577937936381,7.460829941600774,3.4710669114898476,2.918884759312447,2.7940560031999646,3.2295972384259346,1.5679383447091262,2.1487746668420007,4.317453663526339,3.282721491977608,1.4516318179945293,1.4347921301994913,1.0273804730113418,10.979191592486139,2.097883369587535,2.6531341387569305,14.18207580032972,8.479144139142074,1.0887235195487932,3.6557309462664676,2.4689230349462776,1.9180784035599536,0.5996666680452107,2.749860721340088,1.8533350101602473,19.42764115606624,1.4593464703130299,43.16947421605741,1.5598654625573176,1.73214252908556,1.9830440324746985,1.6376162473770974,1.6217227389948685,3.8212812087246752,2.369352845724923,1.8878500534308178,1.2208093740073858,3.0823639872113375,1.3067373258981163,2.875895442173603,5.080217760248979,1.3660563581429552,6.067058328987683,0.9374231020111632,2.6552469293769585,2.038845184264953
2020-04-04,3.777136697881071,2.1871518498520257,3.4236802997011697,2.143943079139666,2.6928376062263064,23.463482264163524,20.371431528513693,7.784226979021611,8.473267408101181,7.238658337235435,7.132615889938642,2.810988563937983,8.818929361830712,10.797185345342236,8.080545211021803,3.0997727467219427,2.9656947380200007,2.6747705125240815,39.45109204666845,3.578304612665264,7.046353760040227,24.043515106195816,19.4425533478651,1.5000978787268389,5.322314171770298,4.863899108576927,2.5449625647234506,2.3211235685543072,7.437934961735704,5.192279830052121,50.14866829014015,2.832849030607646,71.25173637875349,2.9175967698199217,2.965637966464671,3.991753000658733,3.957572597827985,1.9915893285901893,11.477903941332865,9.439652771812442,4.8827726690587205,3.2554916640196954,5.712257441383101,1.8309497131678807,5.071806929473187,7.948858072818592,3.9060307873487248,7.814948942815087,2.0757225830247186,3.3491148203655037,3.6284532940308485
2020-04-11,6.603870749319065,2.4332064329603784,3.7753906354650137,3.3269224906587707,4.3657376604702804,9.498612195454003,34.367499727230935,18.063925139972312,12.412344898823802,6.477870550328463,10.215284820054736,1.6385661980744022,4.185633986452647,13.904078979650992,10.344286185580119,4.583099582576614,3.9611246848091217,2.677008814208202,32.29439721355689,2.4475305978521247,15.114925037382065,35.196212464470456,19.664845506449126,1.9894915129214104,7.976751164004222,5.325690336384727,2.0958515238899005,3.913341963019177,6.032162007378847,5.074607765914963,57.49145199551011,5.5893923634211475,72.53890431679835,3.6231593873580725,2.6507029611763873,4.296310237742854,3.5784947627869905,2.23816705498707,18.50649926351288,25.27939012291372,5.026497878887816,9.359538534056625,5.281751497326031,3.075609256362999,4.759887684118133,8.012961766954225,6.256210079316793,7.891115475949564,3.2921406558725375,4.063592648710145,2.5571956548407884
2020-04-18,5.881891056527543,1.5856850911427185,3.6572379445443475,3.3434908297556767,4.648181905634619,10.085546550493024,33.688732491942446,21.576069766391033,12.582377020725499,6.516049619194051,10.720115417837267,1.539687203363016,2.8986074932920736,15.75227427849557,9.524348509755848,6.354851080958584,3.7483086272197235,5.237625940842134,15.335160043658636,3.4518364662716894,15.323338317608608,44.28870034586854,14.5901758681435,2.7803232551343773,8.951164743431866,3.8392055017746514,0.9169350417018315,5.376321851439821,6.200984625454035,6.722016663835182,52.59288531319415,6.743516042557595,53.57065475056212,3.792875800765898,7.243505121630524,6.796074975832185,2.744523525696802,2.242908934340856,15.049223991678167,35.747965046853714,4.028190340345182,20.708544196125285,4.871745836319297,2.6983142881569973,4.245220929282293,2.9647958537730634,6.973213931103662,4.055211281366659,2.3212381573609755,3.386899705518345,1.6587215058426736
2020-04-25,6.061366234396622,0.683484953078758,4.29196519111816,7.203913839334828,5.967773567181983,11.558091914614597,39.461058815180934,21.59660862385547,14.636931827037658,4.98004049495531,9.928962988476583,0.43082990552818334,2.5964360557674175,19.763536748191125,11.16422386140439,16.335612205117478,9.020654828144169,5.441311394097107,12.601117623194318,1.7631147467810138,17.996321340196637,43.05837806671973,13.122246568665197,4.377945227631874,11.719843327736616,4.116883887123133,0.3555462406598938,15.508620725307175,5.986709764050912,6.626408111723741,54.459542072394306,8.221938937319162,44.7517038140215,4.5852035510013085,7.453461791822713,9.179492005372525,3.957572597827985,1.9394286556985416,15.292936121098057,49.3127460799482,3.9038874561686665,13.677586505082749,7.396209263375043,3.3680645882082354,5.929584854199587,1.3622035003822184,10.10600527044694,4.455742188366928,2.5109547375299015,5.111264464311661,6.289319042986804
2020-05-02,5.816627355484242,0.7108243512019083,5.709797482166156,3.134729757134658,5.7961810956574125,9.717410209462631,26.976790367788062,29.832690467094697,15.557939154005178,4.302129223390714,9.515491659322606,0.19775798942277267,1.947327041825563,26.39873148460667,14.544981379839248,22.224546523531966,12.013809702627318,4.3199222503527,11.306158113265505,2.7971778261167137,22.187743975863757,36.0391573278967,12.464381937180036,9.888943108344657,11.57872136106089,4.162157536908211,0.18712960034731255,26.860931096232026,5.571146396481217,9.112230466621215,40.90207482614085,10.224963504415477,30.09834549057625,5.721731443035735,8.503245142783658,6.4128119359061,3.320721834959114,1.8113979131463152,14.896122782170801,41.307920529451245,4.801198901317883,9.969943221060317,10.045138694664976,4.841377297692731,6.294530371265001,1.4102812709839436,12.587400953591692,4.471500781429234,1.9529647958565899,6.77723440059604,3.040989427378235
2020-05-09,8.239542256716808,0.4100909718472548,7.1331252472104625,2.564778892201084,6.771575469190888,9.321489993637492,20.92398171591796,25.39629725477631,18.490993256809432,4.207147149627541,7.883268849701101,0.1412557067305519,1.6115810001315005,27.84761558737296,13.181389375479318,19.48609698041565,13.345626321090004,7.037220494875073,9.79393795466093,3.786605089078211,23.35882812189861,28.658674504748127,8.185758542452346,16.134031440349297,13.016821402423066,3.978044694448892,0.05613888010419377,28.70128742230181,4.681581062777339,8.57535167399543,31.674620786089914,9.886356970453958,20.179338888134673,5.859983577553346,7.79464138088502,7.463363304274922,3.229743154549275,2.489486660737737,11.665374810117395,19.55896054319538,4.047612665997762,18.199102705110104,5.710793135450934,5.539752353101463,6.696906197773021,1.105788723839683,12.788911840041594,4.446549675747249,1.5400522390183395,7.828341205756906,2.5571956548407884
2020-05-16,8.598492612454965,0.49210916621670575,7.435376317007516,5.583530275657399,6.17935366481405,8.133729346162074,20.83142254746953,25.889229833922798,13.319182882299515,4.465088663670665,7.310625186544796,0.12006735072096913,2.39498843075098,25.854216217227187,10.540358238494617,16.804698469447587,7.6201878685236135,5.593515908617305,11.598707105541783,3.5634260072071964,21.284619761548743,21.85272897233414,9.027865323394538,14.80061110370322,11.72656342138784,3.072571698747323,0.18712960034731255,21.13825004859368,4.564703865648363,8.17820845753252,17.318926976342546,9.905433394902493,14.575223528484065,7.15478632703552,10.68154559602762,6.462430811610816,3.775615237008308,2.1433294679113466,10.282777152831486,35.06831004728322,4.389445597483177,12.795890846077414,7.377173286256873,4.66824925926548,5.680049457915543,0.41667401188161973,15.200013027913123,4.165521432802799,1.6404904285195356,7.72185652941708,3.040989427378235
2020-05-23,10.197453288015852,0.5467879624630064,6.558848214596061,7.876588406669221,7.125390034369871,6.975489065656074,18.736219552591418,20.097272028951572,13.092473386430587,4.94791420530012,8.371146181140189,0.05650228269222077,1.9697101112718338,24.136231091016832,10.757225812172777,16.332442703331463,6.913089354597548,3.957317377525168,12.013868543110322,5.445569597652751,24.900424766113986,17.468255001122234,8.428077021629528,17.31318639230361,12.647216251605684,3.0755899420663284,0.2058425603820438,18.00033912183986,4.629635641831128,7.803128753095327,18.5258365335576,7.091660788743384,12.244544841944363,8.712744863599491,11.705084363214542,6.731057138701867,3.6543103297951895,1.3087587016449815,8.615848677889037,29.989776856048127,4.793429971056851,11.41682840506907,7.554354304049069,4.379242693125965,6.986991095953222,0.6250110178224296,14.213546944245568,2.6356246896706232,2.4160964474454385,9.24012191464944,2.4880822587640106
2020-05-30,13.70945620040851,0.8748607399408103,8.806497079086878,8.045585465457664,9.104018267967358,4.683319395089478,11.180025619255897,18.351469144474432,10.641176962347803,4.932549458073725,8.944731692426686,0.11300456538444154,2.3278392224121673,17.573638390251883,9.833310532530211,14.858624372834834,5.107585382145557,5.123472554951985,11.4502815138722,3.9725876573040564,21.5691204297945,10.28653886693992,5.727527689642497,15.284685241873937,14.945488280324676,3.4619250868989977,0.4865369609030126,19.830356367426106,6.434739019711989,5.9939207669865135,14.280261962421429,9.175760159745979,9.853208880368998,10.322190401983814,6.246210938217626,6.202359463089545,2.314901979317008,1.408338168074491,7.117643984852665,14.06508263000054,5.822813230643614,11.213360176067841,8.100540416747325,4.516158691643134,7.1148779865487946,0.7371924825597888,18.421844061269148,5.4708582247971185,3.3758391471235343,11.517519992497984,2.937319333263068
2020-06-06,10.874564186340104,3.581461154132692,17.016735229574113,13.612547402018157,9.302437881057717,4.0425537826356335,10.001999839003142,9.098713856745576,7.821477607478013,6.823344563721959,9.14534534415743,0.296636984134159,3.760355666973501,12.588561659764608,8.276617263936304,14.151825474553654,4.606437891693103,7.084224830241605,12.437634362804634,3.630379731768501,18.085641317436583,7.1381905818539355,5.304972325126914,11.724169236574301,12.163369508717475,4.4141808540451475,0.6549536012155939,17.23524716605804,6.3243550002012885,7.72222920900103,9.893956332841338,9.380831722567745,7.8062828702672995,13.319878063524282,7.427217208048689,5.266444807555756,3.239851896817035,1.8256235512076735,5.889709794313992,5.871464024067339,8.328293239826488,9.201285467055667,9.94849450314196,11.364027876925002,11.728163625350051,2.211577447679366,13.55746498836216,6.415060592446933,1.6404904285195356,8.041310558436559,1.4168246195739505
2020-06-13,20.43161740786856,3.9642127278567965,25.303910016009688,19.653363836750167,10.510671596482942,4.304764101011055,6.473532144817514,7.85611298014714,6.2345111363955175,10.049010284463394,9.901649392701035,0.7062785336527596,2.39498843075098,7.88363408858127,7.563627980610851,14.205707004915897,4.524057482303658,5.1749534936867585,15.963279938840053,3.4518364662716894,12.647047147715394,4.972068927645008,1.805372801472976,9.54140270145286,15.516696240678812,3.2657392711636577,0.8982220816671003,11.233410945364163,9.778725493124375,4.155294764843411,6.581710141305241,7.582878718293195,5.179514434400982,16.349983466951638,5.747563846511176,4.688128256238718,5.1251323297542495,3.8266966385054353,5.2132524094498125,14.272754990980411,17.15768248148955,10.535132746063738,10.557645770923394,9.821739853326063,11.821739398956568,2.5320959183575353,10.478566095395019,5.403884204282319,1.5400522390183395,6.68792467205296,3.8357934822611828
2020-06-20,17.617120300376186,3.4174247653937897,42.49924815046388,19.401525082477193,13.54973118065263,5.528991084154578,4.109066114453058,9.242485858996636,3.8965694602471985,18.845095272374365,12.187514804675297,0.9322876644216427,7.2856891047611585,6.766983214172612,7.480445897556215,11.277087354638724,7.393641742702641,5.282391974524546,13.958458903534982,2.6930275879102403,8.769898506040677,3.762058572916109,3.4625508305566006,8.119324097742547,8.689081091034085,5.390582567743339,2.0584256038204383,10.995612094242787,12.849998506569147,3.250690771789005,5.4164569773895845,6.943818499267227,4.62434615441358,16.61695310602013,5.432628841222893,5.8344953845890615,9.931839278074063,6.510600352748405,4.371195757159297,7.9009893700070135,22.533782222123815,8.862171752053616,13.294433558143341,16.63339699869785,16.91226148315106,0.7051406354919718,8.374417536883229,7.481392056329617,2.5221145363633677,6.942113899444803,4.457814046952185
2020-06-27,22.02649910211424,5.003109856536509,54.94374901510802,27.049470409609107,20.212479566133243,7.798586356450443,2.821652226033977,8.349045559293627,3.2872876900994545,36.071770503568416,20.560544682075868,1.1441712245174704,14.744846997730916,7.869429342475718,7.4685627428341235,16.338781706903493,10.4348518559963,6.923067108984924,23.156543395986144,3.2063394762135733,8.250519379126914,3.6619498025608404,4.203524692503358,9.07506021669499,32.86125795449085,7.915343104091213,2.881795845348613,11.109341979561705,21.836556330263793,2.9197380914032465,4.379550538774784,11.002327800693333,4.789868549002416,18.548669137279987,5.3801396736748455,8.886911738286095,13.181799917158857,6.373085851488606,5.939702025989868,7.03254131500027,31.786578163013132,9.065639981054847,15.610965542831387,25.474997638457683,19.747607423428505,1.6987478945942958,8.913342000644601,8.110422562733318,3.147063271037476,9.435916319532348,7.360576682176864
2020-07-04,33.17435503657317,8.50255281629975,67.1656831829016,25.32967681135024,25.05250084258737,9.9032148721525,2.9759175067813612,18.105002854901187,3.273118346607647,53.5214673687456,33.089008509880415,1.7798219048049542,22.920263112981342,8.721714108808829,8.487543260253418,18.902908651789026,15.748388261615467,5.407736868835298,36.66327223791805,3.6155011263104333,9.563853859284647,3.235399389742739,5.806631655985462,9.199181790584918,34.56144164825081,9.048693470377676,5.8945824109403455,10.91806899061625,33.99827800929563,2.2872507466660195,5.40407264424652,13.620567056254945,4.927632529591883,21.058183744523788,8.45075597523561,11.511579163494195,15.17322214390755,8.706090493551399,7.097334640734342,8.38241166136945,44.46547234901764,9.088247562054983,29.646337902651183,30.498469765412544,21.73765220879375,1.2179701885770422,9.049244691506164,10.85373097166303,4.720594906556214,12.946475649187265,7.3951333802152535
2020-07-11,39.10111488756798,9.090349875947481,69.69085348420607,30.316746879519016,31.00306454536866,13.202550004028662,3.1498165505329583,15.003635377771205,5.0159475961000295,59.98769795905406,37.57974039463249,2.832176919947566,35.096652891752676,10.914769076993748,10.834466317866367,22.74117531465229,19.05733470542482,12.290514547506051,58.14626331044138,1.8077505631552166,10.3412684760027,4.16974791305858,7.561938655975549,13.976089220005843,31.886844375063212,12.177102670526597,9.54360961771294,12.375879338795125,34.173593804989096,2.2284147145974402,4.98976040818762,16.262651842377227,4.958475211813405,24.2427501534122,13.620938978718268,13.741006578778519,20.879607154057993,9.109150238623224,8.23153339688075,3.030128539751794,43.94495402152848,9.630829506058266,31.77690303395403,42.44085565118715,24.114476858399268,1.4423331180517607,10.94953921372561,12.503130378851024,10.501370702291721,15.883391722430861,8.051710642944645
2020-07-18,54.57269101614563,13.546671770020984,58.6229688556376,30.694505010928477,31.66463197983065,13.124407856168437,3.4050554695877215,13.719956786243895,5.5685519922805415,77.28654094237208,44.37140726144188,2.132961171631334,42.49985311110676,12.115859275474298,13.591358213391453,23.188075066480298,20.63629255205584,13.705121211870251,50.7099260582422,1.874704287716521,15.67731007926321,4.426548671796008,9.9560852828873,13.825370165996645,43.19004189642387,14.973505105584941,14.858090267576616,15.327686816845258,49.60138382601401,2.426986322828895,4.912076863926576,18.628128473995734,5.657576008834578,26.70077775883565,17.872561550110095,16.43753582397276,26.67697084461827,10.896838755000609,8.784572459795115,11.138790270738681,50.16009823035422,9.223893048055803,44.47682838363761,41.5986670658498,24.495018337732436,1.7468256651960212,15.44370061152696,16.490054423614357,8.347529527432739,19.943549381581658,9.29575177232665
2020-07-25,48.97632865168253,19.944090930838158,51.59150987735888,35.25079826257769,33.85281562113071,12.158918207050991,4.970146863352094,14.911210519181239,7.410566646215581,71.61974280623699,45.01280583810215,3.771527369705736,39.42777682960608,14.670346116789371,17.42664639994629,22.715819300364174,22.757588093834034,20.509558331596786,65.13947488316325,2.1797156996069074,19.346045440711386,4.744285203793164,8.548234945188462,16.96032648938796,61.38805550394151,23.361203289100473,14.745812507368228,19.711456941865418,47.65343054053106,3.338944819891874,5.293739494426487,19.4484147252828,5.07567740425519,25.997122067290846,22.412874543016187,16.02005286976756,25.393160576612768,11.110223325920986,10.17654366052025,7.948187633866076,48.1518297578774,10.01515838306059,44.434363511604765,39.789789453198544,23.864941462115226,1.842981206399472,16.95503225990124,14.950965167862504,9.831782772283747,21.932408336444862,11.6628855879563
2020-08-01,49.40054270846399,26.04077671230068,46.6043672257075,33.832548435882515,29.35041139041962,9.55765292939284,5.741473267089017,14.01777021947823,6.914639624002302,60.94450267269777,45.280290707076475,8.150454278352846,36.75300003077672,16.74344989563852,16.642358188288288,21.606493675259184,17.725518086962136,17.729587639919036,53.975289074973,2.1797156996069074,20.87771764301121,5.797603570139904,11.437031690751155,17.43376163551097,59.808833495903606,29.913809534660825,15.382053148549092,20.58510924272439,47.12748315345067,2.9197380914032465,7.856170606573379,17.798304010484404,4.710705664633843,24.700412391815323,20.41828617619039,15.23299484134792,38.60275953500797,11.024869497552833,9.80160192295119,13.48926381091998,41.140370197295866,12.705460522076867,44.47536407770544,37.21149221160068,17.10253222281764,0.7852702531615141,16.85193366683385,14.541241748242557,10.746886276627977,21.063355977929508,11.179091815418852
2020-08-08,38.974666466796585,14.954650773363225,25.018145368201566,36.645852414537195,23.492983424395028,8.283067673183837,2.8777486917602983,12.610858483164298,6.347865884329981,43.31042884080385,43.04905248665331,16.230280703340416,37.87774927045183,19.3145089407434,18.31491221542258,20.54471057694441,19.599672400571997,17.257305984569598,53.19444139705911,1.353953096684154,17.2552963438356,5.7729390904871565,9.492475961155748,17.407164155391698,45.46143355053796,18.132096738923913,15.120071708062854,19.173824756721437,41.19921198796425,2.963865115454681,6.039051179945486,12.404444997660754,4.398166484789083,21.256504047831807,24.617419580034174,13.486068217399115,27.073738978627844,10.39894142285306,8.112801846650548,12.573617492054172,34.42024552150304,13.790624410083433,36.44364603976996,47.585724330983425,16.98088371712917,1.0577109532379578,19.654340878392983,13.012658221198906,9.206834037609639,20.37292307650031,8.500947717443703
2020-08-15,28.84655586113924,15.95253880485821,17.989434126920994,24.49463252086617,33.15530994042021,7.0154283856735224,3.2956673614213945,18.19742771349115,7.169687806854845,40.06008640482002,40.10200968728476,20.89171902544863,33.32839040549728,18.69581333259048,18.98036887985967,22.395699619976735,23.615717358307414,19.482177858585445,34.325031395239286,1.7259182331358447,16.911249024096545,5.635108174780627,10.818218384422646,15.275819415167513,34.33295846410916,25.65054084656594,14.408979226743066,20.554092001273776,33.69309866123664,2.426986322828895,7.280862039654634,11.307550591869914,4.2408688054593195,18.674526252840845,25.929648768735355,13.18322197602895,23.86168612304715,9.52169374240262,9.098586165009202,12.016677978517238,24.946035068174307,14.491459421087672,32.8092387161317,53.190658355923034,14.68827726376952,1.7628515887299296,15.373406116253738,11.514278664191343,10.03265915128614,17.59745151254613,7.326019984138475
2020-08-22,32.154609707771584,14.954650773363225,14.400889607330521,27.645930617097733,21.194454181937573,7.3991931562759605,3.494809814749836,8.73928385111793,5.313503809427997,26.000411495866626,32.55592246819214,21.626248700447498,24.453503370050893,21.783767305425165,16.758218946828677,24.90911453628604,23.93150892763362,18.51523153104536,21.43136477976869,2.596316652432801,12.670204178851677,5.86289189863247,8.379012536176296,15.841459159037326,37.047876299204106,23.063906322178457,13.41719234490231,15.834301760538626,28.966065355131363,1.6621179059373645,5.293739494426487,8.531930834607877,4.3601271767158725,20.726378621681523,33.51433347942819,11.106073179286685,24.248345514788966,8.02325986660619,7.3441712846339735,12.120514159007175,21.026609751483573,22.9919098771391,31.100393693292922,28.8271979044196,14.245351935365342,1.4102812709839436,14.8133933039104,10.178737902160938,8.068534556596083,17.01350328745676,10.919916580130936
2020-08-29,38.12215937191846,14.54455980151597,9.320323897741869,27.4040328662829,18.363937660505712,6.952914667385342,5.7835456163837575,10.639128166578349,5.540213305296926,19.86382457332446,29.74168025518057,25.17882972472088,22.48379325877906,20.845464909897323,21.143103039280213,48.25566469206705,28.826278252189777,20.193957794135784,21.08288730367489,2.5739987442456993,12.475023487845867,6.380845971340165,9.907020797434068,19.070393245516726,31.994365873482817,24.01616208932461,16.373840030389847,20.647143725625618,22.02485848119381,2.2284147145974402,5.2171817986329945,9.290218706437196,4.331340673309118,21.906765811562916,47.81763163627107,12.242174333353294,23.79597929830671,7.506395017043499,6.948920202946589,12.620815755913235,23.128105387092777,40.85189886724715,27.410342744232317,24.932506792947592,14.80992576945799,1.666696047526479,15.785800488523309,8.929869401973212,8.76044208427099,16.457034978842184,7.446968427272837
2020-09-05,27.569834709479657,13.560341469082559,11.621553633696708,27.539893246877533,16.424790880533347,7.772538973830368,4.8916118113352445,10.895863884883811,4.435004512935902,23.101595852486692,25.80381322285078,21.937011255254713,17.15102696320503,26.72070572966585,19.390337717771807,38.51261620185923,27.830848305400657,21.877160660594452,22.889807550087184,2.112761975045603,14.268039327255165,4.940150189270864,11.852577843059132,19.902007790579244,29.897696654300578,29.64518587926936,17.084932511709635,21.117571887626603,17.148482089868175,2.574076403000343,6.223690328623909,8.293475529001173,5.4036379252107105,19.67566239934768,50.36335626235136,14.483578718635309,29.63377795793803,7.411557429967776,9.23762705935773,10.393057701765498,27.34663451883325,44.0169602072663,31.605579239890503,17.40592051677961,16.17925125656668,1.3301516533144013,16.209910610005085,8.097290401848063,14.76441385667582,18.89244257642079,7.999875595887062
2020-09-12,25.50179118267004,14.927311375240075,7.175715170681865,32.175714526191896,11.654621406646749,10.130695347034488,5.371236593295294,15.476029099453255,3.6131825904110384,16.51477527637106,21.155792700356766,14.535212222573792,22.01934456776894,18.65714485708092,16.636416610927245,28.56355009556048,20.574507245013756,17.687059907920744,20.33215496320121,2.9608424861554576,12.987786320149263,6.560751587630792,11.569205406665981,13.163979493697461,21.11453425214934,27.56712535413426,14.240562586430485,23.852258675522435,13.752550195509578,3.412489859977598,6.605352959123819,5.827847669027851,5.156896467438532,15.732139445107421,51.176938359346096,11.60568392776176,27.657518844590978,6.164443159922015,8.308084001634432,10.723445548778933,22.098722127506015,34.996535388211726,22.841708235871568,17.82253141403084,17.105651415271193,0.9775813355684155,16.732433024869373,7.234507431686827,13.782351559330792,25.085728751927462,10.608906297785433
2020-09-19,26.154428193103055,15.118687162102127,14.896856135497504,35.771044110220544,12.153707474266888,14.261810230578376,6.6979180077228,14.726360802001306,5.795261488149469,18.048922007006603,22.532774666696433,10.763684852868057,23.26720068939854,20.5053401559255,18.412948241879832,35.5269455194338,26.135184878801258,20.99974640041919,17.901417012670382,3.012917605258694,13.930608302126478,7.410950709778436,10.048206357615815,18.153666764072547,23.298564688797505,32.095999454301605,23.166644522997295,27.48644546548608,14.278497582589972,3.927305140577667,7.4958990969569435,7.945330782815385,5.785059095350204,17.774457183981365,62.12092979311395,11.941039087697085,36.050302112398604,6.842531907513436,9.16732548356353,11.94116075634274,28.20898577780782,45.37341506727451,32.89416846019738,24.64384510337865,32.61115710187095,1.0577109532379578,15.902957980645347,7.557558589464094,15.188486212347536,41.0790401402575,16.7081635015611
2020-09-26,30.131434975429237,19.2606059777594,9.000212537456807,36.39069999244484,12.479176380432962,15.017184326560551,5.915372310840613,14.387469653838096,4.435004512935902,16.21260191425195,17.433608889840784,10.156285313926682,34.1397766729246,21.438118483523404,17.20086646022656,38.712294814378126,38.69819731069154,22.069654605428823,16.066532524349327,3.3328076226071484,10.678699501131387,8.130573174940947,12.563512224116156,24.63458608646805,24.125136207898194,32.22729303867833,32.63540230057131,28.55137075529051,19.063969487259737,2.9565106114461086,9.110365799425592,11.178784726842295,6.08423311289897,18.131052344737135,72.14636079479098,11.056454303581969,38.99952766901754,9.398404879204179,8.993914929937839,11.478617770523929,31.20390839343572,60.79178530936779,26.282827176463798,22.633214696942645,39.31742087700463,0.9295035649666902,13.480141043561614,10.2181343848167,14.26222290916984,48.37495796431527,23.654059807277296
2020-10-03,29.433929170528955,24.08600974649543,9.820412031406084,37.855341168611346,11.961361930965008,17.432644941528835,9.592495639200996,23.999654947194596,3.6556906208864626,14.769246871772383,15.701550178419001,10.085657460561407,38.11836726699924,21.921079851112165,22.310622990725644,40.54109734490835,30.920113657504825,26.702939091558402,15.367426476630284,3.3625648335232836,12.72644268303979,11.905689413555569,13.77009803985378,25.287110932060813,23.45312684277568,26.515267557460938,45.82803912505684,39.01968974487285,21.771624554081026,6.986778808143789,12.105122723112204,15.275446877165473,8.979332884092532,17.375909651371977,73.6160574861363,13.614392895945794,36.634081978361735,9.151827152807298,11.334176275264726,14.716418671255598,21.82292510323937,64.49942859339022,24.127368844314113,19.133407258775826,38.631198537223504,1.2500220356448593,12.641293399967829,9.880637850065655,14.663975667174624,58.920375911517425,31.10102823455013
2020-10-10,26.58272123119972,32.16480189188635,12.581887714551891,37.89179151462454,11.864176814349323,24.477593694171777,9.791638092529437,17.920153137721254,6.305357853854558,13.30773349166162,16.03402256837653,9.07567915743796,44.754947357818544,26.079913849793176,27.7828157402485,42.724884075472175,32.47161136767269,33.32383547318705,17.232426302391545,3.139385751652269,13.153193685408425,11.33985723328666,16.32745917959975,28.484128042397092,30.04553871462753,39.12096077928628,70.37944269062424,45.99339953101931,23.966318589058474,7.2515409524523955,13.579984215604485,22.987091460486287,10.37342212050534,24.534509830394192,96.84251412614722,16.24077131686785,39.77031926693423,11.442154880686017,13.379171002255976,19.90822769575244,22.257985197857174,89.54862834154176,37.92552364312287,15.634979326891292,48.03244459222485,2.5320959183575353,16.641050181014183,11.136072430696007,16.137069113192165,57.57729499381187,37.666800861844045
2020-10-17,30.34354200381997,37.52332392402381,15.06034648688773,40.91385656590024,11.07302922439975,31.038061130081324,15.65652358421636,19.388681446428496,5.894446892592126,21.884521632795856,18.220993926680705,8.129265922343263,54.61468944890085,37.33954259612727,37.330930559448525,48.49654682780414,35.78742284559783,32.91198796330887,17.387305180655456,3.228657384400675,14.330894126053645,12.892268599665462,23.122389756857437,36.371167480431346,36.073462719776465,34.85769209119139,76.872839822676,56.30146277310681,27.615484410529856,7.817837761112472,15.989299936164391,33.97511194284322,10.085557086437799,26.645476905028605,122.77216289488257,21.844282280072886,39.70713962776073,11.337833534902721,15.610074340791886,24.15607144306804,25.610278605492557,105.44175778463791,39.75444175239934,19.080641143478275,48.69995177728467,2.211577447679366,17.182317794617994,11.97915715952936,20.958102209249578,63.980115532438845,47.03166603024748
2020-10-24,47.69960750002295,47.1604617624343,17.34508980085364,45.41713113243935,16.06237138315402,41.25210810150005,18.040623377585028,18.587666005315455,5.270995778952574,22.183901404510166,19.43597801462747,8.616598110563666,68.41385176252682,48.81697744941315,43.008107727927445,51.62167558881419,39.69362725748066,38.87034704643782,19.579271527196088,3.3328076226071484,14.423522250598776,18.327159233735554,28.320221266810968,39.11248109805746,34.15151593552608,38.63804184824544,92.01162449077358,60.64904611643459,33.50479651030662,8.987203898475485,23.370362489431095,44.34314863062272,11.848730420101493,27.77819094507634,156.81138804979125,26.659024219144328,46.61899215334154,11.494315553577664,18.700219161256893,36.57865449077321,23.80011785467206,125.01992293075637,51.43960309109125,26.23958899541628,54.64513259375201,3.7500661069345775,16.716030975972288,13.016597869464483,21.326375570753964,133.80314830533075,68.7332723983558
2020-10-31,39.900595225348425,76.79636932792924,25.20911308957334,45.41050379680059,15.101149839126997,63.149274424109734,28.906508788773525,22.674898640738412,7.9348323554124764,24.44717523079829,20.577497948419314,7.253480540613841,66.18673635262287,64.52979409983774,56.15978921660154,86.6161448081976,58.70290672409497,52.55084693978275,15.862178448862222,7.826146470943572,19.16740548623149,25.450841298146695,43.07861822793698,57.83001444065854,34.08431499901383,49.08116373200353,105.89664083654417,77.25877891323857,38.62791365112676,12.370275742418793,29.802334784552006,51.55403707216946,14.423066296191221,31.162984583266116,195.41717078138,34.03341574629356,35.777366071169084,15.088660103747578,24.37589971370855,47.37761726172665,28.243945963982462,177.49211843207382,42.05486637183355,32.6884359885461,64.17114634689537,4.359051201223099,20.661895310642503,15.063901751475695,30.622487999031332,112.42720827750045,86.14984820970386
2020-11-07,40.4023099271188,80.45984867643139,31.428615784897254,58.42659099133012,21.194960354419948,106.86720141364354,38.622416652572426,26.834017277286897,8.855839682379996,32.22453091775916,83.21510784679108,10.587115219454866,86.197200437589,101.84013805119248,78.32187277330105,137.08729124868862,87.69394579506364,55.69789910765627,20.444011930836258,13.918935406022264,25.254396527768588,30.91765067059093,62.733450574089524,93.98485574945315,38.47253615326383,69.99909905436927,115.02856533349302,119.78341694203084,51.848023281937664,16.554988523296494,41.98851859732791,67.10132299772657,18.975446192087915,31.675947675476287,248.693675842648,51.381201290090765,45.37056248327319,22.12560906476625,31.668516509426777,58.16714037990827,31.580701511095782,180.498926705092,55.126725428287514,29.643520746964025,86.45465723506047,5.368684383859331,22.688719924353748,24.696341760810036,35.142206526585156,136.14237619524758,114.00254682864542
2020-11-14,50.273444709918145,104.91494029758935,43.05429102409119,73.97763406768631,28.91155984820191,127.8405538993279,58.53105233884397,43.860730115305145,13.078304042938779,35.269544458990254,31.890977688277093,9.803146047100304,100.79655748391916,134.0778093377424,116.35093867267241,210.321799516334,120.66670465318879,73.75651709514104,39.253191257775676,17.75017631147468,36.96854613542232,46.299580863439594,91.81467202344041,145.52722588991622,50.0982981698833,104.43574620255943,129.83051672096545,148.76385953738819,66.62000236351665,28.491348529209514,59.55288053959665,89.52565993698104,32.593518482297405,34.08058135308604,255.88469179673046,76.16668520245356,93.25062023451777,30.49502612419883,51.02175919694978,80.91670355997626,36.01676069014515,230.73297168739592,77.40028296247833,41.954579686680326,115.03893687939767,15.897716145637183,23.25810533606685,34.56778709825601,57.84123735385546,158.35645367555907,182.59759243484766
2020-11-21,60.634057250542256,111.20300186591392,61.22232805589226,75.59470396354436,45.098449662019775,130.65888069882,71.69408802152533,60.05561922601369,16.25223698510377,52.755092401029025,44.33655888062481,8.22814491705465,106.5098359600798,131.42625673137272,131.5940553924345,162.44330553680265,133.99173587193144,88.50692519349559,78.96886805481164,19.81830247014608,52.53668735361448,50.36776915439862,103.77138673358395,166.33709433523322,60.89076857375085,88.50394884319033,161.97938206063375,166.6866555556015,82.63867154780472,41.229349472056924,71.45760223548471,154.22335345419202,36.76344911864722,43.763951547298824,238.58951108964888,90.75634565535412,104.59515624451127,36.275377056464166,68.03786505362565,109.32061875035988,42.74465429619901,181.58409059309858,83.1183976275901,55.13921097965604,123.65726562855782,22.548474412209192,34.86606965551831,38.13579521077972,75.95359086057115,166.99201742776305,191.06398345425296
2020-11-28,58.268248087722576,115.05785700127812,75.39790322937408,73.60981693973498,51.447371108428904,103.33864931471072,61.87159687284642,68.68193936107721,19.08610568346537,49.56294976514518,38.12036122136229,9.95852732450391,98.75969816430852,105.10091643497805,118.3116592018174,113.62030002503906,126.64614936803929,81.8054499512386,59.71656304839492,17.318696753190718,47.89204853713726,51.48347414574937,97.35094835141827,145.644254802441,50.66278603658621,79.08250232291552,117.9477870989111,126.71060086600139,113.60463560936523,43.546018234757234,70.44546446315604,137.93685608125412,46.760590516049994,49.36840704174376,161.16798895627915,108.50621519193093,115.78806112048838,41.908729728762125,76.88805231749535,114.7106604830648,38.42901353619564,155.65319518594168,77.64628635908237,65.95488510937122,99.01252605305497,15.60924952202683,42.031421873702115,50.67569564010946,69.71526331266352,112.59895775546791,156.12716173744167
2020-12-05,92.16866179840247,131.6938807592151,99.26474679534869,95.80807766176996,78.8064999531917,119.59916203833619,84.39432786196454,91.03848571111686,22.160853221187704,59.816823345960515,58.34560796909006,8.962674592053519,112.36300862027962,105.95399035387258,136.68895797953095,102.49534875612902,107.91833630017226,106.91024164033492,71.26149276565062,27.3468768319283,59.33493006576597,83.38915485419447,93.77625012554,146.12478260992916,90.84222597726122,82.83266964677951,116.46946325616733,136.54306640584613,106.48161976211594,68.33069674364626,86.01707461785888,122.07480915229617,63.248060342268445,57.94289977082564,119.54407909067767,103.90705871281791,98.17610490448376,50.91355862160206,94.536872356319,132.57048352733395,55.64107852951242,140.28004010584868,96.11118416370705,67.60546437612985,111.29590593513701,27.580614401856444,41.13633863388975,41.47136407563442,86.23176558619355,113.07642130421746,138.6760292280552
2020-12-12,103.00243617159052,115.15354489470914,120.04450784389611,97.46822523927996,113.9500554043745,80.32144553943782,106.1541469172047,118.73513500191011,25.093907323991957,62.61367293956528,71.6633405299949,12.084425710798717,122.34026182595484,97.36169726513656,132.25059969083003,74.0997822552273,117.4813288234636,101.14885310540858,73.18457217076084,37.114681315149696,64.9223908642204,95.04239606424545,75.32600096306575,106.90768475673589,97.36743691260082,80.49202195289095,104.32475219362675,93.93054619294378,118.96150714444333,86.15801446042578,88.21698252345423,108.74038846276926,71.49847783652567,78.99250234837938,81.46318803456937,147.19525027589805,101.46144614150572,45.50307427893204,109.65483566655149,159.59620941303297,75.9917913482862,115.36648584369796,139.41510349567898,67.48130881072385,101.56714467251287,23.47797797717588,64.30071797625897,66.46449267245121,95.73991419230677,96.43046189961106,102.49516638186188
2020-12-19,110.3894713334292,86.98029512880274,125.41358593829104,105.45085101616938,157.19085205608403,61.074166275377095,90.97444329166207,107.76738511590077,24.073714592581783,71.02982963242356,82.27891080538093,12.155053564163993,94.45095729590138,83.12538505712794,113.88518406783855,76.23919596078693,104.15629760472096,89.10231344147167,78.51068470661424,46.33941669915162,55.394926625292776,94.8015546746951,60.04291440239907,68.22962916729318,95.18340647595265,71.5187845654884,74.38401613805674,79.72981914880418,116.28631796571342,77.31790064212174,79.41397335567017,99.4263242257714,75.6159759130989,81.04816856920674,54.98240300657952,104.31598668845334,114.15297205867822,42.55836720023083,105.31019828247001,140.31099880022015,84.4443874722892,88.82518574953738,187.7708782936267,85.43420356843097,91.1708762248289,22.98117434762472,57.07210071232927,36.30911163164079,101.1524166265379,84.80302224121391,89.1908376370821
2020-12-26,96.07632589837014,48.99220143668537,123.12609488732697,92.16967039608934,140.4993082773399,46.81582902914806,55.928176329142644,89.03594710833426,19.383661896793335,66.45392854936253,85.33520798785167,12.345748768250237,75.18473027002375,62.75735744688944,101.45243343985096,49.12410818143496,63.50156557103011,67.14457392024886,60.48450415312015,41.801442034440996,55.199745934286966,85.50304584560935,38.9942501429629,42.18005713847995,86.7698492246188,56.77315683048836,52.65826953773375,61.098796117468495,89.573385244124,66.33027165331455,80.14690070804609,78.79994029079148,78.37742406133252,79.44444380880246,35.692633932672145,85.95871367342224,104.39550858472302,30.879118351855507,86.84744222167352,95.8219152866681,71.29935747062277,59.39011528735931,134.3383548288563,89.03816373091061,80.41901983744016,19.96830072324993,62.339501558136064,37.014308671178966,100.01411714552434,52.70304480909531,57.29500534764902
2021-01-02,106.05351419536485,63.33171575227772,126.69265751093221,116.08772471638318,142.92893619273207,55.71708791651501,97.36663556117642,90.24773969873604,25.490648941762583,84.04609852518446,104.32004074811752,13.708866338200064,71.76012064474432,65.20057377704435,92.29943351516046,57.266558269705584,120.59118927791513,82.40531480258292,80.80160144760126,55.07315810303732,58.656759868203416,96.57304465446006,41.02091378699024,40.05225872893834,102.50830855578805,66.8978540440914,46.98824264721018,71.33448579617124,85.82682175837847,76.05292595264729,77.60698656525024,77.50751253440315,90.09507308199255,84.84199783296931,40.731594017284685,85.5583406763566,98.68912357457258,38.039356176072616,81.41703605588162,99.22962993729239,92.55126619967626,64.793327146392,127.67869144936122,112.28594847661294,94.64253742563065,23.157459506497712,68.36842610273611,26.22623850394221,102.11215932621599,60.558865931327006,49.312408100781155
2021-01-09,121.11311321110666,58.68401807134216,187.38467232618055,134.1240186572753,149.66406724319208,58.285359842854405,88.80631489133974,114.90463808479261,27.601881122041974,102.24866800445503,117.85910761961732,18.900013560547848,78.74363831198082,76.8460981259126,105.37387449814095,77.54186119483879,98.60935003916502,118.30319721250862,112.4807853391654,56.077463971456886,66.80141853356446,119.83745237397792,48.28746421421675,58.796389551658685,111.49307376747603,75.29158871424494,77.80848782441255,75.90435936989508,113.2280313075052,85.28282848340567,85.43163341473218,91.14715601510663,110.6440101120818,106.16905814255493,41.33521944408723,96.33590267856378,146.44787641860404,38.54199538757395,88.8205731156307,149.75065157203258,145.14692406686407,69.45048883242018,125.50566144602553,111.22200425639767,118.99095371804621,35.28908362166641,81.9165184917285,65.27997176060124,116.63105760855555,84.09541439198796,74.15867399038287
2021-01-16,87.82454669770772,46.80504958683335,163.64422466212108,121.95954409232674,141.17757940372022,42.486754037691604,97.62748412680381,100.48636014475787,29.47223446296063,88.86271398145902,113.9344264611102,15.100235049496,67.60806126246108,64.11154324228538,84.63479871941183,54.12241249797944,94.46973446734545,107.11168879190576,100.77452345705144,62.512460832071135,68.3694803562213,108.00865810286915,38.524632925053396,37.70813414775999,94.08803121080297,57.03574399924182,55.278083942596126,54.63170127501541,89.48248075746812,75.79551831234726,96.48408782068385,75.1229594783361,112.65700917173982,102.31802109899198,34.93154100322546,86.45661342618337,135.49758135705318,37.63155455164701,75.81165707922416,131.97578540270976,125.61583339062919,53.738220037325114,96.97073174588903,109.66592116997583,99.27453821915321,36.07435387482792,83.59421377891607,37.789106163408995,93.13968106410914,62.31414559615447,81.17368369217584
2021-01-23,76.52576845458616,40.790381999740276,133.14434398260022,84.53497974023496,87.23376561222587,35.64844785383459,80.8293974650568,93.17452688741831,21.82078897738431,74.2396650075378,98.7961014645456,10.954380056954301,45.314524093975315,53.426417560664724,63.782832970822845,49.62805896541123,72.42610992155326,90.6198819833054,66.27310222823382,50.326882961913746,50.535258233978645,84.57450072927062,30.02345983325885,31.049898291236023,81.67601823699016,41.903781119409096,44.05030792175737,61.155661060127954,62.48384822067454,73.12583335723546,79.89133310591194,53.97674297713357,97.08145464987105,85.72109071590198,24.90611000154843,65.5893096987792,93.7838563891421,24.600870087442626,59.54855921216617,102.09928437992338,121.84401774889808,38.09377398523046,68.44458788134553,90.65011682176514,68.17618945725428,31.827484138342182,92.00143541359347,37.36493736681527,73.96714666821416,47.155536670746294,52.35339752815939
2021-01-30,65.83475842743034,28.50132254338421,104.47445614385062,75.70405500158394,70.45060461417218,31.84032051477963,68.38439654367235,74.58686088210285,22.45840943451567,68.5882316186291,81.97846125184992,10.912003344935135,37.58117360028874,40.04633588179631,48.83976590779355,40.95947158066223,55.35963510970668,74.07883253765439,73.22114079479539,38.193380210859594,44.39202868825343,70.4490081469678,26.585941903443697,24.946663186534156,75.04328580323096,38.03137494112539,44.01288200168791,38.30629319150872,49.58190429315918,54.842536391924455,78.92985851462308,47.01861715952994,87.77313315541561,69.39971113885053,21.153134521863052,56.360198817701956,83.36427029664863,22.836890967834172,61.26079314706488,90.12036501249338,100.98055553289618,25.02659216715141,53.202627433420204,82.86004484567998,56.82544811878384,29.583854843595,78.6501676113661,29.93870038620372,62.36095588140928,37.76427521548548,38.73805850103411
2021-02-06,64.15829710688053,28.419304349014755,70.64981369656218,77.2117738594024,50.08070540602082,29.23037277624812,52.343612169230695,46.85940330511294,17.21575234254671,53.779874481189516,59.61521924858792,8.927360665370882,28.26981671064007,32.21952077763725,38.703434929850026,32.86139451739581,46.94996831786756,67.76682178843438,54.149527813019894,28.26935037032849,30.957642481904436,54.183509241853066,20.954540552648346,22.68233104571362,44.27197697427112,29.54256560642318,36.583836867899606,29.352649492764712,39.23177916962647,39.07447979754521,57.08276900178897,34.87647299803656,63.3215687348964,80.82029091300186,17.872561550110095,43.28476957165222,77.26617152362249,20.508628205125163,41.81850179686922,71.25993877441212,90.10405316745114,24.009251022145254,49.462790082665926,88.00836229118198,44.944444063209815,29.968477008408804,56.130154475668085,22.445489385077376,42.96522550884498,30.980170835770746,31.584822007087578
2021-02-13,34.85489533843818,31.23526235569924,44.60126695405248,43.5349678110308,35.856752478846865,26.41204597675601,44.55181307984462,58.26873862660768,13.021626668971546,47.090156658497115,47.29207831316507,5.621977127875966,25.449549960409946,25.63641011027539,28.727526540654722,29.84402881711024,31.32515067033626,48.49504428815627,37.52371045049534,20.197706909326804,26.63720210133517,41.9209102992048,16.433598678743472,19.74242290986362,37.397321169067816,19.535579882261345,29.566476854875383,35.62847134627235,28.86217451323894,36.51511240256201,58.59365764524289,29.158314769587793,62.865611082721564,51.91987402084118,17.347669874629624,33.29939858500654,53.39690384387452,15.615008712017842,40.18125620948432,55.769468575867904,78.30693256607378,24.25793441314676,38.5434607464973,52.65230602925981,37.623699374726684,25.481218418914438,49.78724785218098,20.751440630879515,34.50609799307758,22.79115572628217,16.17253468196607
2021-02-20,25.004155462214868,27.230040530657718,29.78134745450331,17.605517124372557,23.687353657626403,25.51254303027609,32.241443676203346,38.161197168923884,10.726193023298652,38.880260057193176,38.95578051284196,4.124666636532116,18.656288383466745,19.417887926289364,20.804433129700623,19.324452389328922,32.3617708218201,39.967114871656904,15.93531569693129,14.04540355241584,18.528933056331134,32.95899907479184,14.36988634161879,19.001239797206626,26.201645146126758,14.55698752756222,25.150218286678808,17.798727052410868,18.408158547813812,36.8387105789392,46.42886495335047,20.64069125331632,55.4510302766676,40.74624116282822,17.793827798788026,25.262851716556447,30.674978411517298,12.694011030085564,29.993776748284972,45.67847976280041,70.45254407217026,21.703277760131304,23.080390102814775,21.05885315228049,29.566825267205623,25.56134803658398,33.713239933037464,15.075720696272423,23.234701171276686,17.648976355936366,20.630348728918253
2021-02-27,27.31693786793686,24.22270673711118,26.2257757788907,26.46957854121739,19.609121967144194,24.486276155045136,38.297057151359766,40.738823780710725,13.106642729922395,37.20177782230967,38.959547905362726,6.292941734846088,22.271154099039485,19.92846963352781,18.66249449104374,27.140443793640078,19.1740402853932,35.49498810678401,27.093048218527215,16.76074904851318,18.310595334189042,32.55276058639365,18.374149144220247,19.9534295854765,25.8656404635655,14.45889461969455,22.38070020153858,20.404175334262472,18.291281350684834,29.587169626486805,50.583245798614975,21.933119009704654,52.024408281856466,35.2266438750872,13.883384816458504,23.693868646859038,27.895074287883336,12.347853837259175,28.820521561141785,42.818264972941236,53.58619647546941,25.501351368154282,28.432428284884818,38.99312457517673,25.65223873799969,23.702340906650598,29.294059330194212,15.669294368285938,24.730114214961162,17.508141784003048,23.049317591605487
2021-03-06,27.44338628870826,28.432974048076332,25.864448363633315,34.4356359790099,15.868001149922646,23.58503671639054,30.17709373747471,33.30375737858454,11.264628075987355,34.64052101950964,32.597363785920564,5.035765944944176,20.044038689135537,18.65477739939666,16.559176105233654,20.53837157337238,15.027559679457829,27.920575207719992,19.168412280690433,17.0285639467584,17.65889031506795,27.824434751787557,20.90247211910614,18.884210884681835,21.70590249345715,10.562342494858799,15.325914268444897,19.91306901129441,16.051135072379452,22.43123722614585,51.938767353546815,17.426313733737945,52.415082256662416,25.988540900320785,15.326836924029804,19.816752359035338,24.058806597268468,8.364675180078795,27.405116501818583,44.8383506661091,36.45570524989347,24.5292253851484,23.718827489239548,30.05806238479183,19.66338922718264,27.756899560729437,23.954020839271752,12.534647564975634,19.083256005227252,15.076169175983791,14.306472987893061
2021-03-13,15.883553241413491,25.466649351714523,19.16546556213135,14.586765740916244,12.34655919005114,24.36645819499279,29.36649980772936,41.38579779084049,16.422269107005466,29.989192995519034,21.218896525079582,6.335318446865253,25.796487536827144,16.69294413170767,15.872923920032905,20.072454810828287,12.315871203721947,25.00630641499501,14.78878177867206,18.189095172487672,19.75294755924892,29.059109586169203,27.713423752838356,25.7516802514774,21.880624928389004,107.53548209117781,20.022867237162444,18.558649467950918,20.16131650474846,24.100709636091786,55.252139393550465,13.420264599545314,49.02341530170235,20.096139580880553,15.641771929318088,18.07153673080049,17.662499927343415,11.015385738845263,27.40355424457871,42.7899460146258,31.43309183613617,25.207452815152504,25.00302379174992,21.963119520320834,18.92725980814471,23.526055747777605,21.146927328027736,12.798603998769254,20.74606603141372,12.949910638746614,13.788122517317225
2021-03-20,31.742632594935742,24.523440116465835,10.086942520227122,11.508368336711065,10.420572894620483,24.326518874975342,34.19360068347934,36.66186057401999,10.527822214413339,29.099900049991298,20.90243555333531,7.980947430276183,24.442311835327757,19.847976072263016,15.673881078437882,18.59546697854564,10.50350219715417,21.20119355199004,13.999329718632403,21.32104162141091,21.287927908853927,33.55674999343489,41.71282316348377,27.93444678659884,14.11219666757276,12.620784438420365,23.204070443066755,18.27432475465362,12.246132988069435,29.020872817826728,63.05426927368138,13.219962142835682,45.60810229037244,23.92810736451005,17.53138196104779,18.001385906528302,8.531778473989322,9.094924600561864,32.28248360469611,47.42481552558571,30.458091088376634,27.80732463016823,24.959094613784917,18.904064339345304,17.61719897765348,27.468432937119086,23.860294845574124,14.08161611725864,25.991171483142846,13.478899030886398,14.444699780046617
2021-03-27,12.175759225890927,29.96398034297275,9.806673346415309,9.513540309443556,9.49225256194773,28.026983699200656,47.70443445366389,36.10731142248019,12.412344898823802,32.30042345708954,20.287408724320397,9.005051304072685,22.472601724055924,23.918424984065037,17.649455550985493,24.775995461273443,10.071005047859586,18.615955106830782,14.349958290257646,20.22746412024294,25.449577218774397,40.18133905781397,65.00243269729405,33.902921325363074,11.71312323408539,14.113305759668451,21.16435779928105,19.52535349316173,12.77208037514983,35.514899857396166,66.55678385623365,12.647669409379592,64.55167771083146,19.557432987760208,24.774887082678315,20.1623734932544,13.196963030560498,11.295156620718645,39.761009011959,47.36817760895483,30.00360866810625,30.70109499818574,22.40095215028933,18.25362712724611,15.808067354594165,34.16726897429282,23.9680797383264,16.525511258004546,31.671509089377157,16.123840991585308,16.0688645878509
2021-04-03,10.372849484569723,33.69580818678277,12.375807439690263,7.866647403211077,9.512499461242664,34.931276585695194,48.977824225651396,48.790055906770014,12.483191616282843,35.34031541591183,17.882870447942032,11.89373050671247,19.618760369656393,29.36199935273707,20.465763220121033,23.124685030760013,9.837593887922827,19.880595558358905,10.312351977738743,27.034426117308875,29.61122652869487,43.02210677311275,90.27464796982674,44.103941533773835,10.55726712607467,11.778694552417907,17.55275651257792,35.468215598777505,12.9733688813164,39.537813550085275,70.43308013001298,12.051531145362832,57.845964551168805,20.29064603220188,27.71428046536896,22.941030532718514,11.751412886270838,13.172940844817967,47.516053950679066,42.88434254234392,27.812770334495177,28.937703680175073,23.78472125618706,15.245613678715264,14.953408622321316,41.09046794094127,23.213585489060478,19.129618761550557,31.135838745370776,16.92419355891368,13.857235913394003
2021-04-10,8.04783013490211,34.789384111708785,14.24152086143753,7.127699479489059,11.650318940546574,39.796927659125195,42.73989723688443,43.65534154066077,11.760555098200635,38.81786987148599,17.21980936428736,10.198662025945849,22.069706474023047,35.73361713363849,22.482928734195962,22.978887948603358,9.247200953965141,16.178444572823484,14.498383881927227,33.85626671983288,31.71520821479139,39.52700492114403,103.00337733883643,49.67345387074901,9.011645586292891,12.989010123339003,20.7152467584475,25.13430465548116,18.102979199754817,43.693108314928686,60.36349143623363,11.584158746373692,53.32853969512317,25.260095170862478,28.974020486522097,23.250720756944503,11.185323319276286,17.094475070399124,47.23953441922188,52.71102107780067,25.245138883224044,30.384588864183826,22.2208425206328,16.73341120416379,14.669562109048217,33.974957891885914,24.47185695445116,20.654262640328632,29.55114731101857,21.67821910905302,14.721153364353729
2021-04-17,14.451830799776065,30.97553807352931,11.070632365566624,8.940275776690601,9.3540674742598,38.69772811255803,41.99100941943804,52.82594139853188,11.57635363280713,40.40649161501511,19.7571482270227,9.337002214889482,18.08552011258684,35.90328493434369,28.45421398204663,18.649348508907885,11.217465745196021,19.325496740697005,13.412080638548407,47.4999479248809,31.79791189742097,37.31300515937389,106.54703476779531,50.549397549343645,11.403998926129036,-13.068993571292642,17.721173152890497,23.511069019565678,16.43423255185776,41.530884136408396,57.707614901279975,14.293011018065851,44.529122457322856,27.245205129936032,26.40205127666778,24.807726856644223,14.634931618149338,20.940139226319705,55.02269998825963,55.10869288184104,25.19075637139682,30.542841931184782,31.986298782253897,16.25196351164498,14.844236886447046,28.974869749306478,24.61010279515516,24.377230251298347,30.834524176867188,20.77481685494417,13.61533902712528
2021-04-24,15.365522614382286,31.057556267898764,13.81012615272719,8.164877506955388,7.230167738221158,40.87702579177097,31.868402179123308,44.09692697614617,9.068379834757117,38.959877383729946,17.749128013454868,8.058638068977986,15.824830098513484,30.645950570166672,20.3439608842196,18.791976089278528,10.009219740817503,16.08891250545866,15.440563724699352,39.785390994872834,24.784639610432574,28.081235510524984,76.14507747532582,43.09501045458285,8.870523619617163,13.195759790690861,17.945728673307272,23.53691672077452,16.91472769561022,33.661564847235915,46.109123988565884,12.89089382109843,34.70727030387907,25.244839762915706,24.932354585322457,19.392425421974316,9.001834989440155,25.74366301170509,43.16985430935771,44.72507483284735,23.18248789892,21.0250503301272,21.359830632518662,16.135395230791573,14.242232742911792,19.55162671136831,19.912087361061463,25.473765685217113,28.46864682417235,17.559666627393288,14.824823458468895
2021-05-01,9.834423950962487,30.07333793546535,15.0988148048619,8.797788060457208,7.10337153138663,38.503240988994804,25.01621889065312,34.78255511602401,6.772946189084221,32.63844789607024,16.024604087074614,10.297541020657235,16.485130647178472,29.784195973096526,22.631468168222096,15.850678431857297,11.718613235648476,18.533137944518323,13.082963022237596,29.816725337967522,19.812494210742216,23.679351318381723,56.61641094891015,38.440451433710564,10.422865253050167,13.01013782657204,17.534043552543185,15.04336210354796,16.869275452282288,24.13748215613465,5.893816727631361,14.412238670869204,25.700179005787167,24.44679123470026,26.297072941571685,18.112600627935425,8.60506685543058,26.8722302979062,36.57244198538211,37.21111122648465,20.70419914565074,15.237509594092186,19.32590969273883,16.395432165003022,14.285901437261499,17.724671428502745,16.933943911319275,24.882818445380654,27.118311165322936,17.68332625152986,15.41228732512151
2021-05-08,9.93231950252744,20.012439426146035,13.219362698123858,9.530108648540462,6.64477926235636,30.62824897685881,19.52998454261887,27.21398614037898,6.617083410674334,25.81091294674108,14.742748781884268,9.570074130994893,12.668817306589295,24.24671244961557,21.490685314901373,14.880810885336933,10.029814843164864,17.843741025809187,13.734744968264888,31.773261955703415,14.393748924852126,17.095386102842465,43.44710252685104,33.464949486065755,8.507638562451007,11.701729347783273,16.916515871397056,13.585551755369085,16.505657505658803,20.45287564783987,19.70234818214877,15.26113955882907,18.544162685690296,20.466083223589745,20.234574089772224,15.049918299954658,7.419816824535737,24.690965795164562,28.753344499827328,29.008052967779633,17.247025179491423,12.954143913078372,16.114686783496804,11.70649031150321,12.963363836956068,13.14125729780493,13.02322682428567,24.406121005245907,27.93297648016597,15.914306628465004,16.621771756465126
2021-05-15,37.0575452486496,15.856850911427186,11.304190010409801,8.410088925589601,5.702033013935966,23.786469808652456,12.649753021285523,18.988173725871977,5.185979718001726,21.412870452785597,10.726708354748606,7.712561587488135,12.53451888991167,18.613741466202846,17.60192293209713,10.58930546707363,7.798678755534076,15.636775565266303,13.149646983712335,26.3797674771539,9.739185666459356,12.68189509674497,28.69471346190298,23.616789180570645,10.375824597491592,8.90079954774642,14.128284826222098,10.003060367823128,16.616041525169504,18.01118031699383,6.5693258081621755,12.547518181024776,13.95117325820193,16.88392274508862,16.24539735612063,12.76573902182375,6.6768242678553875,20.745722172814475,20.50775078778774,19.14361582123563,15.980689546943179,9.291715791056214,13.433542621699198,10.716004800819814,11.653303006464839,12.82073882712676,8.887567352377753,22.71075903495952,24.875191599796224,12.314437570267007,15.7578543055054
2021-05-22,8.561781780618109,11.960986678878264,10.754642610778795,8.983353458342556,4.50695978305245,17.42743546500482,7.561803579908153,28.877633594998375,2.791360667886175,17.49579110685637,8.441784790904537,7.980947430276183,12.982180278837086,15.079916296166115,14.527156647756112,8.189992615060838,8.862759043481068,14.884706199401792,12.8441914182474,19.92245270835255,7.982559447407074,8.94159929999305,20.112433771706154,16.665981042734703,10.496786283213643,8.737814408520139,9.805591058199177,5.753698289088962,11.772131021935252,10.65667630842142,7.422718946566105,11.526929473028083,10.931160624011204,12.234837173310208,12.859846049271582,10.849423822193325,4.922957484399052,15.064950706978648,15.592889511153304,8.240816869792262,9.847119105858278,6.036224127036519,10.045138694664976,8.32532041361323,10.17168659102833,7.596287755072606,6.769359894811317,12.81436259183156,16.795497244366672,9.751935358992478,20.111998258342418
2021-05-29,6.024655402559765,8.393195223807147,11.13383031652419,8.085349479290239,6.368156000739316,13.079259059626974,5.690986447935328,10.033231871377458,2.422957737099167,11.723302133739693,6.937653326989045,4.124666636532116,10.564808778639836,10.255037535647007,11.027567582100344,5.140931896915124,5.739168520797965,12.08682909425108,12.338683968358247,11.78385552278956,4.896058011671144,5.359446343367569,11.185701367307052,9.87121145493181,7.627306294140515,9.290152935898096,11.545896341429184,3.4170660998093476,9.064475955113961,7.35450400857241,4.781478441690619,8.508085304047206,7.0018029089892595,10.285958808110234,8.739446396749871,8.452318826941339,4.935593412233752,12.561238408179552,10.74989206755294,18.86042623808126,8.806082450879968,5.674502831034331,7.249778670158353,8.27220942174511,8.244025654734092,3.7180142598667607,5.557951426269451,21.78362847646054,17.320007789539588,5.96657686458962,16.690885152541902
2021-06-05,8.892179267149823,7.176592007326959,7.8365459187381505,6.965329756339378,3.198250829876112,10.220992940117414,3.090915261520321,6.16165723933109,2.408788393607359,11.228371033689442,4.761042298116973,5.671416625231659,8.762971688215034,6.065426587070635,9.554056396561075,3.9745552396618775,4.887904290440372,9.566501397931317,9.916550399953193,7.439302729033813,3.1195829087877627,3.2208908722999467,5.982863277205231,4.691795493039262,5.2551132352580465,8.506918794616238,8.888656016497347,1.3130632214093407,10.674784004446527,3.2727542838147223,4.054180331652441,6.195068839662176,4.44288837401029,6.7142864225725125,6.92857011634224,4.830140900497044,4.233035824624442,9.436339914034468,6.798943507918964,6.201851871080774,4.024305875214665,2.2381505190135407,5.557041012573409,6.40090914982028,8.228429692466339,1.666696047526479,3.3296159261083007,11.166276400732093,10.546009897625586,3.939933024573572,16.725441850580292
2021-06-12,7.08926952582862,5.003109856536509,8.490507324299049,10.070236503099606,3.590028331233097,7.90972185562943,2.5748277768381618,5.1655226523058975,1.5727971275906873,10.66453137032081,5.128363068891576,6.017493106721512,8.057905000657502,3.77688415895395,7.554715614569282,3.613232036056252,5.691113281987455,8.093698889779983,10.217703774355241,5.743141706814104,2.3554008812904423,2.409864747247843,4.088373349092713,4.2254530082813915,6.222806721034464,10.538196548306757,9.375192977400358,1.2096724165739596,11.350074476747281,3.26539977980615,3.198535496313409,5.350937057814443,3.679017944323921,5.776078833846106,6.06249885179946,4.133765644917059,3.901974515355306,8.872056270933916,4.960166736590697,4.257283400087411,3.3289866168522857,1.8538216420112155,4.369488901586048,9.944860789020344,10.156090628760577,2.1955515241454577,2.54231757904821,10.777564438528552,7.889977775260624,3.177365342398042,16.794555246657072
2021-06-19,5.4413610744852585,6.151364577708822,8.072851300579483,10.626932696755654,3.4181827734673393,6.95986063608403,1.778257963524395,4.231004637674015,0.9068379834757117,9.400897310549988,4.4756623146690115,4.117603851195589,5.495043549059491,2.191476663062081,6.372341719721239,3.312129366384898,5.0458000751034735,5.774818345031071,9.03675232759292,3.7642871808911096,1.7003877148641675,1.4319906716036248,2.3330663491026256,2.805147569912363,5.597838011470528,13.115776342737224,7.597461774100889,1.0028908069031972,11.265663167709688,2.7947115232575155,4.351404327086,6.042457444073885,2.6750886380133694,4.605226273931445,3.543018809493191,3.3193316850741286,5.400595556550705,8.132323091743274,3.1651331679788193,3.3605163867652292,2.4977110789218435,1.1303790500068387,3.8950537795639706,5.6145905689156335,10.533512915640193,1.2980998062465845,2.16507045441525,8.000112411297179,4.943790883225539,2.054123756490842,12.993318462434278
2021-06-26,5.208859139518497,4.3469643015809005,9.257125946784303,11.753579755345278,5.244200003629257,7.7378091303369345,2.549584367261317,2.649512612912369,0.8784992964920957,10.288327862474523,4.2006426606531555,4.209420060570447,7.655009750624627,2.782551931565321,4.328439107521606,3.061738725289772,5.114450416261344,4.642237692866063,8.894780022517669,2.5293629278714964,1.2604041232748011,1.1360169157706568,2.2058992133360875,2.250146818090258,5.9741632559391356,16.137037905061458,6.774091532572714,1.2406896580245739,17.784813496459268,2.2872507466660195,3.6894054281658013,5.541701302299806,2.2520298468748217,4.252444965162369,2.7031921287244347,3.096902242259883,6.259838649310294,6.723984923668782,2.193409164779004,2.6336631233356713,2.703587730839196,2.328580843014088,3.6563719126207648,6.080173939188121,12.270903112267847,1.0256591061701408,3.432714519175694,8.400643318297448,4.709435107722748,1.988858954863207,15.930637795697345
2021-07-03,5.563730513941449,9.418422653425285,10.460634751976206,21.94973563558137,1.7333876658875913,8.540068515035244,1.9970341798570492,3.8818440607785867,1.0343620749019835,14.604890636290033,4.58397484964101,4.506057044704606,5.394319736551273,3.338115334804682,6.0158470780585125,3.743181609282837,8.18312066601815,5.054085202744248,13.078660831174709,1.993733131381062,1.5118233184687249,1.1548779884462872,2.549350611508706,2.2058176845581414,9.065406335502692,17.745761594091245,6.437258251947552,2.3573103502466903,20.447016319952624,2.3093142586917366,3.223304162599539,4.039432876977569,2.492602768202696,3.8443628025862497,1.9420991992777492,2.982265529424849,7.7761499894742725,4.922070769230039,1.916889633321822,2.6147838177920466,4.338947550786468,2.1703277760131305,5.202678976989017,6.912705980549444,12.74502036520753,0.8653998708310563,1.9776184670199901,5.469545008708593,3.850130597545849,2.0850386625249855,17.071008830964182
2021-07-10,13.489191209387368,9.445762051548435,11.315180958402422,32.12269584108179,6.74930387996646,10.24704032273749,2.759946113735023,3.5532223413475954,1.0910394488692154,22.13827276123178,7.24092842491064,5.847986258644849,7.375221382546242,4.656000112375325,6.945703935062125,6.221732005945985,12.851343864753337,7.028267288138591,21.50450202783776,1.8151898658842505,1.8922602585647934,1.87014789837596,2.729587496847106,2.262558975479251,12.573295221442207,29.66178621752389,6.86765633274637,2.5279051782250694,21.48592473887686,2.279896242657447,3.767088972426845,5.10294353998347,3.6286415633621014,5.863797429540039,3.254328387978931,2.9891095122806717,9.891404309003024,5.657062069066895,2.1246698462246765,2.227758054147736,6.436558721265155,1.3564548600082065,8.118112087933328,8.54190289993258,15.03762681856718,1.2500220356448593,3.5826761090919015,6.875999439519374,3.526496431375328,2.5590672217151798,18.004039678000687
2021-07-17,19.876875949000496,19.23326657963625,15.057598749889575,46.98780967882606,13.824835924822555,12.278736167103336,3.9772394199962022,6.57243438861983,2.791360667886175,42.321963435905744,12.195049589716827,9.563011345658365,11.471323091213806,7.020301186388286,9.212415698300962,4.123521823604547,20.12141499337181,13.313418417149151,36.06741877570828,3.8014836945362784,3.056728109989282,3.8810284159470076,3.3614179115611647,4.340708755464895,18.460097259915415,39.264327336939026,7.915582094691321,3.56698276682065,32.62172435422102,3.0447646595489775,6.120112269609184,8.6750040179719,6.00609831793778,10.377491255790858,4.04166590119964,4.742880119085301,16.69206066963847,8.38364269749394,3.6384971116597584,3.823059372584039,11.206681901538909,2.532049072015319,12.969357641202288,14.302031381629687,19.78815692532466,2.948769930239155,4.840947574482582,13.004778924667754,5.222785854062195,4.197557241524764,19.248080807382692
2021-07-24,39.3744066356868,37.49598452590066,26.224401910391624,77.38408458601023,22.471527354965577,16.42721597239394,7.623509692207107,7.999884982398199,4.548359260870366,68.13194518584523,21.7359711485546,17.353263571848302,15.718510518643697,12.595664032817384,12.729829496039864,8.836570979407746,26.073399571759175,23.072413759914838,72.69842458065469,6.390361044240046,5.332733455955327,7.975332038303066,5.820650080400671,6.608587226968001,42.84731712021139,48.894032646225206,11.078072340560903,5.055810356450139,38.614927295890205,3.6478339882519153,10.391581355499037,11.975225447568686,9.894846501368052,17.263401017764544,6.010009684251413,8.214490422701491,28.83771450435194,13.61393562472008,5.728797298607271,7.400687773100954,19.538859606495915,4.431085876026808,24.434873090069164,24.569696640705622,20.00961958952675,4.054558654078838,8.906312551117278,16.207712964581383,8.581885302935529,7.732161498095127,25.157276171947217
2021-07-31,67.20529614933967,45.52009787504528,31.805055753644496,79.88590378964307,30.107645424050173,21.103589398784734,12.862919591045545,13.915075932156045,6.021970984018398,103.10630025872837,40.20184558908504,27.749683587216925,24.884377456891606,18.443284512936224,20.35287325026117,13.682739210223545,39.302320312880795,39.33143719336666,124.04292382067264,8.294822542872701,9.610167921557212,12.531006515339927,9.485466748948143,11.736581393963293,69.3849669488994,51.45501210240115,20.790098598586425,8.328129329489952,47.776800915278315,7.376567520598127,14.043833784235645,18.232292666688604,15.656259540348422,30.790180551566905,11.521372276796377,13.119915134612587,44.27881831835513,23.168822522599203,9.756296462994928,13.91404818565154,40.06825782127343,5.9910089650362455,43.89989184636385,43.472381473768635,32.084013577220915,6.827043425445,14.255723641409503,17.976615035825194,14.663975667174624,17.590581533427432,30.271667481628796
2021-08-07,88.11415437108737,57.12567237832259,44.458384630148416,107.9029652025115,48.739601413972586,26.768026872563702,20.943615478922172,23.64022494156695,9.989387161724636,125.47970021236408,59.138644094711125,47.91393572300321,40.36786574634946,26.41846029864216,29.788098099601335,22.63024275214179,45.48771605120492,59.825327413174605,138.58863180429162,12.54266440115101,15.111616890076881,18.258969201754425,14.95165095484996,18.050823174278037,98.40905142854072,57.720885232656,28.36884741265258,13.539025893193163,46.57556305589717,14.40747335279335,19.587511638458533,31.614404417336846,23.323750340618872,43.97371340656692,17.400159042177673,19.91599011044477,62.39115727661386,33.87598610344836,15.93189933220533,23.240425124202233,66.66519056991707,8.455235294051153,64.26838736280551,64.64228488177338,32.152635811199026,13.814346086229085,24.087580380290873,40.709698744289646,23.948928296618526,27.641360984083292,45.82218159890386
2021-08-14,84.41859729951042,61.021536610871514,52.19189041145575,101.30213890630407,44.77753630819506,30.39555902545281,21.06702770352008,33.42699052337117,15.557939154005178,141.32261699638093,76.49407958974604,62.81641278307644,44.346456340424105,33.66209165991218,45.77094120081358,37.041967373148616,57.49466071971645,76.53648778681878,175.82839764463645,18.09982353973927,19.739714970028185,22.417110300858774,20.02932454124456,25.026455626891966,154.5487137908754,55.697153087263,37.08908678883735,6.875488521552847,49.03647737322395,17.58461908449663,26.130942931867025,45.46865767308636,29.18334591800442,69.077440645975,25.74593668231719,28.855942715863495,73.05082599796663,54.83509284718321,20.448385012672638,30.216328522571626,85.46988626674545,25.99871815015729,87.22138284952176,68.62698877816473,31.597419554467027,23.07732988882817,30.84053822620511,49.043368042072295,31.638029692876756,33.01711964446484,62.858633731829656
2021-08-21,129.89515998274592,90.94450785665954,55.95766396742722,102.55470534203018,54.71648608583729,39.09885780490719,22.51151169597286,46.69509244539744,16.16722092415292,140.36674347953883,101.07537393960853,68.0004972200877,54.67064712251653,38.94073314324753,60.651621701551896,36.918356803494056,56.43744546588525,103.8392917297215,151.1080077972911,16.93185301128096,22.8096756692382,25.604631583040295,24.03558997590533,30.881447583813976,168.68779083305307,48.43676878339592,45.9216039252305,26.32846845132981,49.17932728082604,24.108064140100357,29.701008422472384,49.72270032510997,32.500476390929144,71.57456023426205,38.422070645170606,35.948019950210025,78.44131281224958,68.8236369408524,27.325441382585158,35.85180122734366,98.45565319806072,34.996535388211726,118.49602894874255,84.1443651944909,38.65615207685191,28.317806884416232,38.08321438918946,55.59894275599145,61.78064634206904,33.46710327673959,82.9015185940953
2021-08-28,115.30464381825284,98.0117422714939,63.16772585058603,95.66558994553657,48.36022513843375,42.67776817690549,27.15068941153966,50.59747536364047,17.201582999054907,141.31842661077374,116.61115884711386,75.06328255661529,55.37571381007406,40.45274945092738,78.87741025655879,46.499760702615156,66.50158547962904,129.1500071737569,128.53226019479462,25.606079993334387,26.2567651612391,28.01594718203242,28.070893575426183,37.709907313101276,143.74952329335662,47.02272178844197,61.71534219454368,25.878718450295906,51.02988290203483,28.689920137440968,30.71652374020371,54.28196576831015,30.646317144711965,84.58360936087088,53.302749645042006,49.85841510467016,82.80576228635489,73.13874715279782,34.10563780362567,36.82408546284034,126.6568700456075,56.044193299339064,119.46832808770138,73.85186882233377,43.97749440260914,29.18320675524729,48.20562170853348,59.11836187323972,97.75983778116417,43.80642185038079,96.62052771533574
2021-09-04,127.51711387598063,106.73301027277884,59.338754343656994,93.17039807754249,49.04254564467304,46.57098363251936,24.819881260610995,57.827153191122285,19.29864583584249,120.31435155389042,117.99755929475543,87.49378474890386,85.6432194687938,47.85184386679705,100.33838768465495,54.38548114621862,77.93873231653025,136.73337327955738,73.5308985513232,39.96393426036965,27.50393669529317,32.570170807325,32.46366699753486,39.81110824252362,129.18036025750055,46.96537516538087,72.43786829444468,24.9275230458104,52.17917534046977,32.52897122991577,32.153106384799244,55.91300005866001,35.71942432544869,91.77462728177998,71.35902328157027,67.93508482261251,96.05074184268726,73.36635736177955,39.17047577528773,35.77628400516915,148.0486195193596,69.60874189942113,140.61144144225932,90.39766717210628,49.90084087190163,33.63841349767384,55.09916854499416,64.35546763427931,113.72950991185434,47.684525062886074,129.2074939655366
2021-09-11,108.22353225505464,123.68343710913204,50.76718877791237,73.19560846231234,34.47844480934419,45.810400060013166,21.221292984267464,58.13523605308884,14.849471979414778,93.35108256516969,93.9945596968304,61.425044071780505,89.9575561045625,41.12352912813399,79.27549593974884,58.122323751929436,68.34827965677576,123.40204844893528,67.38521861798996,36.378190344975344,23.699567294332482,32.024650551476,34.42524509963445,39.270292813431794,90.3785395153267,42.93752945616839,79.11839502684374,29.776551792589775,47.43915567912794,34.5735233442989,33.61670939261601,42.76934361361847,34.92419716883711,79.59985827726018,78.39257173300861,79.60407559179063,88.51720166763921,61.41682139023841,43.52917347452806,39.43886928063238,123.03654854396652,65.94631377739897,187.2232278749963,83.88777702598517,54.88842960512895,33.65443942120775,55.43892527214806,58.41579126587859,129.01843431370307,43.7514620174312,118.77137115794311
2021-09-18,91.73221079767539,141.56340348167237,50.86335957284779,68.75860725216084,34.56727808000071,46.17679990886889,30.289286668927353,66.13512103548703,26.70921248205807,70.76862892957483,75.80653045470639,53.82548704967681,94.50131920215549,40.93176505570904,79.3230285586372,77.46262365018842,67.38030984644979,128.54566571904434,56.171557612576514,50.356640172829884,28.675020841328024,38.92345059552386,42.83730106478945,53.59037610964687,88.03994692470035,44.45268760230901,112.22162132828333,24.333025918006957,53.26353600272194,45.928877533534695,35.25707060983834,46.05525772487886,35.801157433335725,97.72232945502726,84.97996226028854,83.18005663395813,77.35967738959927,61.72030166888073,51.454504452394076,44.168135319310416,136.54671826790147,71.98253790443549,108.85796730321998,80.46660144590882,56.57903191495335,45.721959842240814,59.44571150272174,60.4525894191816,150.30017068912315,61.4863131123513,114.55545399725965
2021-09-25,77.99012274674523,199.39990021119687,47.93152419581637,51.05368009320685,21.049688851978793,43.7925961530447,19.008287411364076,66.227545894077,19.185291087908023,50.38566213935853,60.28110587663316,38.66874971748859,95.51415309459924,34.368383202382674,63.35801018950809,74.74953012136022,51.597596414255385,106.01492096668669,38.194852256305616,49.0175656816038,28.546003096425878,33.36813926667859,46.036505779546054,55.18977124748565,63.7669686564752,36.97649890113306,118.32204629960573,226.6533223601226,41.50439133602324,45.708242413277524,33.280080700818154,38.7299107366409,36.80868505257212,73.13061184483267,96.50133453708492,73.52490782010591,65.09271864767268,52.867212915361954,50.921774733598035,57.67627843577402,86.99648106303826,64.29596036438899,75.25946768965031,54.84158249925222,49.64194789825693,45.802089459910356,53.11452062844685,51.82475971756924,132.94668350308316,75.35680095300351,135.04757593402434
2021-10-02,50.49370970093929,218.93390017018777,50.49516281509502,37.0865702345149,26.34248141391589,49.811278030456684,18.652074854001935,64.7282092991731,15.954680771775802,34.734106298070415,45.19552437535926,28.922105953080504,105.82715234196853,29.524564780389497,53.24544552100875,65.72595853657764,46.977428454330706,93.09544364594277,31.730810184318774,63.62091693869717,28.0100832329862,30.025376847859185,53.48829967225925,62.44201749333999,42.43067131383543,32.17296465893624,111.71637140734559,47.33747999387926,37.87470504740669,47.782212543694946,27.291692701912478,47.75782860691072,34.74993601428551,59.42458126765576,112.85171022830164,69.38258719661907,56.821240287078176,50.82820479323391,49.90474527044196,37.39046462914908,72.90752603465643,60.45267159436573,61.61067209592258,47.48950376779378,48.81536189806604,41.3468827174838,45.60472538342425,53.689526563275415,114.3321390488615,69.99478225085936,114.14077362079898
2021-10-09,31.32249751946949,154.07117812301362,44.65622169401558,32.01003113522283,21.481200893202086,53.070673842315394,16.47272716053434,62.76674841131937,19.42616992726876,23.451260251487387,38.109059043799995,19.818175654296436,94.47893613270922,30.35001835963434,50.44399179527582,49.551990922546885,42.78975764370061,66.19553400618175,23.320026656375827,51.78498629680438,25.568670521760993,27.463172667462022,59.118699707024945,73.95163372361884,33.970073406943,26.952912838716696,124.90900823183112,45.98822999077754,26.47917832733147,50.76078666716677,26.974203434062993,48.76887910268315,35.46445815241744,48.00781534549114,109.09873474861627,60.9661992796708,42.61087584417475,44.5926334430051,57.325467159829614,35.134387616685906,52.99964224076148,53.03738502632088,46.168101735290385,36.796950573772875,52.12794428373672,43.943082329976974,44.123854683001696,44.894918418420325,93.69767100578245,71.68823210361853,108.30069165231123
2021-10-16,24.482045853868456,175.40957835813245,42.74654448029783,27.626048610181446,18.8982027156508,51.88117670266531,17.45441531074497,52.969713400782936,3.8824001167553903,17.513018247685963,24.393866571954423,13.263910861998825,94.09842395212262,24.81648059896048,41.17513111204493,51.76113366739882,39.04144901648089,57.6273151593682,19.53409852103578,41.273251540679595,22.472244644109512,27.315185789545538,61.296562071530616,70.07017479154668,23.64800955866121,22.64286137917723,112.07191764800548,42.68489377628711,27.64795029862124,56.53407231389611,23.093403766413463,45.76911135815081,33.276169848800436,41.620566730777526,92.6958698898515,55.141969869365475,44.84238069978274,36.28960269452552,49.87974915460402,33.88835345080667,38.72423288611486,49.19409625629762,35.74810072199068,29.63179494356457,46.74733730136203,51.63552562625303,34.62941152143179,44.80168007613502,83.8993676299991,69.21503962088708,97.93368224079452
2021-10-23,24.947049723801978,150.42136847357307,44.96396823780894,22.569391517805663,20.369899208151363,60.68345553607597,17.41795260802286,44.57959012656044,8.671638216986493,13.561950218498344,18.23983088928453,12.783641459114948,91.09909264632232,23.900274475152386,33.39760634643644,43.71059913092261,38.423595946060054,43.745368114452425,16.161180727732827,48.28107471142945,18.81343372457689,26.087765213885287,54.54869334766684,52.62754732932929,22.223349704601485,19.725729211358676,110.36903828484495,33.870827664070866,27.485620858164324,56.320791697647515,18.719482469976434,48.87856854326223,28.727388265829582,31.46618581620819,87.21075188108054,43.021276231703034,37.62979309173608,41.53886313916681,45.06487234132133,32.19865560465224,27.54085777535905,52.26872727231622,27.149696288306608,21.029883520352424,50.8740289174094,48.27008168413225,27.689001688122303,40.75040844303393,70.23977385783644,42.267546527792334,104.9486919425875
2021-10-30,49.176198736127645,126.10297384303085,48.68989960730716,19.90188892320376,22.009898051041066,71.66155906435023,13.185474268971895,38.67466860553481,9.238411956658812,11.314506737837416,16.346716147600038,13.04496451656647,69.94149625223481,23.105597845802905,33.80163360698753,52.78805224606744,40.071204133848944,38.910636476751996,12.21392042753454,48.83158311337795,17.427320003705127,25.371044452211336,55.99058843037404,61.383437784593035,21.645421650596123,19.241301158658334,98.80442898338103,47.03764665985666,21.54436333744135,10.046252475709911,20.29004108221058,60.157504498459346,26.569428599730404,26.951538526960693,94.55923533780717,40.39147581935307,26.92210784461145,35.692125895948465,42.66524522087935,29.045811578866886,23.617547993537805,49.14888109429735,20.48856860287935,20.020774674858128,57.4461674170404,42.805241759069474,23.46898882188652,39.18374164942305,66.86951461012964,51.33591896447431,95.10003300164662
2021-11-06,16.670796635248315,115.65932375998743,56.100546291331284,19.709696189679647,22.285508967693364,80.69826434134157,13.370592605868756,33.909653673785435,7.920663011920669,9.776169621594676,13.912980579185742,10.354043303349455,56.48367574766446,27.555629139647728,37.099209042367754,50.37606138691059,38.59522179895473,36.02322730423646,14.528499219367433,52.41732702877225,15.617763427769912,26.602817583104425,68.98366523121338,97.30422126833807,15.039569591441827,21.89886440104244,86.17318095993743,49.32258344671858,35.22548857914989,100.13157207671335,19.934272966464352,71.73212503260876,29.482005890849496,23.148174633231392,89.91394400980498,42.64314617891882,21.77928521588862,33.59147334222119,44.7586699223066,28.857018523430636,20.109875980681778,56.812851053343714,19.662700057137215,14.884872785896729,56.959573394286515,63.86330528262518,20.55176726804779,32.205311354998685,58.722861461699296,59.04747052521334,82.65962170782657
2021-11-13,15.075914941002635,83.23479758593115,68.29775082614147,22.95377698485389,22.476335993548123,85.82959871749634,15.56396441576793,39.07517632609133,8.104864477314173,9.593189450080331,12.499266535768616,10.968505627627357,39.729948267130744,35.67837645433912,48.20995870752274,55.288789155232685,51.65251668718168,41.8383350795817,10.77268642146759,49.94747852273302,18.03271096055365,32.85889030443657,74.30365729678516,94.43346658079817,12.855539154793663,27.73463785833905,73.76648845691061,75.85266396747738,26.654494123024936,77.25171010604458,22.833332770409097,88.85798508128227,37.79565088366084,23.16533696717151,87.13201812975848,56.50734444910215,24.933212803429697,28.62672565880708,53.180798702451625,36.5692148380014,17.930691042462254,53.082600188321145,23.616326073987864,15.92295126331909,59.08374345515443,82.27709142308599,21.77957778548674,33.54479176529467,58.834459450033954,74.10646475340039,74.81525125311227
2021-11-20,13.052740208660289,79.66700613086003,73.95808904234084,28.666540305467155,16.306599605899166,76.76337307353558,28.942971491495634,52.34327824811761,9.309258674117853,9.210467564622846,14.33587038964163,14.21738688243005,38.57722019064779,44.63920378925807,50.98764612381148,61.165045466503116,55.05757360861205,46.04186564236013,12.803320603149979,70.40556102757601,20.533670323272155,47.78670390132583,122.99064660683537,104.89159576369522,15.315093431142058,56.030668974013075,67.72220236569241,65.20341106943313,28.745297316109962,89.87203898475484,30.821227647685987,93.91800666625653,44.84783017361192,24.93877814098362,89.12660649658427,65.37714623024868,29.67674011257601,27.920185635092942,62.73712623874305,58.33705412980089,18.175412345684766,68.5461855924147,27.34298467135264,16.051245347571953,62.41504099554642,77.02058850396402,24.891280776248053,30.55985159607627,68.0412934876436,84.13663426670016,63.41154090044388
2021-11-27,9.442841744702678,54.77448413973166,66.83870248012116,21.731033559502208,12.496386244833657,56.96736228227861,31.10549024524533,48.35873990001684,6.829623563051453,0.0,8.960743110639937,8.298772770419925,27.598324627251944,33.20122656404316,44.67472017770069,49.3332952993119,36.920153474702694,43.24846514057766,7.399768628164638,38.97450699740815,20.795013960381628,52.760223680715114,77.57695939773645,85.15803868053801,12.660656438908134,20.3761606466043,38.511271751476926,34.57905467719323,18.22634957450207,70.8753551306123,33.721413300098284,58.77923283205259,46.00288862280793,17.459814395079217,72.67125247027145,58.90273844864018,21.08683637054707,16.231453028010044,64.03848651955566,49.378823649350885,15.77092842989531,43.338732777262194,20.961539418969263,11.692695248680321,50.558990479600794,39.51992743461824,24.085237230448435,15.838699243705724,26.861635792153212,77.54832429186833,32.690636344316026
2021-12-04,12.995634470247401,51.835498841493006,70.50693137265812,37.55379739704765,23.178397226599984,62.43210315597034,38.03340376244605,72.19408398749594,13.035796012463354,18.209553455282556,18.010019945517854,10.86962663291597,34.77209838478175,79.18593547052156,100.55228446965258,79.63056287182218,90.33011889552586,70.39011136222369,16.072985810943656,69.00697211451765,31.030421722618467,72.0159280307894,140.06108228044118,112.44173378688538,19.300108966318557,63.70153436926486,40.513558475193165,88.4301553757015,32.31654500616202,142.2066895097561,53.76827111331777,117.61092583133866,60.77447722810235,39.10914519754037,89.65149817206475,89.26777938421263,32.764960875376644,33.59147334222119,80.1703547784645,88.64777918009064,23.454400458056128,89.95556479954422,37.123083992295406,21.63514190170666,54.336332540850506,129.890110242328,30.132906973788,33.311039301537136,99.52308599685182,100.97838807618945,53.49376856342623
2021-12-11,15.553155754881777,39.40974239452119,67.935049542385,34.001545494670964,23.9363905189541,42.738545403018996,79.07918773439557,85.48272476698666,18.02340492157977,12.090659271970784,18.91136860611092,11.865479365366362,31.59370252341129,78.38731307836498,96.74076259254193,92.74279176056315,80.3483592911715,71.880820283848,13.536844179372114,102.13418716690522,29.366423628111313,93.4029335932099,100.45402672732773,105.8650635360605,24.266258174573924,58.14042105399773,27.73260677147172,76.89691109631474,28.75179049372824,127.60064454873131,68.39529440374501,88.03769882999521,70.63334060021197,41.41938603847948,64.01053982484365,86.86725239753274,46.3511104832459,26.644620088924462,87.94102228958327,112.18083354021906,28.570241034945813,67.30276863740718,36.13174887621841,21.881728649665792,48.07611328657456,100.85113679888588,40.93482774743984,25.15071452743985,75.04964715506038,90.70433430417589,36.28453294030849
2021-12-18,21.78991818583227,33.17635962244291,57.98549387206564,32.71915604857042,24.452180278492555,47.53473678946213,90.39945451796727,97.82657810311328,35.66423756888072,26.856646954937567,23.997348509143887,38.5698707227772,25.466337262494648,93.56113852934003,91.06952700142405,56.52806435356426,80.30716908647678,67.3549742785562,20.35796810957853,95.46113261896188,55.401542919903136,98.93938384937952,92.9651841415172,79.78180136576287,22.445112795091916,57.720885232656,19.573756196328894,56.244597830447354,29.660835360286946,123.35709573578502,87.18570532717719,66.66733434152236,98.81070103309106,43.457889925366736,59.339003913067444,107.89881171347665,32.31006747332745,24.202552221724588,83.85728186456026,126.9350108225619,27.696236380579695,54.41644746732921,39.934551382055865,24.936645311794457,38.35982879376461,91.31571229621035,45.271998105797664,26.054207196345374,81.89060383997518,103.38288076773391,24.949935983716884
2021-12-25,44.02444533502204,17.90730577066346,56.73252580090694,43.773551894026255,45.37988156221937,122.9992137163433,106.2410964390805,135.64888412387396,118.25734078262951,116.27342303334842,77.67327344874553,118.05445690005877,19.69150534535677,121.93827548542549,57.550118319086174,52.25874544780306,53.46488569374946,36.62309215558077,41.748462074249794,79.92042921801026,141.55562318878935,139.3165878926712,62.68638872069561,60.09611974682036,20.476125355282953,44.864677815353225,16.935228831431786,42.457434005649276,32.92041052466174,98.88130639525605,205.1273390909224,55.79854151196879,172.27591390594247,34.92248917914846,53.119037558623845,122.3190835906956,38.60781390614185,25.003929832514448,100.95462509770942,158.51064934427453,32.50131974702809,45.71252878227656,78.83090985820539,54.962979052093644,32.935553117040214,64.93704215939704,84.22686423637508,35.192877956394135,57.41716499818374,100.47687960052447,22.738307309259984
2022-01-01,116.3692579415217,51.220362383722126,96.16942106692704,133.8423568926279,118.01841673145042,285.05734591757636,199.420130833787,252.26851680694705,208.58690554290547,281.38672151539987,193.69106797383887,216.9617027527912,40.9162509477831,202.38369844397266,136.44238251904758,70.07134548520318,96.40567408799738,88.20699276782344,164.81263742811578,73.77556516382832,246.8870333858226,238.66656278568178,128.700150607944,92.046786031429,122.54090773009014,94.14806384973011,38.455132871372726,74.34315821688082,68.94455995085963,120.99629994903329,373.79520140866157,70.41108263954763,427.3104548827847,132.3254085302902,87.34197479995066,179.83249351960373,57.645102781900604,50.7286253268044,174.91656960492622,201.39499188661844,119.43176490284759,79.73693818748241,186.58625479450367,97.26795333447534,74.0901783491861,125.89965528238478,162.10379239973574,92.78659595085578,101.85548395304626,127.85374638853786,48.24115046159109
2022-01-08,283.75841417364427,223.49957965675387,197.6296097238016,273.58966983939314,273.9233375960649,441.3590065597728,355.598301062439,376.54914332425517,223.22383736994314,381.65799311165785,163.1290379972617,321.1731003932559,90.3044936809797,367.54228141322386,245.29505056208063,163.21032496901813,315.1119309487409,267.4166171069369,342.86741894779595,98.86833326885937,307.43605351259083,383.8242798008213,289.3212549253484,148.5256484820286,287.68720920894754,243.66881962993017,96.16590161848391,204.12446598649302,161.23209343942318,224.10644614921847,488.6677722498618,181.502640415599,554.5627353264525,262.6390101376,204.05163884303377,263.56862376059746,123.3013838110009,182.26361672147883,282.66857595331476,503.59603572342195,283.3018108987992,230.75557926839605,266.22985444506173,253.0559426699261,255.74258926660923,310.72663139895093,240.21503554734045,214.93670364114112,309.2380256753492,224.65346966577897,145.79470902396335
2022-01-15,156.80419971916214,362.17867663643386,279.060169532625,404.4596666980361,430.39137534731975,376.3586314774631,357.43826513826235,468.717266195916,167.63750285158036,390.2426964256057,335.4458045045394,384.038952673688,150.03371449835345,327.02245399457587,286.54445139113864,227.26912556615224,374.1100341398147,266.2012192924594,379.1994224738717,111.27709022088777,271.5889693136256,403.4673615666181,255.42470468937324,257.88916723644377,323.10882284455516,247.69515621748315,172.4399267200485,265.0940235979173,257.9479740636513,303.8807511302034,369.420154263757,284.23872428319146,415.0304409562856,363.5182555746121,345.69365747143934,321.41225586229905,308.1296274347222,254.596244384133,288.8722994528428,637.0632862640781,407.3755116326135,310.31165680787734,323.6262540682079,288.35923281655073,386.0156620891478,306.1111654211853,305.50221960726697,289.7795149583849,302.2743112032663,383.16449787150873,228.45433073178992
2022-01-22,541.5459543133699,456.321894073502,457.32510276192903,367.9496746640935,389.842657043113,268.6561773278025,190.8878583968135,274.98449316261434,75.5084314678448,265.9302514040469,212.84449154940896,464.61120779279486,192.49439723792923,289.9662171679982,293.0683033335665,239.33541886550853,413.28191880449555,362.3295617203855,272.60403450873497,89.9188520858317,139.26969340090776,302.2051640746475,278.2216667365919,273.76254337162425,314.19125856937944,232.53452002611988,187.41029474783352,300.1641845980786,424.0499507167819,314.23589277427334,181.42034790969342,371.00307178124683,220.50461609573694,386.5968274090864,421.06810207043526,236.55029044152244,389.81331932935575,272.6628047220583,210.4532350402738,527.7898657775772,437.33250671915357,305.63188754084905,337.1242261509225,275.3228984489211,417.60996245116127,267.1841971573217,235.00855659743712,289.1202804819451,342.3045096189096,510.42227357149955,307.5891692397008
2022-01-29,281.1274712253362,465.0978408710332,316.76736435830657,213.7415153535485,300.9210592884131,157.55540799230943,136.58367475044784,173.5738844319568,37.08117191806152,184.16092905877372,213.54993579892223,222.91563079148398,220.0703387957349,195.41942708944515,236.31138559217993,205.47563128551823,288.26278252189775,378.7340747633052,430.51810856751234,109.04529940217763,70.7546545632584,170.80152159527532,219.96710276316162,317.43028623144204,243.8318780410524,178.44307238456764,312.6561362602898,229.20190569931472,218.06038395457892,210.044634484828,110.42659524283988,310.1111249415188,118.77054283274923,315.81459492505974,315.4074077962161,127.94483749818205,371.52660456697816,235.9559166443996,139.1658749277163,300.03936335205844,347.2944894589212,197.29635938819362,276.26035008040503,200.77541358374316,262.7576530946444,181.15703962730112,173.13534185794677,373.69008336689694,318.8912516662975,196.52605765904775,316.4356839375284
2022-02-05,147.30017325473136,341.4554128590859,183.39083659936222,160.2556030809158,160.6556026979297,77.88688351054815,56.40219146453006,77.82173093275166,24.456286866860598,122.63722197548093,103.17663711806529,146.13609139809247,149.36222241496532,95.30437653751581,127.34285679060649,127.19844567632414,150.02159053229417,231.64631789300606,138.70263986745812,100.94389873025982,38.84426565746119,87.97964977309404,118.40261655894342,182.96229257511837,229.80032249729433,93.49763241448449,210.10911526996253,106.74583645228928,111.18268035774811,132.08689199396048,48.67380679764788,181.23080136720736,55.90390366062029,183.1745436058674,183.92204308835764,63.36501527063674,239.42808779745923,159.75865730840968,74.98053622761275,161.88060538381157,201.28132966795204,109.80502091766431,206.06445230418788,134.52014098140353,121.02466719776118,79.72896958119455,108.76667253625702,191.27386294200065,219.1784490892767,109.86470606622592,183.7034067720761
2022-02-12,79.93987581541386,196.28320882515771,94.60870645197498,80.99929617695517,102.45108203605756,42.15508403232931,37.73328767081023,52.01465652868662,18.09425163903881,114.00456202625071,58.015019275392916,75.50823803281652,135.08182410824452,47.3049611417333,51.739255659983726,72.13469114789847,30.53567174702075,152.40372337008552,77.51902966661892,99.32957003805947,21.595585608235965,50.20527375903935,59.0486075849489,102.83649713314627,167.02792770120047,57.70579401606098,123.52424918926101,50.51157770232547,52.6661636618405,100.46252475709912,33.63359711962928,102.65500906368617,37.552507738814505,106.04892180497411,106.05436303082952,38.99530331676519,81.28945094619091,95.58206213426773,39.295456354477416,90.57346834554038,93.74768145987522,56.17983878533988,99.5962322822643,74.87304834779809,67.48996711747316,58.7830875223762,71.82925842002109,113.8427027142732,143.5819717913765,62.33475553351056,94.65079592714757
2022-02-19,43.19641212803515,105.2703524731903,46.255404626941804,50.56657092375781,50.265458362087095,24.455019295901046,36.06441781545216,33.93019253124987,12.42651424231561,39.457602074185,33.023079140767024,41.945882113637396,127.31489901038854,41.380003710595346,29.458340556063312,43.808853686289055,91.9502669468516,136.50058990440886,39.00151308059682,386.54616980059694,15.009064323616203,34.62602772896871,36.19957710418804,62.254061967163814,59.21074516094457,41.2141125210164,95.28639249685155,20.331801770877707,26.122053558326265,80.00964910925924,25.628814515339123,64.21601379988545,25.051454589727815,65.42377044272338,53.64392923410431,22.3849569256829,44.94852249359422,54.30874423891295,31.80287063205569,55.40132211776722,72.13451747368372,50.550551116305826,62.344289367938195,44.696693299299994,39.13338852224515,46.12260793058852,46.88174204755446,-3.218692632975933,79.30153051061102,37.20093692775221,51.86960375562194
2022-02-26,26.09732245469017,74.30848409872257,38.3858858642258,31.60576366125832,33.52051338645259,14.470189291538976,17.036496641083872,30.75693905299436,8.912517056347228,23.766935967229692,20.24596740659198,24.27479320164535,102.12275434861071,20.528225580206666,18.008920981328743,24.60167286304266,22.819373400876117,72.67317908002667,26.550972144603527,183.9962743971933,14.760953275727463,23.780910940481274,29.534817610785854,28.416747759428272,23.708490401522237,21.21221404596875,76.25531214152987,10.127129333625584,26.245423933073518,58.33592579599635,22.67571398495191,32.56345653365153,16.17493064637369,45.64036672475164,29.393933826906473,14.894217689984686,31.85264688571132,29.91177496368313,20.27497445904695,32.255293521283114,36.64215957615824,18.673861906112975,33.037670441549736,25.081148594864217,19.884851891384727,40.28917176424584,32.394046571743324,21.2609684732274,72.9962441697026,20.881301531284,28.578389277747732
2022-03-05,16.067107400597777,56.90695719333739,10.63511605135905,25.59145656908136,21.594330443012534,11.622342125077447,13.735219633089846,15.085790807628953,4.987608909116414,12.87193338851295,14.348114415334118,18.963578628576595,98.98912462613279,16.522487178441047,10.124447823221438,42.80095211833652,14.135105244405514,53.79086607278555,10.355373888367607,69.55748051646616,9.199957655714494,17.31446471622863,15.556445836763258,19.281399921129605,14.461641537436467,13.447783107827798,97.92491986174866,228.85037696287444,25.706490190756572,23.7771114597146,18.761138863275836,23.81691592399762,13.162628682738344,27.90786191262389,18.791121982200924,11.12831612356811,27.915291772418854,21.12981440047115,11.409164622778539,26.421588108303027,14.66774033282874,11.055107109066883,19.24390856053748,18.14016273552785,12.489246584016385,265.95020104521075,21.74677368769257,33.479130960868396,43.71293203068721,14.155591974078195,17.86581288584713
2022-03-12,24.694152882259186,71.28748060611446,18.01828536540162,21.33007975335708,15.629087738242417,9.462145859785897,27.22080999369756,17.314256842520365,7.722292203035357,9.508450541134756,11.643126585424731,6.7378972110473265,60.97148117164177,13.483460664414373,8.710352411292622,9.476810340182627,8.073280120165558,8.997972770164692,6.917923229121359,23.53051453193395,7.086051527702426,13.801952643328555,11.779481772894115,22.941213185541184,7.089698802042506,8.979273874040556,11.433618581220797,7.8887184089395825,17.583524990292698,12.78948247090742,16.016320299385622,17.354777142055934,11.741809121733548,20.17337008361108,12.544911043983298,7.494161227126125,18.233643865471848,12.542270890764406,9.846907382907451,25.251071164598283,8.860464962707193,7.370071406044588,9.32909309383536,21.584445045832545,7.043136560117132,26.5549552956863,17.38851498075278,20.16705947148568,29.004317168178726,10.572897863676944,10.989029976207712
2022-03-19,8.920732136356268,40.58533651381665,14.15908875149288,24.28255778042577,14.722785908552906,8.112891440066015,12.142080006462312,11.727687612193508,7.495582707166429,0.0,11.114749784387419,14.782409709352258,44.844479635603626,11.745746724168532,6.2356854404171935,5.638543677319362,3.576682774325047,42.670983306074554,5.777842597456459,20.87468345766888,6.960341930105464,14.1066315096272,13.277450553262153,10.342873435713535,6.0951249416611875,5.416237635954884,8.682813456115301,4.998945413790679,127.28576085107377,13.782340512064696,15.269882765399073,9.790974848211276,15.364282148651345,15.772184890967694,7.427217208048689,4.29802123345681,14.983683226387052,8.706090493551399,7.994070296420345,26.185596789007715,2.377292659875845,5.493642183033236,5.955332226122808,12.700079711321756,5.227766552150714,29.135128984645565,15.225787676179971,19.15719629940959,17.119131410537193,9.11646229051287,5.632741780257413
2022-03-26,5.392413298702782,25.917749420746503,12.546167133575876,16.266795325342535,11.973003898059595,7.42003106237202,13.00316075536135,12.107656475285593,8.076525790330557,15.589165655580938,5.980735626714694,10.954380056954301,18.029562438971162,12.717982679837412,4.081863647038221,4.6433201165108855,3.1991058979567604,38.67113819655109,3.6418047347333524,17.043442552216465,6.487276865464265,17.39426156216399,11.34891588014127,9.550268528159284,4.663744993950236,11.57194488506605,5.464184330141526,1.8093390846191704,7.347030475079833,15.378267881924907,14.97716216383572,9.776667529874873,16.587708543438396,14.1865759275002,5.800053014059224,6.275932278789641,9.171156422425133,7.359396757076128,6.550544606779462,24.061674915349915,5.345024019590134,2.4868339100150454,4.829280964286457,25.29497206861899,4.373107819877865,31.13836942638412,12.587400953591692,15.790110248430281,9.162194842275774,8.594343877491784,5.148948007719966
2022-04-02,12.073784693010769,52.04054432741663,27.87029637228649,3.77758131409462,9.281178636798035,8.340371914948003,17.25527285741653,13.61726249892171,7.991509729379708,0.0,27.177969644799877,16.081962211273336,7.397604451992513,13.253028116479864,3.9392657903731294,3.9301822146576777,3.713983456640788,32.06590992671129,2.8695614389452406,21.06810532862376,6.153153987640762,22.75370790553156,10.810207856185384,9.998879359504308,4.0925370335961,7.513916742663518,4.191703047779801,7.376933925004446,7.545072392437266,13.929430592236143,18.9795534659808,7.010585984837104,26.304695577329003,11.82770847373076,5.48511800877094,5.30921970040465,9.148411752322673,8.369417059432582,6.5317975199010085,27.06348449678627,3.9815767587789885,3.4815674740210634,4.792673315982284,13.529507863547929,3.540283434779869,30.080658473146162,10.937823464513405,13.226712443628559,7.075312460417589,10.14352416875829,3.8357934822611828
2022-04-09,5.147674419790402,25.5349978470224,18.79452106738042,3.6914259507907077,12.290627130748883,9.463882351960569,21.06702770352008,-14.28477536651591,10.159419283626331,19.878723722150056,5.280942465982565,16.470415404782354,4.7787853267788245,17.081996344487504,3.6540700770429484,5.109236879054981,4.681953266966761,16.17620627113936,4.153765471216836,21.745081876965838,9.927750062854798,26.44757644646654,7.482834689632584,11.11420035917237,6.861215617900852,13.613786490373085,4.266554887918726,3.287827593765121,7.720388188130731,21.850231409468627,24.9048939507036,9.40944635924055,31.230785972809812,6.676147902705585,6.9023255325682165,6.549691593022559,12.464079216147908,10.299361956423551,9.243876088317213,31.169733452524685,6.083072394388191,3.097238597018738,5.521897670201403,24.183090005094172,3.9769703782769454,37.96541285182912,14.28149828967635,28.36415429606168,6.137889358406426,15.241048674832554,3.93946357637635
2022-04-16,4.645959718020022,35.43185996760281,7.630465643876524,3.5058605529053577,12.207361757398465,13.195604035329975,27.776165004388144,18.87521000981757,30.73330603373154,0.0,6.543018960438895,18.553937079057995,4.510188493423574,22.187813416871972,2.569732208652155,6.275613536308228,8.938274418754725,14.081155894802508,5.037865734639995,35.165584000142836,13.659340223101454,40.05511495606168,15.413257644522195,15.641091475472157,4.646944759822174,7.0460890282177076,4.958934409203782,2.24875000516954,7.59377122457434,29.712196194632533,32.53702071223426,8.446086924589464,42.0272668844537,9.979897186178144,6.587390527279933,8.226467392699181,7.058429288463323,13.746708246626094,12.702713617391797,43.30912691707548,3.4610584312898327,2.8033400440169602,6.166192280354842,9.507557297534778,4.22962496701454,51.17077384376968,17.39085813059522,19.664097709580425,5.312064244729925,16.264675563518626,-0.7948040548829478
2022-04-23,5.17214830768164,41.91129732278944,6.531370844614511,4.881032697948575,17.099518799537044,17.076664045721145,34.44322995596147,27.90203786543762,22.430070747532056,33.86855887098347,4.57644006459948,24.02759571486688,5.651725035183387,30.86138921943421,9.488699045589575,7.331057631050975,10.805563698248799,13.935666285334671,6.283350047345613,29.043037854148007,17.973164309060355,39.25424479321953,20.935515548084847,22.056403680240127,3.242445186716122,9.389754965425269,7.017360013024221,7.687106339510589,7.996348236907481,31.263996540441312,33.58180809012192,11.259859530748574,45.73301515336961,16.03534067804949,9.946697250354958,11.788760469155024,8.67330086573796,22.571345724022148,15.792858437856804,45.366971221330594,5.811159835252065,3.7302508650225676,8.00389622522431,15.971578859769773,6.8154355110079425,60.44978356990268,18.747541889368414,23.081085971923702,10.110777743120403,22.341172094007423,4.630597537144131
2022-04-30,6.51005417906932,40.845060795986576,6.457181945664325,5.974543078344386,22.5337865702975,20.424620958488113,36.21307344962692,21.719841768642095,8.331573973183101,0.0,10.900008410703803,46.345997378294086,5.539809687952033,38.88943822675525,16.437373769332222,10.969645681395342,13.83990877742667,13.575299714191258,8.167709732889865,45.171446170693315,21.876778129176536,52.25387642196166,28.946043785347083,30.78746982072589,4.704065555857587,12.697749643055,9.22548929712251,18.88433050318237,12.600011168265503,41.655910704554124,41.625995390776374,12.447366952669961,50.91664194540012,22.13082961578111,11.521372276796377,14.938703578547535,8.329603628634125,33.02718969912064,20.676474569693816,55.59955482597528,8.472018449655584,6.262299937037887,10.236962771778842,12.041710338099401,9.632066296564085,72.53332991446965,23.87669689447121,38.79896933548508,15.71299675752045,31.45419939496094,5.459958290065468
2022-05-07,6.7874249085033505,40.065887949476796,10.74639939978433,7.681082005325727,28.00424567354765,27.294184001489214,44.14511370332879,39.22921775707461,0.0,55.34102591907145,12.155491968248795,59.35564796817792,9.132292334078503,48.34979913305278,14.238990145745408,15.631982808622313,15.30216104408931,16.67087094333001,10.871636815913977,83.31275126244968,27.26905823662516,62.173349797598924,37.8106945959074,40.44235510402097,6.407609296443156,14.271763533916225,11.527183381394453,5.32462644902213,15.75569549074787,49.51787548971803,53.97092383747702,15.313599726062545,62.63686118957861,26.83235565237655,17.08522403688939,18.843195797794525,7.824166515246132,38.41396464502172,13.760361768784522,71.59032662142556,11.929192415814901,8.432627713051017,13.790833269147923,14.412391884212797,18.71203552884972,70.25764877265465,32.85096079101927,26.15663805125036,19.26181278656271,42.889279638034544,6.738556117485862
2022-05-14,9.434683782072266,43.77037639516366,15.085076119871125,9.477089963430362,31.281712496915194,36.71291755690832,74.32501226408982,59.11083178264959,45.96535028742513,0.0,16.761129324884205,80.63582018713556,11.829452202354139,63.18192152493316,20.049852804847852,21.25150947522559,19.558482195877275,20.963933573473263,16.71186118378229,62.12561709016138,40.233687525638146,80.00867029002382,55.31169616226607,53.47334719712208,15.093330340651628,17.493738276954307,9.637174417886596,-17.66948854636664,20.93075805251422,54.71750982377873,73.44585062918041,20.88868477114729,52.523031644437744,35.238085431047274,20.49701992751246,27.324601551873112,11.056436855362348,44.659019753958106,33.30107532509206,91.23424403956726,17.985073554289478,10.173411450061549,18.633292986823882,16.54614322634308,19.64779326491489,74.20002596199613,41.497183709625624,58.709951669708296,28.993157369345262,55.914760047086844,9.883215638979264
2022-05-21,12.94260771314972,52.942744465480594,19.79469733470885,12.76756210807594,49.904557382154884,40.40817290460962,101.55423672764633,82.58674586450104,28.66458188392757,92.77513734338025,19.960587423144016,100.08673100393256,15.119763410955953,63.424191361288955,24.191132225496528,18.766620074990414,13.105350127037457,33.50513790960082,25.823901854975723,62.49758222661306,53.20493310926149,84.08411283970423,58.44080875494662,49.003197371743404,18.379456136100714,25.86936348719382,20.191283877475023,21.84130752147427,28.453104323287523,55.95306649721889,77.56420432348328,30.48412626876107,84.98289850377522,45.750968432365724,23.173967472462873,33.42601226783927,11.089290267732567,51.643808042085126,42.67618102155844,103.72290465667511,22.347327895859046,10.738600975064967,25.764462876476713,18.37260954409352,25.820675130491416,43.09370838267982,51.788297817625384,58.38296086366545,41.54793105699477,53.04654376503023,13.062431858511054
2022-05-28,18.575680909449677,55.252923606886796,31.593480004786556,15.498024391246085,56.68094148992832,48.857943826561936,49.550008176059876,73.86800087084755,29.203016936616276,10.86334188746235,26.12309973898563,125.32912579668219,18.947268286268265,58.16291123430484,26.095407769711592,25.089776138088855,21.32966099775033,31.656300718517226,28.897817369408067,52.32805539602384,50.95539294173691,61.96007459118987,51.85615454391707,42.97443521137549,17.71752691145504,26.133459777606777,24.42041284532429,19.675270160173035,40.400551140916235,60.446668446456634,75.06031733164906,43.1651794209256,53.02216905172271,55.56400959412606,26.559518779311922,33.44312222497882,10.652087164651952,52.54950699865828,46.34279876353588,86.02355570952679,31.207792858566236,13.428903114081244,29.889412687390887,20.312885130132795,31.591181169559928,49.95280365519264,52.774763901292935,55.15244928589279,52.473374114958204,50.782885645419086,15.619627513351844
2022-06-04,18.730682199427516,55.020538722840016,35.83598592993793,18.4637570895923,52.5553826723442,53.99622417141539,30.61464617014002,56.71805488804269,24.569641614795064,118.23871388312465,27.654544798676667,114.08517154093026,21.94659959206856,51.43380734308037,24.00991411598464,24.46221478445803,21.981839238750098,37.5407958460702,34.72728625961916,26.699657494502354,41.28237022138122,44.49327044181192,38.96220803001385,38.11950850693804,12.2507307261834,27.985152053816485,0.0,25.733971323526372,46.819057216582536,35.448709321319015,58.67471873490659,40.25125558641167,53.89758718211026,52.998240670078545,30.916119685799845,29.99375486564406,19.267262762350295,44.52624713205209,38.84083949767493,67.04985363818378,35.75650152640058,14.762750393089314,32.16201549411393,32.100076559149905,32.23373481499134,37.66092030468486,46.59822091661913,47.27446597082848,45.84445360787927,46.963177255422735,21.1141425014557
2022-06-11,33.98607231829923,65.84694037960755,40.3285359219214,26.744612970226033,65.39976249880955,53.93371045312721,24.75256550173941,52.97998282951516,25.41980222430354,19.35678791485341,33.02402098889721,112.83505853636487,28.07956062034677,53.64027790480942,25.676526565757886,27.153121800784135,32.169549866578066,52.45907657073381,41.165515185228685,25.873894891579603,38.00399624194466,39.95355533396213,36.80537330213099,40.470725749481524,37.9282085675146,31.760974445892025,64.89654540044799,29.223410986720484,44.11140214976125,28.08685080873803,52.44539916394493,64.5307748032863,40.71439671122423,51.08178004676546,29.94507008616097,31.22053879255032,21.81466581382578,51.84770885429793,35.25077236045117,55.524037603800785,36.731502274160114,21.906745989132535,36.96347464568921,32.6015270927619,42.34303755694866,30.769773185104224,47.13011593085318,50.27385151702066,44.63919533386491,43.325523312071894,46.13319188124936
2022-06-18,39.239800252284994,60.72080323151686,44.881536127864294,32.331456913702816,52.67964801676686,47.496533961619356,25.26023851656262,35.5014151272793,15.642955214956025,119.18061944794276,35.481302760566294,100.83538624960448,27.755006113375842,42.82967696592305,25.171492490069024,25.27360724167768,27.15120992793774,50.173770551246704,35.14029660165626,23.857843852011438,33.10132193566315,31.41964537411155,31.1369232582383,36.09987318321479,35.00832787605729,31.831903163888647,39.091373512553595,20.026798896613332,59.75346703218928,22.688644866445884,42.076334777796916,64.20647558766117,39.13987778381552,46.651037501225204,32.85821888507759,27.665089698950304,21.281429659201446,48.144301078990935,31.684139081825485,45.140419554807096,40.19644517058046,21.974568732132944,38.03827519989972,32.87639371950795,36.6006042499621,23.109381735895987,41.65417474906915,46.19631556214907,33.75839147123534,36.98109759595386,81.3119104843294
2022-06-25,46.039462104733964,69.63344701966386,42.2409608726373,37.76918580530744,64.50991127479718,47.72922391302536,27.218005170411246,33.683726241676624,27.1201234433205,19.268324218701437,33.9771712966508,76.53940469194956,31.71680940536578,42.752340014903936,26.490522664221114,24.842554998779743,28.407511171126767,51.71596041160578,59.74237619477224,16.93185301128096,28.75110822934724,27.756244719806432,21.27295905007952,33.172377204753786,51.33815544853434,33.76056064473299,36.73354054817745,38.01162939772789,46.416480204249396,18.511286589576756,44.95738100626084,63.26696168357077,36.985516430642186,36.41847262092867,31.808435534116647,27.647979741810744,37.43267261751476,51.57267985177833,19.256382738651002,36.295464907618836,41.25690415121135,21.951961151132807,44.408006004825765,45.11537345597466,37.346091246360686,18.814434228808523,40.72160111177774,47.99016873907487,46.60331992855497,38.53371287677972,40.77690368529906
2022-07-02,52.14161815228265,84.752134181766,45.376128787532195,50.22857680618092,66.47841605874719,50.80628804654354,38.260594448637654,36.322969425856776,17.343276433972985,118.84119821375965,38.315323784311886,74.87258735252904,37.52521592667306,44.52477666785224,32.70838337255517,26.57627247572954,34.441876158903575,40.931822897512866,60.069342715551606,22.154243527062697,33.83903878471901,29.949932557156664,28.619614759678647,21.733687588126315,51.45239704060516,39.06059591290617,39.82117895390811,26.917796038891485,53.12393268392899,22.629808834377304,49.410111695426465,61.05409644754055,42.80604461054714,46.03510040537433,38.84198398555498,29.47190117288756,33.10613092691354,51.65803368014648,29.526661833563516,34.6718446308671,42.78349894750417,28.349906574171516,47.616300302203456,45.867204379822084,40.68674636411332,19.727911870241304,46.052267003330435,51.569995796395304,44.09236519102507,36.00899555065803,38.565275010842164
2022-07-09,59.687733585414385,79.20223636276647,55.49879188873533,54.741792376178175,59.451223485957755,45.284242931087654,26.3204617187901,34.33070025180639,17.569985929841913,11.323818705853414,37.00615488334599,59.9136080097636,41.1400816422458,43.481516981655595,33.192621927480374,25.419404323834335,37.1261044981763,44.573539737577036,66.80657392003174,18.851193115371682,30.193460454407116,26.929259225567257,26.05123914360644,30.668667742859817,58.39425378232072,37.55751074004157,41.16851207640876,18.27432475465362,53.05575431893709,19.827742807111218,49.37183284752972,59.0176881376593,44.38724611910385,48.55414964258487,41.70264361692356,32.23173725949816,44.89797878225542,48.35294377055752,18.547117951749527,31.97210393812874,53.34535963737741,26.722160742161666,48.54174165133294,57.677847415638105,37.26499224256837,14.423331180517605,42.99445645894526,48.22523441892093,47.205949065562145,33.92052189857369,40.18943981864645
2022-07-16,67.91095991687037,81.40305791168008,41.98542133180889,60.78260881091019,82.52332449125933,42.72465346562162,29.666615899365183,44.887672988526994,20.517209376137977,124.6947013086155,49.074054975486995,61.28378836504995,43.12098328824077,52.16298430983203,33.78083808622387,32.88675053168392,50.36189027341372,51.25934686804518,81.48349873106875,22.719630534469264,37.438303052758336,21.68443016999775,33.123534261079335,33.95611628560161,66.34412457172003,43.735854814045275,50.169445853114496,20.833247174329305,50.250701587841654,23.37996824325169,56.26990640821689,64.02048044928796,54.23942691006546,50.31900964942692,47.423962879660714,41.85951014192709,56.37140125616286,47.859788317763766,31.162345163708544,35.700766782994656,52.230518144919294,35.4712945892146,56.47095827401674,61.66048205260603,42.60193053059335,16.93940117534123,49.77787525281122,29.51847123787557,60.753944849390145,41.58398360548183,61.061685433833425
2022-07-23,70.83558951987331,78.05398164159416,49.830210461541505,58.565765039744136,71.99670846158162,38.34174721675034,30.951224964497946,48.23550675523022,20.40385462820351,15.146381576420271,50.13740151447296,60.54925869005108,41.643700704786895,50.94137614475457,43.75377568673865,33.87880459070639,52.52437601988664,68.31968230441217,78.40097883451064,20.54735413759139,36.92223207314976,31.486384554348398,32.67794862788163,33.58020523324926,68.69615734964883,41.70306793869525,43.301789520368125,18.60517533012684,46.617768710415966,15.400331393950626,59.365989693983124,65.02676183894825,53.7202417593365,57.45663364252232,48.39501247929959,45.52959594836214,58.2642632458009,42.72907485696714,31.620086534990772,34.719042894726165,54.06398568652289,34.227877634207076,57.51500840365174,57.43643381623755,37.50205086903821,17.243893722485492,49.55527601777935,62.675864257055224,65.73121512911608,45.709406066260264,44.647253865598636
2022-07-30,68.16793573972836,66.35271924488582,47.39571548117615,55.371389261860614,65.17400957167102,34.18632144276105,33.69153731522876,49.63214906281193,19.12861371394079,124.0247052098645,54.378543644724346,56.89073588572978,37.127916444001755,55.819128126888785,46.27300448782192,37.583952178557055,51.5358111072133,89.25675625767597,60.736182330299,22.28071167345627,37.987455505418744,30.483845999051432,39.06434226503894,35.8214862246331,64.53305933271487,41.46613583815334,42.272576718457906,21.29850579608852,190.96110716470204,30.18288445118117,58.47206601074735,63.238347046897964,45.626607899705355,64.70581280622848,49.89095375441894,51.11770795014158,62.44170098795266,37.939776709643105,34.80240453260817,34.50193088097448,68.60742313517511,33.86615633820489,53.35784386222989,49.85190827621344,31.928053954543383,12.019442650431339,50.02624913610994,26.66353946142119,70.64152661584123,48.347478047840475,46.755212445940366
2022-08-06,49.13948790429078,85.94139800012303,41.30947803026275,43.96243095973099,56.647534106091676,27.827287099113416,30.49403876882843,43.84019125784071,12.894102577545274,10.33675009615771,50.88711262610523,51.43120282059395,32.461046464454284,48.56839439256599,44.229101875622284,36.14499836770658,46.345845315678304,83.96764937809907,50.74649468227674,21.75252117969487,36.40616109354117,29.269483089089693,40.18681753428531,37.02901182204796,55.94813969327477,34.999549527184634,40.17672519456801,119.9229945285586,29.30371059128174,20.739701304174194,50.10926359377586,52.95138516302474,50.928979018288736,63.433893168666465,51.15069377557207,47.54001591226014,59.72244931792525,40.01671986660145,38.66274217232962,37.12615435153833,61.98052562251467,35.58433249421528,50.427767691963915,53.45621331526364,27.84503103284572,15.048342198340036,47.54485345296519,49.01579050421326,68.83363920481969,45.24224748618877,44.61269716756024
2022-08-13,54.47071648326547,60.37906075497748,37.09719721209108,40.89728822680333,45.5901962286455,24.038261173979844,27.80140841396499,42.474357236455646,13.375860256266746,126.47235600286938,46.093105643431564,44.70743118021968,27.37449393278924,41.761164397760986,46.26706291046087,35.843895698035226,45.38474053946811,80.69301401423068,46.44430361939032,21.75252117969487,36.15805004565243,27.264405978495763,32.15826560848924,36.31619935485152,57.47024090527726,34.6871613436676,34.824818624634865,32.20106616597946,22.674176243021456,20.45287564783987,44.89883688594817,45.94079917818764,41.257227918323025,59.55329877220664,45.95426618831539,44.51326449427244,59.95747757565067,29.124622990954627,32.223117829581014,27.082363802329898,62.10094404156067,31.017601132187654,51.73099997159246,51.99428153260803,25.76452966632751,19.5356007878344,44.208208077329566,31.454151752362115,68.64392262465077,42.10953700806227,39.77475944218578
2022-08-20,57.59929515202874,48.910183242315924,33.64329180541021,39.329923348236,39.17901556690445,17.56114536245454,23.869046166549843,40.67720720831741,9.663492261413053,-24.265591854486342,47.653747995158525,37.800027121095695,23.40709487343773,39.57679010775168,42.18519926342265,30.62689575825576,37.00253388409214,72.03078649668407,45.36660475813727,22.04265398612719,29.697238358629633,25.063463882424134,46.14564922677876,35.2771244648587,58.15233041087661,30.37258251914962,34.58155014418336,16.552867854144523,16.778370965626415,19.62917119887976,38.0401680216253,38.68221967551956,35.38580931275256,52.133449732095976,39.18316357461729,41.178533847772705,47.85731308114212,27.294257560393167,37.93316804130983,31.245250674699182,52.984104380239415,32.50970147819668,80.15610672681645,40.3177954827446,18.874233536434353,13.798320162695177,40.26234374265935,26.494134586001408,60.575388068054686,38.756987198137416,35.04049181092648
2022-08-27,63.92579517191377,58.437963488233805,23.369503169308548,41.99742594283791,38.4597444694519,15.946207640009892,24.37952400465937,31.8352290698773,10.187757970609947,81.96720166561309,43.29675854489362,31.040941554038785,22.01934456776894,38.366230078534095,41.47815155745825,30.87411689756487,34.826318069387646,65.75235027272588,50.032330965837595,25.338265095089167,26.458562146855275,24.220519018997887,38.65180006081994,34.12279382768237,47.54466258241775,24.88843440851712,32.07401349952937,14.567764401305206,16.53487680494105,16.24609935493645,35.239057034357515,35.3009234420165,33.196492919728165,45.68803987458529,35.95507977041238,40.09889555226664,48.436038575971374,22.379299610193808,27.167653401358177,31.528440257853557,39.90122582066124,35.83301588521679,64.08534912128465,36.94041922713092,16.937215022779462,16.779141940002148,40.822356555002685,20.42313660874815,63.398817172921646,40.058848241130775,25.08816277587044
2022-09-03,59.94063042695718,37.37295723434649,23.79815014102073,44.5787731741359,31.167570602140003,26.689884724703475,24.606714690850975,28.70305330655066,8.600791499527453,0.16761542428794987,33.17565853785801,24.868067169913665,21.666811223990173,41.2371670969784,36.22876795897459,31.121338036873983,39.453351063428116,64.78764224686991,47.627406161684085,22.384861911662743,23.888131690727924,23.940504632351992,37.63346165865797,29.712931623907373,54.72844269557741,28.332250035502085,26.048440368345908,45.3937328629741,12.953889348461571,20.60732023201989,30.879771767998655,28.05665125768482,30.270550466313082,41.75881886529513,31.572234280150436,43.25397164880102,53.980683709837656,20.062891545869267,28.533066229005506,36.81464581006853,51.51189209577382,29.208994652176713,45.97042043444785,39.9380863785446,15.726968350801851,16.715038245866513,39.617977535988146,23.069267027126976,69.5925055254954,32.062192546965754,21.252369293609256
2022-09-10,40.300335394238644,29.51288027394077,10.073203835236347,35.509264352489424,22.39357679268008,16.418533511520582,20.81739843103795,24.51312638380552,7.254703867805693,61.42546582072403,23.38514722451955,16.936559236993176,17.46998570281439,31.448518725130352,26.05975830554532,26.538238454297367,31.318285636220473,51.830113797495926,40.259903966491095,18.94046474812009,20.79832210768681,20.23793098095133,31.437318067135635,22.861420745183374,39.144545518386344,26.897075337315098,21.48247811987148,22.8390287881357,10.850099800139994,17.135994339973713,29.784321209071184,16.687102286357163,24.77592662854888,39.05479780673,29.00026507029612,37.18164785997211,44.98895746266526,17.677726230914825,26.416207668980185,28.57382894027626,51.89256967856439,21.771100503131713,31.504542130570986,28.868927969458834,12.75125875011463,13.253438762542288,30.917862171005652,16.700168997778434,63.27605938575351,26.913143197501253,15.965194493735734
2022-09-17,32.44421738115123,32.12379279470162,16.81340269171064,30.373079232448497,16.819605416784572,20.950778087413628,38.630831122431374,28.292276157261924,7.467244020182813,1.591415333933924,17.897940018025093,18.44799529901008,16.86564282776508,27.750549822318355,17.901972588829924,25.704659484575618,28.620327228716167,41.01464005982533,24.16540720023301,25.077889499572983,22.865914173426315,24.594838769021933,36.542027186331,22.54225098375213,24.320018923783724,27.47959629788311,24.588829485636868,20.161206942899327,0.0,17.842026724796664,31.783828087442398,16.22926809959229,33.698200550531595,40.4058548730159,26.953187535922275,35.164383913218295,35.26687458664721,12.305176923075098,28.40652339257595,28.95141505114876,35.37193947847948,26.51869251316044,24.43194447820483,25.367741025009725,13.26592550495047,16.843245634137784,27.180538172312662,18.990417856166857,51.36855403044505,29.66113484498064,15.7578543055054
2022-09-24,23.535722188740586,20.408860698931715,10.988200255621972,22.52962750397309,16.991197888309145,15.301969043206704,26.724356272019616,30.315353617508965,8.671638216986493,37.638043523859146,13.531532086458268,15.57344166704335,17.033515848612108,27.420684051644983,14.785615262961588,18.151736728503646,19.08479484188797,38.295103513618834,17.17434672304258,24.929103444992307,19.88858159876143,28.05076762389512,33.584139634721915,23.67884996751561,20.85245059975156,21.634768110629484,26.740819889630963,7.361425304279138,21.849542685500346,24.762614996863302,39.49701593863675,15.046529783783036,35.76363216996621,38.680086849037444,26.664497114408015,24.871033698060586,26.618845576578654,21.547099783604335,28.59555651860035,33.90723275635029,25.998725118544165,21.612847436130757,20.51785472152269,17.227964206364344,10.421221987312373,17.227867798951586,23.618950411802725,19.700867760059136,35.63323767525767,27.79593551425401,17.623915999578408
2022-10-01,17.258169944638027,16.82739954479902,9.347801267723419,15.017542557435805,16.534883395449555,17.137441271834653,26.665454983006978,29.319219030483772,6.829623563051453,0.0,9.308285070680522,179.87501695068482,14.325164445613337,17.28244109508807,7.917151833593055,13.099550881596922,18.041309656288337,43.01792006711324,12.02032182970465,26.930275879102403,17.48355850789324,28.16828661518174,29.096241189795748,21.70531694266576,12.559855034139757,16.494699738363575,23.933875884421276,6.327517255925327,3.1199718455818473,21.909067441537207,34.29784771548458,14.326394760850791,32.82535264366251,30.684346158936183,25.063577504192573,20.704759134578367,19.71457460769867,20.24308296131314,23.754121332239855,35.351499630437594,18.00449587994206,16.54874929210012,17.151415383470972,14.162356370547942,10.18416336084253,18.365708369859085,16.631677581644418,20.689719474718817,25.901893092475117,22.863290507028506,16.310761474119623
2022-10-08,14.639463940275556,18.672808918111667,10.097933468219741,13.605920066379394,15.012822740952844,14.333006409739914,22.76955543831394,22.161427204127488,2.323772332656511,20.89978101510415,7.971802573939082,17.727591194684265,12.691200376035566,18.07001535138478,10.849320261268982,11.739834615396806,11.601907655680096,40.978827232879404,8.856060302951692,28.693390625883417,15.32664646491379,26.739197647066675,25.62868377909086,21.114852884017964,10.84623115307735,15.121399028216198,20.56554307816965,5.314287368538592,7.249632810805687,23.085788082908792,31.541770666918854,15.461442015538703,30.271064511016775,22.827811066349202,25.483490844576952,17.104824152415496,15.289472679986789,20.08897188231509,19.420419748837464,33.26533636786704,16.341944804081173,19.035583202115163,15.712002652150904,9.732761698118432,9.441795556897501,18.574045375799894,19.96832295728004,16.72774653563747,21.237097180086234,24.436515725210455,15.101277042776008
2022-10-15,12.298128665347116,15.41942054145678,6.594568795572076,11.899381139398052,12.0375408895622,14.977245006543102,20.50886786954318,24.153696378177873,6.206172449411901,0.0,6.685238028097779,14.655279573294761,12.030899827370577,16.434102091562057,13.003142054647954,10.795323083164558,19.757568185235098,40.46849444889991,8.425841196663049,27.54773800561221,13.722195021899935,24.374309303891486,24.945786246864255,19.02961044266718,9.132607272014944,12.765660117732617,0.0,4.626738516383307,6.178258503790068,21.747268353348616,27.358117761498008,17.774458479923734,28.31563845817226,19.109305379323814,20.62824284638258,14.60334841861221,13.970281814044126,15.679024083293955,20.70928197173111,30.631673244531374,12.24771855651722,14.107130544085347,14.480521363198536,9.278559254674828,8.17540342075598,19.487523017232675,16.512176939679943,13.363286916835207,18.380188678718877,24.33003104887063,16.241648078042846
2022-10-22,10.46666605481947,9.719156032779939,14.942193795967063,13.161888578582307,11.182615566833585,16.44631738631533,19.661811237075725,22.192235490324144,0.4675883352296638,18.674686257681614,7.417995873386603,30.942062559327397,8.125054208996316,18.879685879401233,9.150029136009984,9.147182154437143,13.07788999057431,20.594613795593368,2.398471517559178,28.745465744986653,14.774185864948194,22.898793079959486,24.781570418000378,16.99933612689622,8.527798843404682,13.431182769573269,37.032947908733156,4.942080471131219,9.999493532145774,29.91812230687256,27.685739665555452,21.451439292379114,32.371965215006135,0.0,20.260818673546247,18.986919437766808,13.04785908211104,16.895316137540107,17.808170277290504,32.71783650710192,12.298216603213929,14.265383611086305,15.577286506391548,7.929057234025757,9.182902583252806,20.449078429267182,16.73477617471181,12.67516168644786,19.217173591228846,24.666660025686856,13.719009121240447
2022-10-29,12.163522281945308,10.580347073659173,13.224858172120168,11.514995672349828,12.479682552915335,15.044968201355298,21.14556275553693,19.8918834543072,7.9348323554124764,0.0,6.20395363357003,18.645753288432854,11.650387646783972,21.542286621630783,13.25862988117291,12.132852836862574,14.409706609036995,27.219986780590254,6.741533395543017,22.05009328885622,14.75764512842228,22.823348789256965,24.262888714637647,18.187356905556957,9.125887178363719,4.337215649410514,14.072145946117903,9.253477032766614,10.158576383793548,21.18832604869711,30.877520071063554,26.49238445290484,30.036146081429514,31.620646821669244,22.202917872823996,19.955343011865754,14.157293545997684,10.934773789830897,20.663976511774848,26.00624338634328,12.014650648686255,16.25485073909834,20.296744525765487,8.004930079551643,11.366337300738188,16.8752974812056,17.660320362475908,6.873373007342323,17.141451008204125,25.635327081423338,14.237359591816283
2022-11-05,0.0,10.019889412134592,14.093143063537159,11.114041866204698,12.416157906377478,23.769104886905737,14.817881421607852,18.926557153478665,4.704222039280254,21.56372433464475,7.476390457458463,14.21738688243005,11.583238438445159,22.45217952494752,15.27876618392836,11.590868031454136,16.4211616049626,30.234979149100663,8.365610521782639,19.714152231939604,15.994892220560798,17.06636906795688,23.25155952468329,17.818538514569745,8.978045118036766,19.336375823207,16.09314562986888,9.088051745030004,9.14239408653328,16.900650211699396,23.816198482581434,33.326513511592985,31.559260538469026,16.656998551880402,26.585763363085945,20.98022944452524,14.627350061448517,11.878407781234344,20.368709893439213,24.410942067906976,13.46744060749927,18.809507392113797,20.608641689317036,7.889741304980525,12.913456757699258,16.02592353390845,17.161229446036028,11.14395172722716,22.207999678597794,24.494910547719392,14.582926572200172
2022-11-12,24.64520510647671,-26.929307151303064,20.223344306421033,15.319086328999498,13.421163370129795,25.93103764437196,17.821847161252375,15.814920247616465,6.248680479887326,0.0,8.530318515142516,17.6852144826651,13.664863896948347,17.396079063932486,15.777858682256177,11.806394152903104,18.583647351435516,24.028168579034322,9.976781074833603,13.822224470544825,13.176350716544707,17.269488312155975,19.814041594868137,18.515392493694623,9.199808208527195,14.110287516349446,0.0,8.969152319469316,16.479684795185698,14.753135041196254,26.46531992672978,36.292897513340385,29.765758567287502,17.858361927688605,21.28435744073317,18.589968432129076,17.028176350041484,14.77569606639769,19.072036384346212,24.363743804047914,16.209872989643628,19.691203051119132,18.688936612246223,6.140872215608831,18.088197038139615,13.23741283900838,16.31300920307248,12.06320298919499,14.719774661341955,22.97664516248703,17.27834901919452
2022-11-19,7.741906536261634,10.662365268028624,29.606866155120468,11.256529582438091,20.930991404862237,29.070615496178327,15.892128740266912,17.848267136595723,3.7973840558045424,21.87008808237106,7.002640847972244,14.605840075939069,13.888694591411056,24.59315042407875,16.27398039190347,12.551227072616456,17.780438359888432,19.78434858594172,8.05800386078626,12.691450455731685,15.879107064879385,14.080516178230171,25.589632453934207,17.767116719672487,7.015777771879029,13.61076824705408,32.07401349952937,35.56126732312935,13.187643742719525,13.149853167327468,24.394884594902834,49.58916535397021,32.449071920559945,12.957562124788476,21.6517816135695,17.400826410929838,16.406488700574254,15.909005231952584,15.549146308436914,20.644520611953812,11.474709995544519,21.545024693130348,16.62719385975522,12.469702162179518,14.909739927971607,9.439268961472077,13.74257382591498,12.665969173828183,17.710600748710906,20.599632387417362,16.310761474119623
2022-11-26,11.71483433727261,11.810619989200937,36.84715314525898,11.379135291755198,22.16073745078833,28.117281292283582,19.880587453408378,10.033231871377458,8.034017759855132,0.0,7.526308408358601,16.428038692763188,15.936745445744839,16.349662767490166,17.598952143416607,14.592386222809637,20.931489019034682,28.1824565047621,12.33438177729536,7.305395279911204,9.322359106006273,14.060204253810262,17.82342532790847,23.54940889760183,0.0,13.808463184448923,17.852163873133616,10.525183932241802,13.661645708853706,8.354716553738257,16.155925509361992,27.727582935947567,22.389217069306746,11.758105674973619,22.780298715852517,16.12442360831886,12.357937422336429,16.852639223356032,15.703809775184151,20.83331366739006,11.902001159901289,19.12601352611571,14.774846855564084,6.750269115809932,25.939204443726336,9.262983802599084,14.164340797554313,14.339006470609634,10.077298346620005,21.05305100925146,20.319338446572754
2022-12-03,17.07461578545374,10.881080453013826,35.6848603950394,24.150011067650517,28.216838116144466,27.605016100755442,24.149528495181453,27.881499007973183,4.123278956116127,28.803779467082585,11.412373793527866,14.13263345839172,16.362023765223984,38.70793313762876,18.822917079791967,17.11214014269097,24.74158295329649,17.917604981385164,11.405108507711892,18.129580750655403,22.10504029323418,15.783816126014017,17.47596866561722,18.565041123250595,21.564780526781423,18.86402074378268,17.477904672438992,31.048258692064962,17.167961622723006,20.850018864302783,41.65864499633536,51.015128081498304,47.50698342581083,13.047187646475754,27.530568378950797,27.531632033261754,28.94638348373036,18.557344851042156,16.76302018381675,19.738313945859815,11.76216041520271,25.049199748151548,28.451464262002986,14.472745284062933,23.518711099771114,10.176461444031867,22.070128365949394,14.868232554285399,24.183284072121317,27.15015747709635,17.24379232115613
2022-12-10,23.68664449740322,13.560341469082559,43.91708044151187,22.69531089494215,42.00826665713038,24.415079975883597,24.54500857855202,23.794266372550226,6.1778337624282855,0.0,18.44421193353604,19.224901686028115,18.331733876495818,33.78362115437079,34.2680474298296,21.993172893152924,29.334290776758017,25.133889610989883,19.13399475218734,17.936158879700525,20.6229903005121,23.425452263132854,23.708159634207238,22.6149507627448,22.707196447489693,22.691153272281312,0.0,18.703396594720452,26.15451944641765,17.077158307905133,37.874668296895244,40.346637708654356,43.80072111219123,22.129876152784437,29.393933826906473,27.48030216184308,31.362372885724966,21.31237675559192,21.771616894843447,33.47300872884692,26.37163377107371,24.619655709148947,26.83194190102639,20.52291496161127,16.940334215233012,13.798320162695177,23.775941451246254,17.019280507290123,19.663565544567494,28.421103614055568,26.60865748955956
2022-12-17,26.37061420280899,9.678146935595214,31.736362328690618,24.110247053817943,36.12704858443424,21.030656727448523,27.840675939973416,18.62874372024433,8.246557912232253,39.62382070327055,18.56853588672129,16.60460832617638,14.873549647046973,36.82580427864314,28.890919918083473,23.476499729007596,28.613462194600377,24.666084559008684,20.31279510341822,18.19653447521671,22.286988395019254,26.412756004603843,26.02520492683534,20.35593811794812,21.87390483473778,24.049362765833667,41.56148423713812,14.149031641721912,19.086695608923705,21.386897656928568,40.52378974104359,26.459000710119902,46.5338968017218,25.15235385223841,21.468069527151336,28.606137341625956,28.20086374148307,18.87505076774583,21.61851568533608,35.77628400516915,25.163565115483205,20.866797263126244,29.915770194169895,20.389102852229254,17.31775650211263,13.509853539084824,29.005851899574,17.084941311716396,24.875191599796224,30.179818268442375,17.382019113309685
2022-12-24,30.090645162277173,10.388971286797121,22.75401008172182,22.473295151043608,32.77390897495188,21.92842318175377,30.993297313792688,22.664629212006194,10.768701053774075,0.0,21.374301466561143,16.50572933146499,14.951890390108922,37.563661923570415,27.438204253307863,22.14530897888161,28.881198525116073,35.960554857081085,109.42838078004748,16.42598042570666,25.03936695293168,29.04750277221497,28.619614759678647,18.651926224973543,29.655773282856472,23.80941242197275,19.199496995634266,20.099172459998098,15.742709135511317,23.35790473122597,44.73446300968567,20.273470082681992,47.838028214988505,31.7998978650438,18.60740989578276,30.61142431838208,32.04471298879876,17.132410105229415,22.818329245557077,35.82348226902822,33.243252586956665,14.107130544085347,28.00485095269208,20.61603163566577,15.461836992250054,11.554690867947993,35.030090144489165,16.557028444129156,25.567099127471128,27.789065535135308,13.235215348703
2022-12-31,0.0,9.104019575009056,13.664496091824974,25.395950167737865,27.192345011820773,15.031076263957925,26.760818974741724,26.89563384968021,0.0,11.891383156428445,19.85980967321355,15.297993038918772,11.930176014862358,25.091105690334484,19.330921944161354,13.609840669145218,18.679757829056534,37.05284607893192,27.544778280130288,15.622535730971007,22.61449497823239,26.406952597626724,21.707530206950995,20.384308763408676,27.38438162874238,20.747404574841944,14.689673627264035,8.974321859711084,12.853245095378286,20.53377519193417,40.772602252372444,18.241830878912875,39.549571412658075,0.0,16.586576945182937,22.323361079980494,29.72981100948175,12.243532491475879,20.254665114928624,0.0,38.28140386123603,9.563006763057855,31.42839822209831,23.01223404800151,12.258426342453644,11.025835391329014,20.158118094517743,11.92400208381129,34.67349497557957,21.994238148513148,9.192081678211483
2023-01-07,74.60456825512397,10.142916703688769,17.000248807585184,22.26784774624197,26.42270975237207,13.445658908482695,32.28912567207072,25.85842154772614,16.620639915890777,63.29903378554267,25.616385444942715,18.405618586990915,12.590476563527348,17.516819405829676,27.18568721546343,14.310300563854367,19.482966820603618,15.811363096627709,30.493930253738927,19.223158251823374,24.69531963319263,31.878114525303797,19.47759940890312,16.848617072887023,38.82870111677877,20.898316740792207,16.766812191119204,7.3097299018614486,19.888603044780847,26.52034145491211,49.761376417302486,15.909737990079305,40.77659612037097,81.96349304601299,13.85714023268448,23.774285445414957,28.549615349720785,13.362616018969414,24.557121553533594,83.76747869706361,41.136485732165355,11.552473891069893,32.55884240173116,26.56653198431874,11.987056598994746,13.269464686076198,29.63147290750568,14.514977426472047,34.08202563740586,21.822488670545688,10.505236203670266
2023-01-14,36.40490823821659,12.8221777197575,20.261812624395205,17.777827850980383,23.998649734286023,11.490368719802401,25.731448828663723,20.261582888667068,6.447051288772637,0.0,23.91069848116629,18.815260136509515,10.53123417447043,0.0,18.023774924731356,13.958485865606786,16.105370035636394,34.59966743313578,29.45495111205186,19.245476160010476,24.467057469134986,29.780182903075993,19.652829714093233,12.960065479449723,0.0,14.582642595773764,14.502544026916723,94.69046860848384,5.006239943691163,22.85779845864305,41.81626378179255,15.022684253222366,35.72610690659669,43.14229367346791,15.326836924029804,17.43162433378104,28.488962896114227,11.859440263819199,23.79317776323663,43.441282055880855,43.832304532743514,11.823764863071533,24.672090651080204,24.440712803311616,10.46489068166208,14.134864556907253,42.010333525120146,14.679129437537732,23.971247894285458,18.789392889640315,8.086267340983035
2023-01-21,27.500492027121147,17.743269381924556,7.559024481924492,15.534474737259279,13.12707715787087,7.098780010057762,20.385455644945274,19.42975916135737,7.863985637953437,46.78425850917161,15.470797386522136,14.909539845409755,7.375221382546242,44.07338140272026,8.793534494347258,10.703407531370143,13.345626321090004,30.25736216594187,22.37139352700937,17.474922110500426,16.14375884929404,22.03118373688049,19.21225066104381,10.211659200458469,64.92954485813715,14.478513201268084,9.375192977400358,4.755977022427533,8.100239078799905,17.444883508333756,32.36589174516645,9.500059375371096,26.305209622032695,30.01692206126496,13.594694394944245,13.621236878801618,22.623365195246567,9.981656039719878,17.25513121437614,36.861844073927585,31.20390839343572,10.489917584063463,23.822793210423395,18.229485767306052,5.83288988813952,11.779053797422712,24.72960343711964,12.08027479834582,21.06970019758424,15.010904374356155,6.945896305716196
2023-01-28,31.179733173437267,17.87996637254031,9.765457291442983,13.426982004132807,12.843873653982971,12.528791040256056,17.140275102677567,16.348930541691825,6.277019166870941,0.0,14.54684437080448,14.725907426660038,7.565477472839544,17.242194314455674,11.975249171187093,9.936388099154694,14.732363212478985,22.732191903928513,21.57979037143827,16.143286922003373,19.62062166704159,18.753709646553652,13.073182083211966,19.263668267716756,26.221805427080433,11.015078992709583,9.824304018233908,4.104614951964632,9.223558806761735,11.884878477853015,31.65998475601175,10.010353729369443,28.016978485327186,27.42350271031392,19.447236576551514,13.95317004730903,23.710054989030752,10.308845715131124,17.091094204189677,30.58447498067231,27.397132565529954,12.999359075078646,25.249027188353963,16.320938825759423,6.662595080783966,15.400912516086022,24.863162978138764,12.630512339437994,20.36663287107587,14.54031080472531,6.496659231217139
2023-02-04,29.83774832073438,21.680142711658203,8.482264113304584,10.663383042768848,13.485447275391213,8.20145254097427,16.346510112650115,20.056194314022697,5.851938862116701,37.15614917903129,14.866130886939327,10.749559282195001,7.878840445087335,16.001646487904146,13.338841175547023,9.530691870544869,14.855933826563152,32.674727984792085,44.004961286733725,16.93185301128096,14.625319236214951,17.88610030347466,11.991760771181564,15.344972863477617,22.196469329996585,11.081480345727698,11.265201940908215,4.673264378559229,8.249582164020264,13.973557616287579,28.185616385148254,10.162965124957735,26.08160017592666,25.26104863385915,22.465363710564233,14.132824597274382,22.41360879319055,12.158178663107728,16.04281959623618,30.329604355833375,23.069838410135034,16.88786300710217,29.26854697215212,26.863815588151986,6.737455699669178,14.615642262924506,22.855083563167042,14.627914010085238,20.098797699072676,14.698320324455375,-20.76857552107181
2023-02-11,40.055596515326265,18.91886350122002,8.515236957282443,10.229292558429906,11.857596572078469,6.5813053420056065,10.119802417028419,21.083137187244546,5.951124266559358,0.0,12.820436748163845,10.410545586041676,9.759018278574086,16.15158547457386,13.130885967910432,9.556047884832983,13.455466866942597,23.135086207070213,29.981969517255443,18.620574730771633,14.999139881700653,14.724694352690161,11.329890875577773,15.898200449958436,21.70590249345715,11.173536766957358,15.36334018851436,5.639968403770043,7.885964217396781,16.42260745114219,28.854370374873763,9.762360211538471,18.808895708091697,23.779367137029034,21.49431411092536,15.11322514137102,17.101464731482743,12.385788872089464,17.425417253522088,25.28882977568553,21.70639114932389,22.51715067613623,24.916629741752075,15.764308040855873,7.383128537554142,9.679657814480704,19.23726020643853,14.471641295550706,18.558745460054336,15.093344123780538,37.25212048538338
2023-02-18,24.771653527248105,21.488766924796153,9.284603316765853,17.343737366641438,13.010151314442622,16.086863506158295,13.648270111214048,21.32960347681779,5.242657091968958,30.7676735216564,11.902134821227337,8.72253989061158,10.766256403656275,17.066213293259114,14.39644194581311,10.304050306332348,14.100780073826579,29.39785431923957,22.136924114082063,3.51135088810396,13.265670693784653,14.422917189880076,13.58485457436709,17.641221980441276,24.152016582503094,12.907517553725862,13.136497944381341,6.803114958168081,8.249582164020264,13.230752711421765,22.530479532637784,10.077121214939321,14.017999069681895,22.33773108605919,17.97753988520619,15.397250429887672,16.45955959747999,12.769881099746144,17.51759043067448,20.30469311216856,18.90569179022179,22.22325212313445,21.90455243928475,12.596961616720664,8.621447941613708,14.7919274217975,17.222151341939487,12.901034853674242,23.948928296618526,15.199828800120363,8.777401301750816
2023-02-25,18.7837089565252,21.2427123416878,73.82070219243309,14.87174117338303,11.499985713281685,11.974850036535795,8.734219713588274,29.154908170768277,4.09494026913251,0.0,22.58363446572676,0.0,9.966061670952092,17.7519868691327,12.905106028190705,10.021964647377079,13.640822788068846,16.693253960171212,23.552344973771692,14.119796579706177,10.748170594540234,12.944499262459516,13.077187347330597,11.532667379715555,16.739753285201783,12.353669904688402,14.801951387472423,39.6968995165446,7.165221501768092,13.774986008056123,16.786400651190753,11.121555453496685,18.31387065843626,18.35797653794535,22.57034204566033,15.631656842699607,14.650094731550977,12.43794954498111,16.286531725656065,18.416762557806074,16.341944804081173,22.51715067613623,18.30821706988283,11.60371709347269,8.992631843586222,0.0,13.707426578278367,11.080917354977936,0.0,14.612445585471644,10.74713308993899
2023-03-04,15.14933660467635,12.302729155417644,15.560434620551945,9.665969029135093,13.233373379169276,10.597811742021166,7.155104203392321,9.499221577302098,2.975562133279679,53.70677553226394,7.2550561468635095,13.850122044930616,15.886383539490728,17.001502783222712,13.526000862419954,10.982323688539399,13.228920741121625,22.427782874888113,19.641653297607938,25.144843224134288,9.729261224543807,10.805943791391893,14.958660167057564,18.228139708406506,14.629643878717095,10.714763782468564,13.435905304937041,16.222017278671306,7.681429122421072,12.083450086084468,14.068602450521773,11.531698579140217,11.807092799102437,14.542217625259296,14.749456081001284,15.955035032637243,14.412539288258621,10.100203023564532,13.554143813121538,14.508746310275724,23.737966412583802,18.945152878114616,0.0,13.398454766730488,9.179783390799257,0.0,12.264046275334868,11.824197661083353,34.17130402807359,15.464322996190255,11.85294742716744
