date,1,2,4,5,6,8,9,10,11,12,13,15,16,17,18,19,20,21,22,23,24,25,26,27,28,29,30,31,32,33,34,35,36,37,38,39,40,41,42,44,45,46,47,48,49,50,51,53,54,55,56
2022-02-12,0.020394906576031702,0.0,0.08792758394096102,0.09609636676205612,0.009111104682720585,0.05035827306547826,0.0,0.02053885746443697,0.0,0.031660691254390534,0.033906532686886454,0.0,0.00559576736156771,0.007102373052775919,0.04901801322862492,0.1457970821566558,0.04805523881050927,0.033574525261808555,0.04302191062886418,0.04463581637420288,0.011578515568141219,0.047878107561215424,0.04305658927528451,0.03546330682569359,0.0705609833378638,0.07092871799662288,0.12163424022575316,0.14991666701130268,0.01947953285482943,0.0735450400857241,0.025894514753681243,0.033383742784938594,0.013879206999685045,0.02860388990019531,0.07873375132207092,0.02395393999538031,0.18448454638661746,0.004741879353786165,0.04374320271639039,0.0,0.04078688387041891,0.21477201950129937,0.038071954236339564,0.05655975757384299,0.018715154721303275,0.0,0.04686299684881493,0.01050572870820378,0.02789949708366557,0.0498073486105639,0.03455669803838903
2022-02-19,0.04486879446726975,0.0,0.08380597844372847,0.08615536330391238,0.0037962936178002438,0.034729843493433284,0.0028048232863160803,0.02053885746443697,0.014169343491807995,0.03072949445279081,0.04332501398879936,0.0,0.00559576736156771,0.018939661474069117,0.08169668871437485,0.14262758037064155,0.1064080287946991,0.0447660336824114,0.08389272572628514,0.037196513645169064,0.021502957483690834,0.06964088372540425,0.05206843354220452,0.05319496023854038,0.08736121746592661,0.08601993459164903,0.06549536012155939,0.16542528773660986,0.01947953285482943,0.05883603206857928,0.030397908623886676,0.033383742784938594,0.02056178814768155,0.0333712048835612,0.0656114594350591,0.03421991427911473,0.1971204742213173,0.011854698384465413,0.07108270441413439,0.009439652771812442,0.03884465130516086,0.1695568575010258,0.04246487203284028,0.09173716777220875,0.012476769814202182,0.0,0.04569142192759456,0.007879296531152834,0.05579899416733114,0.04293736949186543,0.03455669803838903
2022-02-26,0.026513378548841213,0.01366969906157516,0.1030401374308137,0.13254671277524982,0.006833328512040439,0.05035827306547826,0.019633763004212563,0.010269428732218484,0.0,0.033988683258389836,0.033906532686886454,0.0,0.01678730208470313,0.022096271719747304,0.06535735097149989,0.1965091107328839,0.13043564819995374,0.06267244715537597,0.0731372480690691,0.014878605458067627,0.02481110478887404,0.059484921515449464,0.05407106560152008,0.03369014148440891,0.09408131111715173,0.07998344795363857,0.14970368027785003,0.2067816096707623,0.032465888091382386,0.02941801603428964,0.04165639329940026,0.023845530560670423,0.014907296407069122,0.03623159387358073,0.0,0.029086927137247517,0.19964765978825724,0.00948375870757233,0.06483367545465005,0.0,0.04272911643567695,0.14694927650088904,0.06589376694751078,0.12070679970027468,0.02183434717485382,0.01602592353390845,0.04686299684881493,0.006566080442627362,0.08369849125099671,0.0498073486105639,0.06911339607677806
2022-03-05,0.06322421038569828,0.0,0.11677882242158885,0.19882006916287473,0.009617277165093951,0.04167581219211994,0.011219293145264321,0.02053885746443697,0.014169343491807995,0.03352308485758997,0.02542989951516484,0.0,0.01119153472313542,0.016572203789810478,0.09209444909620439,0.18383110358882687,0.09954299467891206,0.04700433536653197,0.06668396147473947,0.02231790818710144,0.04135184131479007,0.01886107267563032,0.07610001825399122,0.049648629555971026,0.12096168572205224,0.11469324612219871,0.19648608036467818,0.2739856328137601,0.06168518737362653,0.022063512025717227,0.049537332572259764,0.02861463667280451,0.029300548110446207,0.04385929784696614,0.02624458377402364,0.03935290142098194,0.23755544329235673,0.004741879353786165,0.061709160974907876,0.018879305543624884,0.05244027926196716,0.39563266750239356,0.04978640169367481,0.11518877457111926,0.034311116989056,0.0,0.04100512224271306,0.017071809150831143,0.16739698250199342,0.10476718156015166,0.06911339607677806
2022-03-12,0.07342166367371412,0.02733939812315032,0.12227429641789891,0.21207474044039973,0.010629622129840683,0.07119617916153823,0.022438586290528643,0.07188600112552938,0.05667737396723198,0.031660691254390534,0.035790228947269034,0.0,0.07834074306194794,0.029198644772523222,0.1633933774287497,0.1743225982307841,0.15103075054731485,0.07386395557597882,0.07528834360051231,0.014878605458067627,0.028119252094057245,0.0420747005840984,0.09011844266920013,0.06206078694496378,0.11088154524521454,0.10714763782468563,0.13099072024311878,0.2222902303960695,0.07467154261017948,0.11031756012858614,0.04165639329940026,0.033383742784938594,0.028786503406754167,0.05530085380704427,0.07873375132207092,0.06672883284427372,0.30578945359973575,0.01659657773825158,0.06639593269452114,0.0,0.04272911643567695,0.15825306700095743,0.0483220957615079,0.15105593791062943,0.04678788680325818,0.0,0.03866197240027232,0.01575859306230567,0.1506572842517941,0.07385227552600855,0.1036700941151671
2022-03-19,0.0550662477552856,0.01366969906157516,0.1552471403957593,0.21538840825978095,0.013413570782894195,0.10071654613095651,0.050486819153689445,0.0616165723933109,0.02833868698361599,0.03305748645679012,0.02825544390573871,0.007062785336527596,0.08953227778508337,0.04892745880801189,0.17824732083136333,0.15530558751469856,0.11670557996837966,0.08729376568070224,0.0967992989149444,0.007439302729033813,0.03804369400960686,0.06383747674828723,0.11915660752927573,0.05142179489725571,0.10752149841960199,0.13883919267424055,0.14970368027785003,0.31534195474791255,0.11363060831983834,0.0735450400857241,0.0540407264424652,0.07630569779414535,0.048834246850743675,0.015255407946770832,0.03936687566103546,0.08298329212685322,0.42456717524591414,0.04267691418407549,0.08436189095303862,0.009439652771812442,0.044671349000934994,0.14694927650088904,0.052715013558008623,0.22037612859564434,0.05614546416390982,0.0,0.048034571770035304,0.027577537859034922,0.26225527258645637,0.09446221288210395,0.05183504705758355
2022-03-26,0.0550662477552856,0.04100909718472548,0.17860290488007707,0.2750344290086434,0.015944433194761024,0.14239235832307645,0.07012058215790201,0.0616165723933109,0.05667737396723198,0.05028462728638496,0.03202283642650387,0.0,0.07834074306194794,0.08838508687898922,0.1871596868729315,0.13628857679861303,0.15103075054731485,0.10072357578542566,0.09464820338350119,0.02231790818710144,0.05293035688293128,0.05803406977117021,0.13718029606311574,0.06560711762753314,0.16128224762940296,0.12978446271722485,0.1777731203299469,0.31017241450614347,0.14934308522035897,0.06619053607715168,0.07318015039083829,0.17645692614896114,0.04626402333228349,0.0247900379135026,0.07873375132207092,0.09324926641058763,0.4068768762773344,0.05690255224543398,0.09217317715239405,0.009439652771812442,0.03301795360938673,0.05651895250034194,0.0702866847440115,0.2196863754544999,0.018715154721303275,0.1282073882712676,0.04920614669125568,0.03151718612461134,0.13949748541832785,0.0996146972211278,0.12094844313436162
2022-04-02,0.06526370104330145,0.0,0.14288232390406166,0.20544740480163723,0.021259244259681367,0.21358853748461468,0.07292540544421809,0.05134714366109242,0.05667737396723198,0.047025438480785935,0.04709240650956452,0.007062785336527596,0.1119153472313542,0.07102373052775919,0.17230574347031788,0.11410206429651323,0.09954299467891206,0.11415338589014909,0.10110148997783082,0.06695372456130431,0.04962220957774808,0.13492921221797075,0.16421582886387578,0.058514456262394425,0.08400117064031405,0.14789392263125622,0.3555462406598938,0.12923850604422646,0.17856238450260312,0.051481528060006866,0.09344542280676274,0.19553335059749746,0.08378928670180232,0.029557352896868488,0.03936687566103546,0.08640528355476469,0.42456717524591414,0.023709396768930826,0.11638816437039587,0.028318958315437327,0.04078688387041891,0.07912653350047871,0.0688223788118446,0.18554359496785078,0.05614546416390982,0.09615554120345071,0.0527208714549168,0.026264321770509448,0.24551557433625704,0.09789720244145318,0.03455669803838903
2022-04-09,0.05710573841288877,0.02733939812315032,0.16486421988930192,0.2816617646474059,0.02581479660104166,0.18233167834052472,0.13182669445685577,0.10269428732218484,0.02833868698361599,0.045163044877586496,0.02637174764535613,0.021188356009582788,0.1119153472313542,0.08917423944040877,0.16487877176901108,0.07923754465035641,0.12013809702627318,0.20144715157085133,0.06023067488040985,0.08183233001937194,0.08435775628217174,0.2074717994319335,0.17322767313079582,0.049648629555971026,0.11088154524521454,0.11771148944120394,0.1777731203299469,0.18093390846191704,0.31491911448640914,0.10296305612001373,0.15987048239229287,0.20984066893389972,0.10280894073840774,0.03813851986692708,0.05248916754804728,0.110359223550145,0.30578945359973575,0.03319315547650316,0.15232008088743085,0.04719826385906221,0.05049804669670912,0.12434169550075226,0.055643625422342434,0.12553507168828565,0.04366869434970764,0.1602592353390845,0.048034571770035304,0.03151718612461134,0.21203617783585835,0.07556977030568317,0.17278349019194517
2022-04-16,0.03875032249446023,0.01366969906157516,0.13189137591144154,0.16899705878844354,0.02682714156578839,0.2413724122793613,0.1262170478842236,0.42104657802095785,0.02833868698361599,0.073564547326378,0.038615773337842905,0.06356506802874837,0.08953227778508337,0.07181288308917874,0.13962706798456795,0.07923754465035641,0.07551537527365743,0.2171152633596953,0.08819491678917156,0.1115895409355072,0.08601182993476333,0.24809564827175265,0.15320135253764022,0.047875464214686345,0.08064112381470148,0.11922061110070654,0.13099072024311878,0.14991666701130268,0.23700098306709141,0.13973557616287577,0.16099633085984424,0.13830407725188845,0.11874432655286093,0.059114705793736975,0.07873375132207092,0.11805870426294582,0.2678816700956363,0.03319315547650316,0.1585691098469152,0.08495687494631197,0.06992037234928955,0.05651895250034194,0.06296515508317696,0.12243118255313575,0.05302627171035928,0.14423331180517607,0.07146607019444277,0.04202291483281512,0.26783517200318946,0.11507215023819936,0.13822679215355613
2022-04-23,0.05914522907049194,0.02733939812315032,0.18409837887638714,0.12923304495586857,0.038469108660375805,0.31604157579024283,0.14585081088843618,0.1848497171799327,0.014169343491807995,0.07542694092957744,0.04426686211899065,0.04943949735569317,0.09512804514665107,0.0899633920018283,0.09506523777672711,0.06655953750629938,0.09611047762101854,0.17682583304552504,0.09249710785205797,0.15622535730971007,0.07608738801921372,0.2655058692031037,0.14118556018174688,0.058514456262394425,0.057120796035413555,0.11016588114369086,0.19648608036467818,0.08271264386830493,0.25648051592192084,0.2500531362914619,0.1452344523141252,0.20507156282176564,0.1526712769965355,0.045766223840312495,0.07873375132207092,0.10437073855129993,0.2021748453551972,0.06401537127611323,0.17028603914594834,0.09439652771812442,0.0718626049145476,0.05651895250034194,0.055643625422342434,0.1213965528414191,0.02807273208195491,0.14423331180517607,0.05740717113979829,0.044649347009866065,0.24551557433625704,0.09274471810242933,0.017278349019194516
2022-04-30,0.032631850521650727,0.01366969906157516,0.2253144338487126,0.1159783736783436,0.054413541855136825,0.28652120882082455,0.1598749273200166,0.09242485858996635,0.04250803047542398,0.0819453185407755,0.034848380817077744,0.028251141346110384,0.08393651042351565,0.08286101894905239,0.10991918117934071,0.05388153036224236,0.07894789233155095,0.2193535650438159,0.03656862403453455,0.2231790818710144,0.08931997723994654,0.284366941878734,0.13617898003345796,0.05142179489725571,0.09072126429153918,0.08752905625115165,0.1684166403125813,0.08271264386830493,0.1688226180751884,0.2279896242657447,0.1486119977167793,0.2479935178309724,0.14393251703377083,0.06102163178708333,0.03936687566103546,0.0915382706966319,0.12130490721311832,0.059273491922327066,0.13825976572859108,0.04719826385906221,0.07574707004506367,0.10173411450061548,0.0717509906761784,0.06966506725558709,0.009357577360651638,0.09615554120345071,0.07732394480054464,0.055155075718069844,0.21203617783585835,0.10991966589917551,0.08639174509597258
2022-05-07,0.04486879446726975,0.08201819436945096,0.24317472433672033,0.06627335638762491,0.05390736937276346,0.45148796541463265,0.21316656976002213,0.0616165723933109,0.02833868698361599,0.10522523858076853,0.040499469598225486,0.014125570673055192,0.07274497570038023,0.0915416971246674,0.07724050569359077,0.06339003572028512,0.05148775586840279,0.13429810104723422,0.0494751972231938,0.05951442183227051,0.08104960897698853,0.2640550174588244,0.17122504107148026,0.056741290921109744,0.07728107698908893,0.10262027284617779,0.18712960034731255,0.03101724145061435,0.14934308522035897,0.16915359219716541,0.13960520997636844,0.34337564007365406,0.12439881829347336,0.05148700182035156,0.01312229188701182,0.08897177712569829,0.09350586597677871,0.0687572506298994,0.12263719332988021,0.056637916630874655,0.04661358156619303,0.033911371500205165,0.032214730507671936,0.05380074500926528,0.04366869434970764,0.11218146473735915,0.05740717113979829,0.07879296531152835,0.12275778716812852,0.08759223376340548,0.06911339607677806
2022-05-14,0.030592359864047555,0.04100909718472548,0.2775214368136582,0.07621435984576864,0.07212957873820464,0.30562262274221286,0.19633763004212562,0.0616165723933109,0.07084671745903998,0.1340923394303599,0.04426686211899065,0.021188356009582788,0.10072381250821878,0.10180068042312151,0.05644498492993172,0.05388153036224236,0.034325170578935194,0.10296187746954623,0.04517300616030739,0.2752542009742511,0.09759034550290456,0.24519394478319415,0.18023688533840027,0.03014381080183955,0.08736121746592661,0.06036486638010458,0.08420832015629065,0.020678160967076233,0.23700098306709141,0.13238107215430336,0.11145899828758447,0.1812260322610952,0.09869658310887143,0.04195237185361979,0.01312229188701182,0.07015082427218519,0.1288864639139382,0.061644431599220145,0.14372766606813986,0.07551722217449953,0.06603590721877346,0.12434169550075226,0.05125070762584172,0.056904634144415205,0.040549501896157095,0.048077770601725356,0.055064021297357546,0.07485331704595193,0.13391758600159473,0.06182981206828622,0.06911339607677806
2022-05-21,0.028552869206444384,0.24605458310835288,0.3214852287841387,0.056332352929481175,0.09161721930957922,0.21011555313527136,0.21036174647370603,0.04107771492887394,0.05667737396723198,0.17878978590714653,0.04144131772841678,0.07769063870180355,0.07834074306194794,0.07970440870337421,0.06981353399228397,0.03486451964615682,0.024027619405254635,0.10072357578542566,0.04517300616030739,0.2752542009742511,0.08104960897698853,0.2234311686190053,0.145190824300378,0.02305114943670083,0.10416145159398942,0.054328379742094125,0.1029212801910219,0.03618678169238341,0.2759600487767503,0.11031756012858614,0.10020051361207089,0.3099918972887155,0.09972467251625551,0.0495800758270052,0.01312229188701182,0.05902935213147291,0.08086993814207888,0.08535382836815097,0.12498057918968684,0.056637916630874655,0.0854582328713539,0.06782274300041033,0.027821812711171217,0.05207636215640422,0.024953539628404364,0.0,0.048034571770035304,0.07091366878037551,0.08927839066772983,0.04465486427154005,0.1036700941151671
2022-05-28,0.040789813152063405,0.05467879624630064,0.2761475683145807,0.056332352929481175,0.10503079009247342,0.15628429572044977,0.10097363830737889,0.03080828619665545,0.05667737396723198,0.2453703572215266,0.05839458407186,0.06356506802874837,0.02238306944627084,0.040246780632396874,0.05050340756888628,0.01901701071608554,0.010297551173680558,0.0604341454712554,0.01935985978298888,0.1115895409355072,0.05293035688293128,0.13057665698513296,0.09312239075817347,0.021277984095416154,0.06720093651225124,0.03772804148756537,0.13099072024311878,0.015508620725307174,0.2597271047310591,0.0735450400857241,0.08781618046900595,0.2527626239431065,0.08378928670180232,0.04099890885694661,0.0,0.04191939499191554,0.09856023711065864,0.07824100933747173,0.06717706131445668,0.0660775694026871,0.06603590721877346,0.04521516200027355,0.03367903643983884,0.04828271988010987,0.0031191924535505454,0.0320518470678169,0.04920614669125568,0.08798547793120666,0.044639195333864914,0.046372359051214666,0.1036700941151671
2022-06-04,0.03875032249446023,0.02733939812315032,0.29675559580074345,0.06295968856824366,0.1126233773280739,0.13197340527504647,0.05609646572632161,0.09242485858996635,0.07084671745903998,0.317538109345505,0.061220128462433875,0.028251141346110384,0.06714920833881252,0.03235525501820141,0.04159104152731811,0.01901701071608554,0.010297551173680558,0.05819584378713483,0.025813146377318505,0.08927163274840576,0.03142739939924045,0.07254258721396276,0.07009212207604455,0.010638992047708077,0.07728107698908893,0.04678277144458105,0.21519904039940943,0.03101724145061435,0.2012885061665708,0.05883603206857928,0.05966996878022199,0.26230083616737465,0.0637415432578128,0.0247900379135026,0.03936687566103546,0.03935290142098194,0.09097868040983874,0.0687572506298994,0.05155448891574582,0.056637916630874655,0.06797813978403151,0.011303790500068387,0.03660764830417265,0.04173006503923782,0.018715154721303275,0.0,0.0527208714549168,0.0853590457541557,0.0390592959171318,0.027479916474793878,0.12094844313436162
2022-06-11,0.03875032249446023,0.08201819436945096,0.13326524441051904,0.07290069202638741,0.10351227264535331,0.0677231948121949,0.10097363830737889,0.0616165723933109,0.02833868698361599,0.26539108845592063,0.039557621468034196,0.021188356009582788,0.03917037153097397,0.013415593544132291,0.016339337742874972,0.02852551607412831,0.010297551173680558,0.05819584378713483,0.05162629275463701,0.12646814639357482,0.03142739939924045,0.07254258721396276,0.035046061038022276,0.007092661365138718,0.05040070238418843,0.027164189871047063,0.09356480017365627,0.04652586217592152,0.26622028234933554,0.02941801603428964,0.05516657491001656,0.14784228947615663,0.053460649183972024,0.042905834850292965,0.02624458377402364,0.01967645071049097,0.06823401030737905,0.04267691418407549,0.04374320271639039,0.009439652771812442,0.06409367465351543,0.011303790500068387,0.029286118643338122,0.036556916480654615,0.009357577360651638,0.048077770601725356,0.048034571770035304,0.07485331704595193,0.07253869241753048,0.02576242169511926,0.12094844313436162
2022-06-18,0.0346713411792539,0.01366969906157516,0.07831050444741841,0.04307768165195619,0.07972216597380512,0.04862178089080659,0.039267526008425126,0.02053885746443697,0.02833868698361599,0.22628082278873232,0.033906532686886454,0.028251141346110384,0.03917037153097397,0.019728814035488665,0.031193281145488583,0.01901701071608554,0.0034325170578935194,0.015668111788843992,0.030115337440204924,0.02231790818710144,0.036389620357015255,0.02466447965274734,0.023030268682128922,0.017731653412846795,0.04704065555857587,0.03772804148756537,0.009356480017365627,0.015508620725307174,0.18180897331174134,0.01470900801714482,0.051789029507362486,0.08107480390627944,0.04729211273966756,0.06006816879041015,0.0,0.01967645071049097,0.07076119587431902,0.02845127612271699,0.03671304513697051,0.018879305543624884,0.04661358156619303,0.022607581000136774,0.04246487203284028,0.04724809016839323,0.006238384907101091,0.0320518470678169,0.042176697163933435,0.057781507895120786,0.044639195333864914,0.015457453017071555,0.06911339607677806
2022-06-25,0.030592359864047555,0.04100909718472548,0.052207002964945605,0.05301868511009993,0.06301847405548405,0.015628429572044977,0.016828939717896483,0.03080828619665545,0.04250803047542398,0.14852588985515558,0.02354620325478226,0.042376712019165576,0.01119153472313542,0.01578305122839093,0.034164069826011306,0.01901701071608554,0.013730068231574077,0.035812826945929126,0.01935985978298888,0.037196513645169064,0.036389620357015255,0.026115331397026594,0.016021056474524467,0.0,0.07728107698908893,0.03018243319005229,0.0,0.03101724145061435,0.09739766427414716,0.00735450400857241,0.028146211688783958,0.033383742784938594,0.03392695044367455,0.05720777980039062,0.0,0.011976969997690155,0.07076119587431902,0.01896751741514466,0.03124514479742171,0.009439652771812442,0.06603590721877346,0.033911371500205165,0.032214730507671936,0.04241981818038224,0.012476769814202182,0.0,0.05154929653369642,0.08404582966563023,0.03347939650039868,0.01202246345772232,0.0
2022-07-02,0.016315925260825363,0.02733939812315032,0.021981895985240255,0.03976401383257495,0.0503641619961499,0.024310890445403296,0.022438586290528643,0.010269428732218484,0.014169343491807995,0.10382844337836895,0.03202283642650387,0.021188356009582788,0.01678730208470313,0.006313220491356373,0.026737098124704498,0.012678007144057025,0.013730068231574077,0.008953206736482281,0.010755477657216045,0.014878605458067627,0.023157031136282438,0.013057665698513297,0.011014476326235572,0.0017731653412846795,0.057120796035413555,0.01961858157353399,0.03742592006946251,0.04652586217592152,0.07467154261017948,0.022063512025717227,0.016887727013270376,0.07153659168201126,0.023132011666141743,0.03909198286360026,0.0,0.011976969997690155,0.0657068247404391,0.007112819030679248,0.03358853065722834,0.0,0.03107572104412869,0.011303790500068387,0.041000566100673375,0.03310815077493248,0.02183434717485382,0.048077770601725356,0.055064021297357546,0.07222688486890098,0.02789949708366557,0.013739958237396939,0.017278349019194516
2022-07-09,0.050987266440079254,0.04100909718472548,0.02060802748616274,0.016568339096906227,0.03163578014833537,0.019101413921388304,0.014024116431580403,0.010269428732218484,0.02833868698361599,0.08147972013997563,0.02260435512459097,0.021188356009582788,0.02238306944627084,0.008680678175615013,0.01485394340261361,0.012678007144057025,0.010297551173680558,0.017906413472964563,0.004302191062886418,0.007439302729033813,0.02481110478887404,0.017410220931351063,0.011014476326235572,0.003546330682569359,0.0705609833378638,0.024145946552041834,0.018712960034731253,0.02584770120884529,0.07142495380104125,0.00735450400857241,0.02026527241592445,0.0,0.018505609332913394,0.015255407946770832,0.0,0.007699480712800814,0.06823401030737905,0.0,0.032026273417357254,0.0,0.03107572104412869,0.0,0.019035977118169782,0.02690037250463264,0.0,0.01602592353390845,0.03163252287295008,0.040709698744289646,0.0390592959171318,0.0017174947796746174,0.03455669803838903
2022-07-16,0.04486879446726975,0.0,0.019234158987085224,0.06627335638762491,0.026320969083415025,0.017364921746716642,0.008414469858948241,0.010269428732218484,0.014169343491807995,0.06332138250878107,0.02542989951516484,0.0,0.02797883680783855,0.009469830737034559,0.019310126423397692,0.0,0.0034325170578935194,0.017906413472964563,0.010755477657216045,0.0,0.01323258922073282,0.02466447965274734,0.007009212207604454,0.003546330682569359,0.0705609833378638,0.018109459914031376,0.018712960034731253,0.03618678169238341,0.051945420946211816,0.0,0.023642817818578524,0.02861463667280451,0.01953369874029747,0.04099890885694661,0.01312229188701182,0.0059884849988450775,0.06065245360655916,0.01659657773825158,0.02030934411832411,0.009439652771812442,0.017480093087322388,0.0,0.011714447457335249,0.03793642276294347,0.0,0.01602592353390845,0.030460947951729704,0.039396482655764176,0.044639195333864914,0.0034349895593492347,0.05183504705758355
2022-07-23,0.022434397233634874,0.0,0.026103501482472802,0.04639134947133744,0.016956778159507756,0.015628429572044977,0.016828939717896483,0.0,0.0,0.04888783208398538,0.02448805138497355,0.007062785336527596,0.0,0.0031566102456781864,0.010397760381829527,0.003169501786014256,0.013730068231574077,0.008953206736482281,0.032266432971648135,0.014878605458067627,0.008270368262958013,0.015959369187071807,0.007009212207604454,0.0053194960238540385,0.07728107698908893,0.028673311530549677,0.0,0.005169540241769058,0.012986355236552954,0.01470900801714482,0.009006787740410867,0.023845530560670423,0.005140447036920387,0.037185056870253905,0.02624458377402364,0.00941047642675655,0.01516311340163979,0.0023709396768930827,0.026558373077808454,0.0,0.03107572104412869,0.06782274300041033,0.021964588982503593,0.0362120399100824,0.0,0.0,0.04451984700637419,0.030203970036085867,0.022319597666932457,0.0,0.0
2022-07-30,0.032631850521650727,0.0,0.027477369981550318,0.02319567473566872,0.012401225818147463,0.015628429572044977,0.008414469858948241,0.02053885746443697,0.0,0.04097265927038775,0.02919729203593,0.014125570673055192,0.00559576736156771,0.010258983298454106,0.022280915103920416,0.0,0.017162585289467597,0.015668111788843992,0.004302191062886418,0.0,0.00661629461036641,0.005803406977117021,0.004005264118631117,0.0053194960238540385,0.06048084286102612,0.018109459914031376,0.0,0.015508620725307174,0.016232944045691193,0.01470900801714482,0.010132636207962224,0.014307318336402254,0.008738759962764658,0.013348481953424479,0.0,0.006843982855822946,0.017690298968579755,0.0023709396768930827,0.021871601358195197,0.0,0.03884465130516086,0.11303790500068388,0.03075042457550503,0.028969631928065922,0.0031191924535505454,0.0,0.04100512224271306,0.017071809150831143,0.005579899416733114,0.0034349895593492347,0.03455669803838903
2022-08-06,0.030592359864047555,0.0,0.015112553489852675,0.019882006916287474,0.010376535888654,0.02083790609605997,0.008414469858948241,0.0,0.02833868698361599,0.03771347046478872,0.03202283642650387,0.021188356009582788,0.01119153472313542,0.010258983298454106,0.020795520763659054,0.003169501786014256,0.006865034115787039,0.015668111788843992,0.010755477657216045,0.0,0.00661629461036641,0.017410220931351063,0.0010013160296577792,0.003546330682569359,0.06720093651225124,0.03621891982806275,0.0,0.015508620725307174,0.006493177618276477,0.00735450400857241,0.01913942394837309,0.009538212224268169,0.005654491740612426,0.001906925993346354,0.01312229188701182,0.003421991427911473,0.05559808247267923,0.0023709396768930827,0.02265272997813074,0.0,0.021364558217838475,0.05651895250034194,0.06735807287967768,0.03000426163978256,0.0,0.0,0.022259923503187094,0.022324673504933033,0.05021909475059803,0.010304968678047704,0.0
2022-08-13,0.032631850521650727,0.01366969906157516,0.015112553489852675,0.02982301037443121,0.010123449647467317,0.017364921746716642,0.0028048232863160803,0.010269428732218484,0.0,0.041438257671187605,0.010360329432104194,0.007062785336527596,0.0,0.009469830737034559,0.007426971701306805,0.003169501786014256,0.006865034115787039,0.017906413472964563,0.015057668720102462,0.014878605458067627,0.008270368262958013,0.011606813954234041,0.0030039480889733376,0.008865826706423397,0.04704065555857587,0.02263682489253922,0.0,0.0,0.0032465888091382385,0.00735450400857241,0.010132636207962224,0.05246016723347493,0.005654491740612426,0.010488092963404947,0.03936687566103546,0.0008554978569778682,0.027799041236339615,0.004741879353786165,0.024214987218001825,0.0,0.021364558217838475,0.07912653350047871,0.026357506779004312,0.029314508498638134,0.009357577360651638,0.0,0.04451984700637419,0.019698241327882088,0.005579899416733114,0.0017174947796746174,0.0
2022-08-20,0.024473887891238045,0.01366969906157516,0.02060802748616274,0.009941003458143737,0.009870363406280634,0.019101413921388304,0.005609646572632161,0.010269428732218484,0.0,0.03352308485758997,0.016953266343443227,0.007062785336527596,0.01119153472313542,0.009469830737034559,0.016339337742874972,0.012678007144057025,0.010297551173680558,0.013429810104723421,0.015057668720102462,0.0,0.01323258922073282,0.0072542587213962765,0.0020026320593155584,0.0,0.05040070238418843,0.02263682489253922,0.009356480017365627,0.03101724145061435,0.006493177618276477,0.0,0.012384333143064941,0.02861463667280451,0.00822471525907262,0.0123950189567513,0.0,0.010265974283734419,0.01516311340163979,0.0,0.03436965927716388,0.0,0.017480093087322388,0.07912653350047871,0.023428894914670498,0.03793642276294347,0.0031191924535505454,0.0,0.022259923503187094,0.01575859306230567,0.011159798833466229,0.0017174947796746174,0.0
2022-08-27,0.03875032249446023,0.01366969906157516,0.026103501482472802,0.013254671277524983,0.0075925872356004875,0.003472984349343328,0.022438586290528643,0.010269428732218484,0.014169343491807995,0.03585107686158928,0.017895114473634517,0.007062785336527596,0.00559576736156771,0.012626440982712745,0.022280915103920416,0.003169501786014256,0.0034325170578935194,0.008953206736482281,0.01720876425154567,0.0,0.011578515568141219,0.014508517442792553,0.0020026320593155584,0.0017731653412846795,0.043680608732963304,0.007545608297513073,0.0,0.04652586217592152,0.01947953285482943,0.0,0.015761878545719015,0.033383742784938594,0.012851117592300967,0.0123950189567513,0.0,0.010265974283734419,0.02021748453551972,0.0,0.024214987218001825,0.0,0.015537860522064345,0.07912653350047871,0.021964588982503593,0.0334530273455047,0.0,0.0,0.02811779810928896,0.009192512619678307,0.01673969825019934,0.0034349895593492347,0.0
2022-09-03,0.04690828512487292,0.0,0.02335576448431777,0.02319567473566872,0.008351845959160536,0.001736492174671664,0.011219293145264321,0.03080828619665545,0.0,0.031660691254390534,0.018836962603825808,0.014125570673055192,0.01678730208470313,0.007891525614195465,0.02970788680522722,0.00950850535804277,0.006865034115787039,0.015668111788843992,0.01720876425154567,0.0,0.0,0.011606813954234041,0.0010013160296577792,0.0017731653412846795,0.07392103016347637,0.015091216595026146,0.0,0.041356321934152465,0.012986355236552954,0.0,0.011258484675513583,0.08107480390627944,0.01182302818491689,0.008581166970058594,0.03936687566103546,0.011121472140712286,0.017690298968579755,0.0,0.024996115837937368,0.0,0.02524902334835456,0.07912653350047871,0.021964588982503593,0.03276327420436027,0.0031191924535505454,0.01602592353390845,0.03397567271539083,0.01050572870820378,0.011159798833466229,0.005152484339023852,0.0
2022-09-10,0.020394906576031702,0.0683484953078758,0.0068693424953875796,0.019882006916287474,0.009364190923907268,0.003472984349343328,0.008414469858948241,0.0,0.0,0.026073510444792204,0.034848380817077744,0.007062785336527596,0.0,0.003945762807097733,0.038620252846795385,0.0,0.0034325170578935194,0.04028943031417027,0.032266432971648135,0.0,0.00661629461036641,0.005803406977117021,0.009011844266920014,0.0017731653412846795,0.06048084286102612,0.0060364866380104585,0.0,0.010339080483538116,0.01947953285482943,0.0,0.0135101816106163,0.05246016723347493,0.00771067055538058,0.0123950189567513,0.0,0.013687965711645891,0.027799041236339615,0.0023709396768930827,0.029682887557550625,0.0,0.015537860522064345,0.07912653350047871,0.03660764830417265,0.03897105247466011,0.0031191924535505454,0.0,0.023431498424407466,0.013132160885254724,0.0,0.0,0.0
2022-09-17,0.0346713411792539,0.0,0.009617079493542612,0.016568339096906227,0.005314811064920342,0.005209476524014992,0.014024116431580403,0.02053885746443697,0.0,0.036782273663189,0.033906532686886454,0.014125570673055192,0.0,0.0031566102456781864,0.038620252846795385,0.003169501786014256,0.0,0.01119150842060285,0.04302191062886418,0.0,0.01323258922073282,0.004352555232837766,0.0020026320593155584,0.0,0.12096168572205224,0.009054729957015688,0.009356480017365627,0.04652586217592152,0.01947953285482943,0.022063512025717227,0.011258484675513583,0.019076424448536338,0.010280894073840774,0.01620887094344401,0.0,0.0059884849988450775,0.03285341237021955,0.0,0.024996115837937368,0.0,0.017480093087322388,0.07912653350047871,0.026357506779004312,0.04241981818038224,0.0,0.0,0.03163252287295008,0.02101145741640756,0.005579899416733114,0.0,0.0
2022-09-24,0.03875032249446023,0.0,0.012364816491697643,0.02319567473566872,0.008858018441533902,0.006945968698686656,0.008414469858948241,0.0,0.014169343491807995,0.03631667526238914,0.039557621468034196,0.021188356009582788,0.01678730208470313,0.011837288421293198,0.047532618888363555,0.006339003572028512,0.0034325170578935194,0.0223830168412057,0.04302191062886418,0.0,0.004962220957774808,0.005803406977117021,0.007009212207604454,0.003546330682569359,0.06720093651225124,0.012072973276020917,0.0,0.010339080483538116,0.032465888091382386,0.00735450400857241,0.016887727013270376,0.02861463667280451,0.005654491740612426,0.010488092963404947,0.01312229188701182,0.00941047642675655,0.01516311340163979,0.004741879353786165,0.026558373077808454,0.0,0.03301795360938673,0.07912653350047871,0.0483220957615079,0.04448907760381552,0.0031191924535505454,0.0,0.018745198739525973,0.009192512619678307,0.005579899416733114,0.0068699791186984695,0.0
2022-10-01,0.04690828512487292,0.02733939812315032,0.013738684990775159,0.033136678193812455,0.017209864400694438,0.005209476524014992,0.005609646572632161,0.0,0.0,0.03631667526238914,0.04615055837937323,0.028251141346110384,0.01678730208470313,0.007891525614195465,0.05644498492993172,0.02852551607412831,0.010297551173680558,0.008953206736482281,0.08389272572628514,0.0,0.011578515568141219,0.005803406977117021,0.004005264118631117,0.003546330682569359,0.0974413579427643,0.018109459914031376,0.018712960034731253,0.09305172435184304,0.04869883213707358,0.00735450400857241,0.023642817818578524,0.06676748556987719,0.014393251703377083,0.020022722930136717,0.0,0.012832467854668022,0.02021748453551972,0.0023709396768930827,0.035150787897099425,0.009439652771812442,0.034960186174644775,0.11303790500068388,0.058572237286676244,0.04448907760381552,0.0,0.0,0.03397567271539083,0.014445376973780196,0.005579899416733114,0.0017174947796746174,0.0
2022-10-08,0.07750064498892047,0.0,0.024729632983395287,0.07290069202638741,0.023283934189174828,0.003472984349343328,0.005609646572632161,0.0,0.014169343491807995,0.052612619290384265,0.07723154667568581,0.035313926682637976,0.00559576736156771,0.009469830737034559,0.06832813965202261,0.01901701071608554,0.024027619405254635,0.015668111788843992,0.08819491678917156,0.007439302729033813,0.028119252094057245,0.008705110465675531,0.01201579235589335,0.021277984095416154,0.20160280953675372,0.009054729957015688,0.0,0.10339080483538116,0.10389084189242363,0.0,0.0270203632212326,0.11922765280335211,0.01953369874029747,0.01906925993346354,0.0,0.015398961425601628,0.017690298968579755,0.0,0.046086588576197025,0.009439652771812442,0.06409367465351543,0.11303790500068388,0.06442946101534387,0.07759722837874801,0.0,0.01602592353390845,0.05623559621857792,0.019698241327882088,0.02789949708366557,0.0017174947796746174,0.017278349019194516
2022-10-15,0.1651987432658568,0.0683484953078758,0.015112553489852675,0.12260570931710608,0.022018502983241414,0.005209476524014992,0.016828939717896483,0.0,0.02833868698361599,0.047025438480785935,0.10171959806065936,0.042376712019165576,0.00559576736156771,0.022096271719747304,0.08318208305463622,0.022186512502099794,0.013730068231574077,0.051480938734773114,0.1484255916695814,0.0,0.04465998861997327,0.010155962209954787,0.015019740444866689,0.0053194960238540385,0.22512313731604167,0.015091216595026146,0.0,0.05686494265945964,0.03895906570965886,0.0,0.03602715096164347,0.11445854669121804,0.024674145777217858,0.03241774188688802,0.01312229188701182,0.027375931423291783,0.03790778350409948,0.007112819030679248,0.06014690373503679,0.0,0.08157376774083781,0.13564548600082066,0.09078696779434818,0.10725661344795835,0.009357577360651638,0.0,0.06209347082467979,0.017071809150831143,0.06137889358406426,0.0034349895593492347,0.03455669803838903
2022-10-22,0.26513378548841215,0.01366969906157516,0.032972843977860385,0.15574238751091854,0.030623435183588635,0.024310890445403296,0.030853056149476886,0.010269428732218484,0.07084671745903998,0.05773420169918273,0.11113807936257226,0.021188356009582788,0.00559576736156771,0.030776949895362317,0.10397760381829528,0.02852551607412831,0.05835278998418983,0.029097921893567413,0.20865626654999125,0.0,0.07277924071403051,0.013057665698513297,0.01201579235589335,0.024824314777985513,0.2956841206539055,0.03470979816856014,0.0,0.0620344829012287,0.045452243327935335,0.00735450400857241,0.03940469636429754,0.1239967589154862,0.022103922258757663,0.06769587276379557,0.02624458377402364,0.029086927137247517,0.07581556700819896,0.014225638061358495,0.07108270441413439,0.018879305543624884,0.13595627956806303,0.14694927650088904,0.13032322796285464,0.16588563044523463,0.018715154721303275,0.01602592353390845,0.09021126893396875,0.027577537859034922,0.08927839066772983,0.018892442576420792,0.03455669803838903
2022-10-29,0.5078331737431894,0.15036668967732675,0.03984218647324796,0.2551524220923559,0.0503641619961499,0.046885288716134926,0.10097363830737889,0.04107771492887394,0.17003212190169592,0.11220921459276645,0.1676489671740497,0.04943949735569317,0.00559576736156771,0.08365017151047194,0.1529956170469202,0.05388153036224236,0.06865034115787039,0.14772791115195763,0.37859281353400476,0.02231790818710144,0.17367773352211827,0.021762776164188827,0.0480631694235734,0.06560711762753314,0.49728693019065917,0.07545608297513073,0.028069440052096883,0.0620344829012287,0.03571247690052062,0.0,0.075431847325941,0.2527626239431065,0.054488738591356105,0.17639065438453774,0.02624458377402364,0.09068277283965404,0.14910394844945793,0.011854698384465413,0.13201073676910674,0.0,0.3029882801802547,0.10173411450061548,0.18450254745303019,0.24417261196512705,0.03743030944260655,0.01602592353390845,0.2015108864499042,0.043336130921340595,0.3124743673370544,0.02576242169511926,0.06911339607677806
2022-11-05,0.7138217301611096,0.2050454859236274,0.10853561142712376,0.4440314877970869,0.1052838763336601,0.06077722611350824,0.10658328488001106,0.10269428732218484,0.4675883352296638,0.13502353623195962,0.19402071481940583,0.04943949735569317,0.08953227778508337,0.127053562388547,0.21241139065737463,0.05705103214825662,0.12013809702627318,0.2775494088309507,0.3871971956597776,0.02231790818710144,0.25803548980429003,0.043525552328377654,0.05507238163117786,0.1471727233266284,0.8769722214848786,0.1041293945056804,0.05613888010419377,0.1602557474948408,0.09415107546500891,0.022063512025717227,0.18689084561352548,0.42921955009206764,0.09766849370148735,0.2698300280585091,0.0656114594350591,0.15655610782694987,0.12383209278005829,0.07587006966057865,0.18122183982504592,0.028318958315437327,0.4816736761839947,0.10173411450061548,0.3514334237200575,0.33384052031390254,0.018715154721303275,0.0,0.3596735008146546,0.056468291806595315,0.49661104808924716,0.05667732772926237,0.13822679215355613
2022-11-12,0.6363210851721891,0.19137578686205223,0.18684611587454217,0.6726745673343929,0.21714799493817394,0.10071654613095651,0.14585081088843618,0.1335025735188403,0.6234511136395517,0.2123128707647365,0.226985399376101,0.1483184920670795,0.06155344097724481,0.21149288646043848,0.20201363027554511,0.06339003572028512,0.15446326760520837,0.49914127555888715,0.3592329537510159,0.05951442183227051,0.3572799089597862,0.04932895930549468,0.08911712663954235,0.2925722813119721,0.8198514254494651,0.16751250420479022,0.1029212801910219,0.1240689658024574,0.24998733830364436,0.022063512025717227,0.3321252979276507,0.7105968107079786,0.14290442762638675,0.33466551183228516,0.11810062698310637,0.21986294924331212,0.19964765978825724,0.12091792352154722,0.2757384028372466,0.056637916630874655,0.49721153670605905,0.14694927650088904,0.4700422042255769,0.3852271293291623,0.03743030944260655,0.01602592353390845,0.3971638982937066,0.11687623187876704,0.7086472259251055,0.07728726508535778,0.1900618392111397
2022-11-19,0.4813197951943482,0.5194485643398561,0.43002084021126247,0.7091249133475865,0.3793762755388377,0.18580466268986806,0.2888967984905563,0.5442797228075796,0.5242657091968957,0.2411799716143279,0.197788107340171,0.10594178004791394,0.31336297224779175,0.31566102456781864,0.34906766996141986,0.11727156608252749,0.22311360876307876,0.651345790079086,0.3721395269396751,0.10415023820647339,0.34900954069682816,0.10736302907666488,0.16621846092319134,0.4308791779321771,0.8400117064031405,0.2882422369649994,0.12163424022575316,0.1602557474948408,0.4480292556610769,0.06619053607715168,0.36027150961643467,0.7773642962778557,0.2549661730312512,0.35182784577240234,0.15746750264414183,0.26605983352011703,0.3967681340095745,0.2679161834889183,0.3304174062327346,0.028318958315437327,0.4428290248788338,0.2712909720016413,0.4231844143962359,0.40626460013406734,0.024953539628404364,0.0320518470678169,0.3069526293597378,0.3191115095116898,0.7588663206757035,0.15285703539104095,0.7429690078253642
2022-11-26,0.48335928585195137,0.943209235248686,0.7927221239677267,1.348662802488167,0.6658699005621628,0.25700084185140626,0.5132826613958428,0.40050772055652084,0.8218219225248636,0.34733640699669616,0.20155549986093615,0.08475342403833115,0.7890031979810471,0.6794603553822296,0.678825213499442,0.32962818574548264,0.535472661031389,1.166155177426817,0.46678773032317633,0.24549699005811584,0.5177250532611716,0.2800143866458963,0.290381648600756,0.6773491603707475,0.9139327365666169,0.7500334647727994,0.4116851207640876,0.31017241450614347,0.7467154261017949,0.06619053607715168,0.5775602638538468,0.8393626757355989,0.4055812712130185,0.4099890885694661,0.28869042151426,0.48078979562156193,0.9224227319330872,0.8630220423890821,0.5663182494532685,0.1321551388053742,0.41758000153047925,0.6556198490039664,0.702866847440115,0.6214675801711285,0.09045658115296583,0.20833700594080987,0.4639436688032678,0.714389552157857,1.0546009897625586,0.4070462627828843,0.6565772627293917
2022-12-03,0.7342166367371413,0.7244940502634835,1.1032164047592452,1.5441692038316603,0.799752522149918,0.2847847166461529,1.1948547199706503,0.8831708709707896,0.9351766704593276,0.4288161271366718,0.25995008393279617,0.06356506802874837,1.0855788681441358,0.9043688353868004,1.2373334854377138,0.6655953750629938,1.0469177026575234,1.9070330348707258,0.638875372838633,0.7439302729033813,0.686440565825515,0.6021034738758909,0.47061853393915626,0.785512246189113,0.9004925492641667,1.2978446271722486,0.626884161163497,0.537632185143982,1.2986355236552953,0.2500531362914619,0.9997534391856062,1.7216473064804045,0.6816232770956433,0.6083093918774869,0.6823591781246146,0.8212779426987534,2.0444931236544317,1.2850493048760507,1.0451500934737563,0.2076723609798737,0.47584697848822055,0.8251767065049923,1.0103710931951653,0.7632118506763081,0.10605254342071856,0.496803629551162,0.5846158856889663,0.9612741768006459,1.7744080145211303,0.7917650934299986,1.364989572516367
2022-12-10,0.47724081387914186,0.9978880314949866,1.0771129032767726,1.146529065505911,0.6089254962951591,0.4115486453971844,1.1051003748085357,0.3080828619665545,0.5809430831641278,0.3673571382310901,0.17141635969481486,0.09181620937485875,1.0352169618900264,0.7765261204368338,1.262585189222157,0.7384939161413218,0.8958869521102086,1.5891941957256048,0.5958534622097689,0.8852770247550238,0.5491524526604121,0.8385923081934095,0.6118040941209031,0.6117420427432144,0.6014483817846485,1.264643950663191,0.9637174417886596,0.6306839094958251,1.19799127057201,0.5148152806000686,0.866903320014546,1.9505643998628406,0.770038966130674,0.37661788368590493,0.7086037618986382,0.8204224448417756,2.1935970721038895,1.5600783073956483,0.9264185432435538,0.5097412496778718,0.3107572104412869,0.9495184020057446,0.7160456008296171,0.6193983207476952,0.18715154721303273,0.7211665590258803,0.4311395710090974,0.8943001562858467,1.3726552565163461,0.8261149890234909,0.8466391019405314
2022-12-17,0.31204207061328504,0.6971546521403331,0.7982175979640368,0.8516126295809802,0.41379600434022656,0.4410690123666027,1.0966859049495874,0.2670051470376806,0.32589490031158386,0.3929650502750825,0.13562613074754581,0.09887899471138634,1.5836021633236619,0.5823945903276254,1.011553545717987,1.0554440947427475,0.7963439574312965,0.9781378359606892,0.29900227887060604,1.3613923994131878,0.4416376652419579,0.9561112994800292,0.907192322869948,0.4379718392973158,0.48384674288820895,1.1454233395624844,0.9262915217191972,0.8581436801336636,0.8148937910936979,0.61042383271151,0.6980260498818421,1.631034290349857,0.8836428456466145,0.30415469593874345,1.1810062698310637,0.8409543934092445,1.9914222267486925,1.664399653178944,0.8201850509323199,0.38702576364431013,0.2893926522234484,1.0964676785066336,0.3836481542277294,0.5255918935520532,0.12788689059557237,0.8974517178988732,0.33624200239024715,1.0019838755449355,1.1103999839298897,0.8381374524812133,0.7602473568445588
2022-12-24,0.31204207061328504,0.5877970596477319,0.8064608089585018,0.6759882351537742,0.4049379858986927,0.593880323737709,0.7573022873053418,0.297813433234336,0.2975562133279679,0.4767727624190574,0.15069570083060646,0.20482077475930027,1.135940774398245,0.45691933306191745,0.9224298853023052,1.0459355893847047,0.6418806898260881,0.6289627732378802,0.33341980737369736,1.5696928758261346,0.40193989757975945,1.114254139606468,1.1274818493946595,0.2872527852881181,0.2889640270026803,0.849635494299972,0.5613888010419377,0.7237356338476681,0.7369756596743802,0.8604769690029719,0.6057064755426308,1.7216473064804045,0.784432217834051,0.28413197300860676,0.944805015864851,0.6861092812962503,1.741230855621636,1.0716647339556733,0.8233095654120621,0.5852584718523715,0.22918344270044907,0.9495184020057446,0.3338617525340546,0.43040596007412224,0.19650912457368439,1.0256591061701408,0.3151536538082804,0.5318525158528163,0.8648844095936327,0.7866126090909747,0.8639174509597258
2022-12-31,0.3018446173252692,0.5877970596477319,0.9122486833874706,0.6759882351537742,0.35938246248508976,0.5469950350215742,0.6759624120021754,0.43131600675317633,0.4534189917378558,0.5647708601702311,0.17330005595519743,0.24013470144193827,1.2478561216295994,0.44113628183352654,0.8422185909281917,1.014240571524562,0.6384481727681947,0.5439073092412986,0.35708185821957267,1.4283461239744921,0.3721665718331106,1.114254139606468,1.1384963257208949,0.31385026540738825,0.40320561907350744,0.9658378620816733,0.8607961615976377,0.7444137948147443,0.5811393968357447,1.0369850652087098,0.5539174460352683,1.3639643480703483,0.6728845171328787,0.2850854360052799,1.076027934734969,0.6082589763112642,1.809464865929015,0.8559092233584028,0.840494395050644,0.48142229136243453,0.3107572104412869,0.6669236395040349,0.3631478711773927,0.4759296673896544,0.25889297364469527,1.2980998062465845,0.3280409779417045,0.5042749779937814,0.9597426996780957,0.834702462921864,0.8811957999789204
2023-01-07,0.2549363322003963,0.43743036997040513,0.5330609776420762,0.5235595154622368,0.23182699692700157,0.2743657635981229,0.47681995867373367,0.4826631504142687,0.2408788393607359,0.6038811258374194,0.1780092966061539,0.07062785336527595,0.6267259444955835,0.34170305909466364,0.5421689341953968,0.6909513893511079,0.43249714929458344,0.29769412398803585,0.3699884314082319,0.9373521438582605,0.2596895634568816,0.7239750203953483,0.7149396451756543,0.14185322730277436,0.2956841206539055,0.6111942720985589,0.5613888010419377,0.5117844839351368,0.37660430186003563,0.7942864329258202,0.3951728121105268,0.8536699940720012,0.48782842380374475,0.2116687852614453,0.944805015864851,0.41919394991915543,1.2762287113046824,0.36038283088774853,0.6358386966275318,0.34926715255706037,0.28550818709293235,0.7799615445047188,0.2547892321970417,0.4314405897858389,0.205866701934336,0.817322100229331,0.27297695664434696,0.3033529164493841,0.8983638060940314,0.578795740750346,0.5529071686142245
2023-01-14,0.20190957510271387,0.09568789343102611,0.2253144338487126,0.34793512103503077,0.10427153136891336,0.17191272529249474,0.22158103961897035,0.1335025735188403,0.08501606095084796,0.33057486456790114,0.10266144619085066,0.06356506802874837,0.25740529863211464,0.13652339312558157,0.25697322086521546,0.3042721714573686,0.18878843818414356,0.14101300609959594,0.18284312017267276,0.42404025555492736,0.16706143891175187,0.3699671947912101,0.32042112949048934,0.08333877104037994,0.19152266905991602,0.29427872360300983,0.3649027206772595,0.32568103523145064,0.12012378593811482,0.34566168840290323,0.19814933028903906,0.2527626239431065,0.26576111180878403,0.12490365256418619,0.6823591781246146,0.16596658425370645,0.6924488453415504,0.15411107899805038,0.35541352207067195,0.08495687494631197,0.1534363726553854,0.1695568575010258,0.1464305932166906,0.2662447124817487,0.068622233978112,0.19231108240690142,0.13941741562522442,0.18910311674766803,0.26783517200318946,0.2971265968837088,0.27645358430711225
2023-01-21,0.11625096748338071,0.09568789343102611,0.1634903513902244,0.21538840825978095,0.05264193816683005,0.06425021046285156,0.10097363830737889,0.0616165723933109,0.11335474793446396,0.27609985167431744,0.07534785041530323,0.0,0.19585185765486984,0.054451526737948716,0.14853943402613612,0.13628857679861303,0.1407331993736343,0.07834055894421996,0.17854092910978633,0.2157397791419806,0.11082293472363737,0.1915124302448617,0.17222635710113804,0.05142179489725571,0.17472243493185322,0.15242128760976406,0.14970368027785003,0.30500287426437445,0.06817836499190301,0.16915359219716541,0.11483654369023855,0.13830407725188845,0.15883981344083997,0.06006816879041015,0.36742417283633094,0.09496026212454337,0.4270943608128541,0.07587006966057865,0.23824422908034054,0.15103444434899907,0.1126494887849665,0.13564548600082066,0.10689433304818415,0.1707139024332456,0.068622233978112,0.1602592353390845,0.08435339432786687,0.10111763881646138,0.0781185918342636,0.18548943620485867,0.24189688626872324
2023-01-28,0.08565860761933315,0.0683484953078758,0.07831050444741841,0.1159783736783436,0.03214195263070873,0.04514879654146327,0.09255916844843065,0.0616165723933109,0.09918540444265596,0.19881051714154055,0.06781306537377291,0.06356506802874837,0.09512804514665107,0.0576081369836269,0.10546299815855664,0.14896658394267004,0.07894789233155095,0.07610225726009939,0.09034601232061477,0.10415023820647339,0.06450887245107251,0.1102647325652234,0.08411054649125345,0.03191697614312423,0.11760163889643967,0.11016588114369086,0.08420832015629065,0.11372988531891928,0.03571247690052062,0.13973557616287577,0.08894202893655731,0.10015122835481578,0.10846343247902017,0.03909198286360026,0.31493500528828366,0.06159584570240651,0.23755544329235673,0.026080336445823908,0.18356522568485256,0.09439652771812442,0.07963153517557976,0.1695568575010258,0.06150084915101006,0.12001704655913024,0.02183434717485382,0.08012961766954226,0.0702944952732224,0.08667226184268119,0.1171778877513954,0.08759223376340548,0.08639174509597258
2023-02-04,0.07342166367371412,0.04100909718472548,0.0865537154418835,0.06627335638762491,0.029104917736468536,0.06598670263752324,0.042072349294741206,0.14377200225105877,0.12752409142627194,0.16575303068475042,0.08194078732664227,0.05650228269222077,0.01678730208470313,0.022096271719747304,0.060901167950715804,0.04120352321818533,0.04119020469472223,0.035812826945929126,0.0731372480690691,0.07439302729033813,0.08435775628217174,0.0841494011681968,0.0871144945802268,0.028370645460554872,0.0974413579427643,0.07545608297513073,0.08420832015629065,0.03618678169238341,0.012986355236552954,0.02941801603428964,0.04278224176695162,0.04769106112134085,0.07453648203534562,0.03813851986692708,0.11810062698310637,0.05047437356169422,0.217337958756837,0.023709396768930826,0.1515389522674953,0.03775861108724977,0.07768930261032173,0.1695568575010258,0.06442946101534387,0.09001278491934768,0.02183434717485382,0.048077770601725356,0.07263764511566315,0.055155075718069844,0.12275778716812852,0.037784885152841584,0.1036700941151671
2023-02-11,0.05914522907049194,0.01366969906157516,0.08517984694280599,0.1093510380395811,0.023537020430361513,0.046885288716134926,0.042072349294741206,0.02053885746443697,0.07084671745903998,0.13967952023995822,0.07817339480587711,0.07062785336527595,0.02238306944627084,0.024463729404005943,0.060901167950715804,0.04754252679021385,0.034325170578935194,0.06491074883949653,0.10755477657216043,0.04463581637420288,0.0678170197562557,0.08560025291247605,0.05707501369049341,0.012412157388992756,0.0705609833378638,0.0618739880396072,0.018712960034731253,0.010339080483538116,0.03571247690052062,0.05883603206857928,0.029272060156335315,0.04292195500920676,0.053460649183972024,0.05244046481702474,0.2099566701921891,0.04191939499191554,0.1364680206147581,0.01659657773825158,0.14138428020833324,0.009439652771812442,0.08934269800186999,0.10173411450061548,0.041000566100673375,0.09380642719564203,0.02183434717485382,0.0,0.07498079495810389,0.061721156160697205,0.08927839066772983,0.0395023799325162,0.03455669803838903
2023-02-18,0.06118471972809511,0.02733939812315032,0.052207002964945605,0.08284169548453114,0.018475295606627855,0.029520366969418288,0.039267526008425126,0.010269428732218484,0.07084671745903998,0.10988122258876715,0.07063860976434679,0.028251141346110384,0.04476613889254168,0.022096271719747304,0.04901801322862492,0.02852551607412831,0.010297551173680558,0.049242637050652543,0.07098615253762589,0.029757210916135254,0.04300591496738167,0.05803406977117021,0.060078961779466755,0.017731653412846795,0.09408131111715173,0.0633831096991098,0.05613888010419377,0.03101724145061435,0.03895906570965886,0.02941801603428964,0.05966996878022199,0.014307318336402254,0.044721889221207366,0.04385929784696614,0.1312229188701182,0.04020839927795981,0.11372335051229843,0.00948375870757233,0.15388233812730193,0.018879305543624884,0.08351600030609585,0.1808606480010942,0.0702866847440115,0.08449475979019228,0.009357577360651638,0.0320518470678169,0.06677977050956128,0.040709698744289646,0.05021909475059803,0.018892442576420792,0.03455669803838903
2023-02-25,0.06322421038569828,0.0683484953078758,0.061824082458488215,0.09941003458143736,0.01999381305374795,0.022574398270731634,0.047681995867373365,0.0,0.05667737396723198,0.10010365617197006,0.05651088781147742,0.035313926682637976,0.01678730208470313,0.024463729404005943,0.062386562290977166,0.03486451964615682,0.030892653521041674,0.024621318525326272,0.047324101691750595,0.0,0.04300591496738167,0.030467886629864358,0.05507238163117786,0.010638992047708077,0.10752149841960199,0.054328379742094125,0.028069440052096883,0.04652586217592152,0.009739766427414715,0.01470900801714482,0.04615978716960569,0.05246016723347493,0.02827245870306213,0.026696963906848958,0.11810062698310637,0.020531948567468837,0.08339712370901885,0.014225638061358495,0.13122960814917117,0.018879305543624884,0.07963153517557976,0.04521516200027355,0.06296515508317696,0.07173432667902038,0.012476769814202182,0.0320518470678169,0.07146607019444277,0.049902211363967955,0.0781185918342636,0.010304968678047704,0.0
2023-03-04,0.032631850521650727,0.02733939812315032,0.0686934249538758,0.1093510380395811,0.015691346953574343,0.03299335131876162,0.028048232863160806,0.05134714366109242,0.05667737396723198,0.08287651534237521,0.05085979903032968,0.007062785336527596,0.01678730208470313,0.018939661474069117,0.06684274531176125,0.01901701071608554,0.013730068231574077,0.026859620209446843,0.05377738828608022,0.029757210916135254,0.021502957483690834,0.021762776164188827,0.05106711751254674,0.014185322730277436,0.11424159207082711,0.05885574472060197,0.05613888010419377,0.03101724145061435,0.012986355236552954,0.01470900801714482,0.03490130249409211,0.07630569779414535,0.025188190480909898,0.03241774188688802,0.0656114594350591,0.01967645071049097,0.08086993814207888,0.011854698384465413,0.13201073676910674,0.009439652771812442,0.05632474439248325,0.07912653350047871,0.06003654321884316,0.055180251291554135,0.009357577360651638,0.01602592353390845,0.06677977050956128,0.0761665331344774,0.05021909475059803,0.01202246345772232,0.017278349019194516
2023-03-11,0.0346713411792539,0.05467879624630064,0.059076345460333184,0.07621435984576864,0.011895053335774097,0.015628429572044977,0.05329164244000553,0.010269428732218484,0.02833868698361599,0.08334211374317507,0.04803425463975581,0.021188356009582788,0.02238306944627084,0.012626440982712745,0.047532618888363555,0.03803402143217108,0.020595102347361116,0.033574525261808555,0.047324101691750595,0.0,0.02646517844146564,0.026115331397026594,0.036047377067680055,0.008865826706423397,0.10752149841960199,0.05281925808259151,0.028069440052096883,0.07237356338476682,0.009739766427414715,0.02941801603428964,0.024768666286129882,0.023845530560670423,0.028786503406754167,0.023836574916829424,0.0656114594350591,0.022242944281424572,0.04801652577185934,0.014225638061358495,0.13825976572859108,0.0,0.06020920952299934,0.1695568575010258,0.03953626016850647,0.054145621579837495,0.02183434717485382,0.08012961766954226,0.04686299684881493,0.061721156160697205,0.022319597666932457,0.017174947796746172,0.03455669803838903
2023-03-18,0.04486879446726975,0.01366969906157516,0.07556276744926338,0.04970501729071868,0.015185174471200975,0.02083790609605997,0.028048232863160806,0.0,0.02833868698361599,0.09824126256877062,0.05085979903032968,0.028251141346110384,0.03357460416940626,0.009469830737034559,0.05198880190914764,0.022186512502099794,0.027460136463148155,0.05819584378713483,0.04517300616030739,0.037196513645169064,0.016540736525916026,0.029017034885585106,0.03304342897870671,0.010638992047708077,0.07392103016347637,0.03621891982806275,0.018712960034731253,0.05686494265945964,0.01947953285482943,0.0735450400857241,0.024768666286129882,0.014307318336402254,0.03444099514736659,0.030510815893541664,0.14434521075713,0.029086927137247517,0.07328838144125899,0.021338457092037744,0.12732396504949348,0.009439652771812442,0.04078688387041891,0.1808606480010942,0.04246487203284028,0.05552512786212635,0.009357577360651638,0.0320518470678169,0.0702944952732224,0.03677005047871323,0.044639195333864914,0.010304968678047704,0.03455669803838903
2023-03-25,0.040789813152063405,0.04100909718472548,0.05083313446586809,0.05964602074886242,0.009111104682720585,0.017364921746716642,0.036462702722109046,0.02053885746443697,0.04250803047542398,0.073564547326378,0.05839458407186,0.007062785336527596,0.01678730208470313,0.023674576842586396,0.031193281145488583,0.022186512502099794,0.020595102347361116,0.031336223577687984,0.05162629275463701,0.007439302729033813,0.03473554670442366,0.02756618314130585,0.021027636622813362,0.007092661365138718,0.05376074920980099,0.04829189310408367,0.009356480017365627,0.04652586217592152,0.025972710473105908,0.06619053607715168,0.049537332572259764,0.014307318336402254,0.03701121866582679,0.01906925993346354,0.0,0.024809437852358177,0.0581252680396192,0.007112819030679248,0.12029380747007358,0.018879305543624884,0.04661358156619303,0.22607581000136776,0.04539348389717409,0.04517883074495995,0.009357577360651638,0.0641036941356338,0.05857874606101866,0.03677005047871323,0.08927839066772983,0.015457453017071555,0.0
2023-04-01,0.0550662477552856,0.01366969906157516,0.035720580976015416,0.08946903112329363,0.0073395009944138044,0.010418953048029984,0.033657879435792966,0.02053885746443697,0.14169343491807995,0.07682373613197703,0.05085979903032968,0.04943949735569317,0.01678730208470313,0.022096271719747304,0.05793037927019308,0.012678007144057025,0.030892653521041674,0.035812826945929126,0.05807957934896664,0.029757210916135254,0.014886662873324423,0.01886107267563032,0.017022372504182245,0.017731653412846795,0.06384088968663867,0.043764528125575825,0.009356480017365627,0.05169540241769058,0.012986355236552954,0.06619053607715168,0.043908090234502976,0.04292195500920676,0.0385533527769029,0.011441555960078124,0.0,0.02823142928026965,0.0505437113387993,0.00948375870757233,0.082018505093232,0.0,0.03884465130516086,0.14694927650088904,0.06589376694751078,0.04931734959182651,0.009357577360651638,0.0,0.05857874606101866,0.04202291483281512,0.05021909475059803,0.0068699791186984695,0.017278349019194516
2023-04-08,0.0346713411792539,0.02733939812315032,0.05770247696125567,0.05301868511009993,0.01138888085340073,0.012155445222701648,0.06170611229895377,0.0,0.05667737396723198,0.08613570414797424,0.04615055837937323,0.021188356009582788,0.02797883680783855,0.019728814035488665,0.026737098124704498,0.006339003572028512,0.017162585289467597,0.04252773199829084,0.03871971956597776,0.02231790818710144,0.019848883831099232,0.015959369187071807,0.02503290074144448,0.021277984095416154,0.08736121746592661,0.043764528125575825,0.0,0.015508620725307174,0.012986355236552954,0.044127024051434455,0.043908090234502976,0.0047691061121340845,0.040095486887979016,0.020976185926809894,0.09185604320908274,0.011121472140712286,0.0581252680396192,0.011854698384465413,0.05077336029581028,0.0,0.04661358156619303,0.14694927650088904,0.04246487203284028,0.04414420103324331,0.018715154721303275,0.0,0.06326504574590015,0.034143618301662286,0.0390592959171318,0.017174947796746172,0.03455669803838903
2023-04-15,0.032631850521650727,0.02733939812315032,0.06457181945664325,0.056332352929481175,0.008604932200347219,0.03125685914408995,0.030853056149476886,0.0,0.04250803047542398,0.060527792103981896,0.02731359577554742,0.007062785336527596,0.01119153472313542,0.029198644772523222,0.02525170378444314,0.01584750893007128,0.027460136463148155,0.031336223577687984,0.030115337440204924,0.0,0.021502957483690834,0.014508517442792553,0.016021056474524467,0.021277984095416154,0.05376074920980099,0.027164189871047063,0.0,0.03101724145061435,0.025972710473105908,0.0,0.05066318103981113,0.019076424448536338,0.0385533527769029,0.023836574916829424,0.0656114594350591,0.021387446424446704,0.04801652577185934,0.007112819030679248,0.05155448891574582,0.009439652771812442,0.04272911643567695,0.05651895250034194,0.03660764830417265,0.039315929045232324,0.009357577360651638,0.01602592353390845,0.04100512224271306,0.03545683439018776,0.0390592959171318,0.017174947796746172,0.05183504705758355
2023-04-22,0.040789813152063405,0.01366969906157516,0.05083313446586809,0.026509342555049966,0.009364190923907268,0.02083790609605997,0.022438586290528643,0.0,0.04250803047542398,0.07077095692157884,0.04144131772841678,0.014125570673055192,0.01678730208470313,0.019728814035488665,0.01485394340261361,0.0,0.006865034115787039,0.026859620209446843,0.05377738828608022,0.037196513645169064,0.016540736525916026,0.013057665698513297,0.008010528237262234,0.014185322730277436,0.11088154524521454,0.028673311530549677,0.018712960034731253,0.03618678169238341,0.0,0.00735450400857241,0.03940469636429754,0.038152848897072676,0.02416010107352582,0.0123950189567513,0.03936687566103546,0.015398961425601628,0.03790778350409948,0.0023709396768930827,0.06405254683471451,0.009439652771812442,0.04078688387041891,0.04521516200027355,0.032214730507671936,0.03517741019836576,0.018715154721303275,0.0,0.0527208714549168,0.023637889593458503,0.022319597666932457,0.008587473898373086,0.0
2023-04-29,0.026513378548841213,0.0,0.05770247696125567,0.036450346013193705,0.006580242270853756,0.015628429572044977,0.025243409576844723,0.010269428732218484,0.014169343491807995,0.06378698090958093,0.040499469598225486,0.007062785336527596,0.03917037153097397,0.014993898666971385,0.026737098124704498,0.03803402143217108,0.006865034115787039,0.008953206736482281,0.04517300616030739,0.0,0.016540736525916026,0.013057665698513297,0.007009212207604454,0.021277984095416154,0.05376074920980099,0.03923716314706798,0.0,0.020678160967076233,0.012986355236552954,0.01470900801714482,0.016887727013270376,0.009538212224268169,0.01901965403660543,0.00953462996673177,0.0656114594350591,0.016254459282579497,0.05307089690573927,0.011854698384465413,0.06249028959484342,0.009439652771812442,0.05244027926196716,0.04521516200027355,0.026357506779004312,0.03793642276294347,0.0,0.0320518470678169,0.03631882255783157,0.018385025239356614,0.02789949708366557,0.0,0.017278349019194516
2023-05-06,0.010197453288015851,0.0683484953078758,0.04808539746771306,0.02982301037443121,0.005567897306107024,0.012155445222701648,0.019633763004212563,0.0,0.0,0.05959659530238218,0.031080988296312582,0.0,0.02797883680783855,0.018939661474069117,0.031193281145488583,0.01584750893007128,0.010297551173680558,0.035812826945929126,0.02151095531443209,0.014878605458067627,0.02481110478887404,0.014508517442792553,0.017022372504182245,0.03369014148440891,0.0705609833378638,0.040746284806570596,0.0,0.010339080483538116,0.022726121663967667,0.022063512025717227,0.023642817818578524,0.0047691061121340845,0.026730324591986012,0.006674240976712239,0.09185604320908274,0.014543463568623759,0.02527185566939965,0.004741879353786165,0.03671304513697051,0.0,0.03301795360938673,0.07912653350047871,0.03514334237200575,0.038281299333515685,0.012476769814202182,0.0,0.06092189590345941,0.017071809150831143,0.022319597666932457,0.01202246345772232,0.03455669803838903
2023-05-13,0.028552869206444384,0.01366969906157516,0.07556276744926338,0.03976401383257495,0.008858018441533902,0.012155445222701648,0.016828939717896483,0.010269428732218484,0.02833868698361599,0.06145898890558162,0.04709240650956452,0.007062785336527596,0.05036190625410939,0.023674576842586396,0.026737098124704498,0.01584750893007128,0.006865034115787039,0.033574525261808555,0.03871971956597776,0.029757210916135254,0.018194810178507628,0.013057665698513297,0.017022372504182245,0.02305114943670083,0.08064112381470148,0.0316915548495549,0.0,0.020678160967076233,0.01947953285482943,0.00735450400857241,0.023642817818578524,0.0047691061121340845,0.02775841399937009,0.015255407946770832,0.02624458377402364,0.014543463568623759,0.03790778350409948,0.0,0.04842997443600365,0.03775861108724977,0.044671349000934994,0.07912653350047871,0.021964588982503593,0.03448765705722134,0.018715154721303275,0.0,0.05154929653369642,0.013132160885254724,0.02789949708366557,0.008587473898373086,0.017278349019194516
2023-05-20,0.022434397233634874,0.0,0.07556276744926338,0.02982301037443121,0.006327156029667073,0.015628429572044977,0.025243409576844723,0.0,0.02833868698361599,0.06518377611198051,0.02825544390573871,0.021188356009582788,0.00559576736156771,0.019728814035488665,0.02822249246496586,0.00950850535804277,0.017162585289467597,0.024621318525326272,0.03656862403453455,0.037196513645169064,0.008270368262958013,0.01886107267563032,0.01301710838555113,0.014185322730277436,0.07392103016347637,0.03320067650905752,0.018712960034731253,0.010339080483538116,0.009739766427414715,0.0,0.016887727013270376,0.019076424448536338,0.025702235184601935,0.010488092963404947,0.05248916754804728,0.00941047642675655,0.0581252680396192,0.004741879353786165,0.04218094547651931,0.0,0.04078688387041891,0.033911371500205165,0.020500283050336687,0.0334530273455047,0.012476769814202182,0.0320518470678169,0.04100512224271306,0.017071809150831143,0.05021909475059803,0.0034349895593492347,0.017278349019194516
2023-05-27,0.022434397233634874,0.0,0.09067532093911605,0.04639134947133744,0.006580242270853756,0.017364921746716642,0.033657879435792966,0.0,0.08501606095084796,0.06564937451278037,0.034848380817077744,0.0,0.01119153472313542,0.022096271719747304,0.023766309444181778,0.012678007144057025,0.010297551173680558,0.024621318525326272,0.023662050845875297,0.014878605458067627,0.009924441915549616,0.014508517442792553,0.018023688533840027,0.0053194960238540385,0.06720093651225124,0.012072973276020917,0.028069440052096883,0.03618678169238341,0.01947953285482943,0.02941801603428964,0.022516969351027167,0.014307318336402254,0.03135672692521436,0.004767314983365885,0.03936687566103546,0.011976969997690155,0.0505437113387993,0.007112819030679248,0.04452433133632594,0.028318958315437327,0.03301795360938673,0.033911371500205165,0.03953626016850647,0.027245249075204855,0.015595962267752728,0.0,0.05857874606101866,0.019698241327882088,0.05579899416733114,0.0034349895593492347,0.0
2023-06-03,0.050987266440079254,0.04100909718472548,0.09067532093911605,0.019882006916287474,0.012401225818147463,0.008682460873358321,0.011219293145264321,0.03080828619665545,0.04250803047542398,0.06983976011997911,0.04332501398879936,0.028251141346110384,0.01119153472313542,0.017361356351230026,0.022280915103920416,0.0,0.013730068231574077,0.01119150842060285,0.030115337440204924,0.02231790818710144,0.01323258922073282,0.013057665698513297,0.014018424415208909,0.0017731653412846795,0.03360046825612562,0.012072973276020917,0.0,0.015508620725307174,0.01947953285482943,0.00735450400857241,0.028146211688783958,0.009538212224268169,0.01901965403660543,0.013348481953424479,0.01312229188701182,0.008554978569778682,0.03032622680327958,0.007112819030679248,0.05155448891574582,0.009439652771812442,0.05049804669670912,0.04521516200027355,0.029286118643338122,0.028624755357493707,0.0031191924535505454,0.0,0.042176697163933435,0.022324673504933033,0.02789949708366557,0.01202246345772232,0.017278349019194516
2023-06-10,0.028552869206444384,0.02733939812315032,0.08380597844372847,0.0033136678193812458,0.010882708371027366,0.005209476524014992,0.016828939717896483,0.0,0.014169343491807995,0.0772893345327769,0.05180164716052097,0.042376712019165576,0.00559576736156771,0.016572203789810478,0.019310126423397692,0.012678007144057025,0.013730068231574077,0.0223830168412057,0.030115337440204924,0.007439302729033813,0.008270368262958013,0.015959369187071807,0.014018424415208909,0.008865826706423397,0.057120796035413555,0.013582094935523531,0.018712960034731253,0.005169540241769058,0.03571247690052062,0.0,0.014636030078167658,0.0047691061121340845,0.020047743443989508,0.011441555960078124,0.03936687566103546,0.00941047642675655,0.02527185566939965,0.014225638061358495,0.046867717196132565,0.009439652771812442,0.04078688387041891,0.022607581000136774,0.03953626016850647,0.025865742792916,0.0031191924535505454,0.0,0.03163252287295008,0.04202291483281512,0.044639195333864914,0.018892442576420792,0.017278349019194516
2023-06-17,0.010197453288015851,0.08201819436945096,0.0686934249538758,0.016568339096906227,0.009111104682720585,0.010418953048029984,0.016828939717896483,0.0,0.014169343491807995,0.07030535852077897,0.038615773337842905,0.05650228269222077,0.03357460416940626,0.016572203789810478,0.019310126423397692,0.006339003572028512,0.006865034115787039,0.017906413472964563,0.02151095531443209,0.0,0.003308147305183205,0.017410220931351063,0.011014476326235572,0.014185322730277436,0.04704065555857587,0.015091216595026146,0.018712960034731253,0.005169540241769058,0.029219299282244145,0.01470900801714482,0.010132636207962224,0.0047691061121340845,0.01901965403660543,0.017162333940117187,0.02624458377402364,0.00941047642675655,0.03790778350409948,0.004741879353786165,0.04374320271639039,0.018879305543624884,0.04661358156619303,0.022607581000136774,0.03367903643983884,0.03207352106321584,0.012476769814202182,0.0,0.03163252287295008,0.026264321770509448,0.03347939650039868,0.0068699791186984695,0.017278349019194516
2023-06-24,0.022434397233634874,0.0,0.06594568795572077,0.04639134947133744,0.006833328512040439,0.005209476524014992,0.016828939717896483,0.0,0.02833868698361599,0.07682373613197703,0.035790228947269034,0.06356506802874837,0.00559576736156771,0.010258983298454106,0.007426971701306805,0.003169501786014256,0.006865034115787039,0.013429810104723421,0.01720876425154567,0.007439302729033813,0.014886662873324423,0.005803406977117021,0.014018424415208909,0.003546330682569359,0.043680608732963304,0.018109459914031376,0.009356480017365627,0.005169540241769058,0.025972710473105908,0.0,0.0135101816106163,0.0047691061121340845,0.018505609332913394,0.015255407946770832,0.01312229188701182,0.011976969997690155,0.022744670102459685,0.011854698384465413,0.0382753023768416,0.0,0.044671349000934994,0.0,0.019035977118169782,0.037591546192371254,0.009357577360651638,0.0,0.02577464826684821,0.022324673504933033,0.011159798833466229,0.0017174947796746174,0.017278349019194516
2023-07-01,0.022434397233634874,0.05467879624630064,0.03984218647324796,0.019882006916287474,0.012401225818147463,0.012155445222701648,0.016828939717896483,0.0,0.014169343491807995,0.073564547326378,0.035790228947269034,0.07062785336527595,0.03917037153097397,0.006313220491356373,0.013368549062352249,0.006339003572028512,0.010297551173680558,0.01119150842060285,0.03441752850309134,0.014878605458067627,0.0,0.010155962209954787,0.009011844266920014,0.0,0.05040070238418843,0.010563851616518303,0.009356480017365627,0.005169540241769058,0.022726121663967667,0.00735450400857241,0.00675509080530815,0.0,0.014907296407069122,0.01620887094344401,0.01312229188701182,0.011121472140712286,0.03285341237021955,0.0023709396768930827,0.03671304513697051,0.009439652771812442,0.03884465130516086,0.022607581000136774,0.03514334237200575,0.03000426163978256,0.009357577360651638,0.01602592353390845,0.04569142192759456,0.024951105681983977,0.01673969825019934,0.008587473898373086,0.0
2023-07-08,0.006118471972809511,0.02733939812315032,0.04671152896863554,0.013254671277524983,0.006580242270853756,0.005209476524014992,0.0028048232863160803,0.0,0.02833868698361599,0.06704616971517995,0.02166250699439968,0.05650228269222077,0.01678730208470313,0.008680678175615013,0.002970788680522722,0.006339003572028512,0.0034325170578935194,0.017906413472964563,0.027964241908761716,0.02231790818710144,0.004962220957774808,0.004352555232837766,0.005006580148288896,0.0017731653412846795,0.04704065555857587,0.004527364978507844,0.0,0.005169540241769058,0.01947953285482943,0.0,0.018013575480821734,0.0047691061121340845,0.01182302818491689,0.00953462996673177,0.02624458377402364,0.007699480712800814,0.03032622680327958,0.004741879353786165,0.035931916517034965,0.018879305543624884,0.027191255913612603,0.033911371500205165,0.03075042457550503,0.027245249075204855,0.0031191924535505454,0.0,0.04569142192759456,0.023637889593458503,0.0,0.0068699791186984695,0.017278349019194516
2023-07-15,0.028552869206444384,0.02733939812315032,0.03846831797417045,0.026509342555049966,0.013413570782894195,0.013891937397373311,0.005609646572632161,0.0,0.02833868698361599,0.06425257931038078,0.016953266343443227,0.042376712019165576,0.01678730208470313,0.007891525614195465,0.002970788680522722,0.0,0.013730068231574077,0.013429810104723421,0.012906573188659252,0.0,0.008270368262958013,0.010155962209954787,0.0030039480889733376,0.0,0.05376074920980099,0.01961858157353399,0.009356480017365627,0.0,0.032465888091382386,0.00735450400857241,0.007880939272859508,0.0,0.008738759962764658,0.0123950189567513,0.01312229188701182,0.010265974283734419,0.02021748453551972,0.011854698384465413,0.032026273417357254,0.0,0.034960186174644775,0.0,0.03367903643983884,0.03310815077493248,0.009357577360651638,0.0,0.0351472476366112,0.024951105681983977,0.005579899416733114,0.013739958237396939,0.0
2023-07-22,0.030592359864047555,0.01366969906157516,0.017860290488007708,0.019882006916287474,0.0075925872356004875,0.006945968698686656,0.011219293145264321,0.02053885746443697,0.014169343491807995,0.05121582408798468,0.016011418213251936,0.028251141346110384,0.00559576736156771,0.009469830737034559,0.005941577361045444,0.006339003572028512,0.0,0.006714905052361711,0.015057668720102462,0.007439302729033813,0.00661629461036641,0.014508517442792553,0.0030039480889733376,0.0,0.036960515081738185,0.03018243319005229,0.0,0.005169540241769058,0.022726121663967667,0.0,0.018013575480821734,0.0047691061121340845,0.014393251703377083,0.004767314983365885,0.01312229188701182,0.004277489284889341,0.03285341237021955,0.007112819030679248,0.028901758937615082,0.0,0.03107572104412869,0.0,0.03367903643983884,0.02965938506921035,0.0,0.0,0.02577464826684821,0.023637889593458503,0.0,0.015457453017071555,0.0
2023-07-29,0.06526370104330145,0.0,0.02335576448431777,0.016568339096906227,0.009364190923907268,0.005209476524014992,0.014024116431580403,0.0,0.014169343491807995,0.06145898890558162,0.015069570083060646,0.028251141346110384,0.01678730208470313,0.007891525614195465,0.005941577361045444,0.0,0.006865034115787039,0.020144715157085134,0.025813146377318505,0.02231790818710144,0.023157031136282438,0.005803406977117021,0.004005264118631117,0.0053194960238540385,0.057120796035413555,0.015091216595026146,0.0,0.005169540241769058,0.016232944045691193,0.00735450400857241,0.009006787740410867,0.0,0.009766849370148736,0.008581166970058594,0.01312229188701182,0.007699480712800814,0.03538059793715951,0.004741879353786165,0.030464016177486168,0.0,0.03884465130516086,0.0,0.023428894914670498,0.027245249075204855,0.0031191924535505454,0.0,0.022259923503187094,0.023637889593458503,0.01673969825019934,0.0034349895593492347,0.03455669803838903
2023-08-05,0.026513378548841213,0.02733939812315032,0.015112553489852675,0.036450346013193705,0.010882708371027366,0.005209476524014992,0.014024116431580403,0.0,0.0,0.0628557841079812,0.017895114473634517,0.042376712019165576,0.01119153472313542,0.009469830737034559,0.010397760381829527,0.003169501786014256,0.0034325170578935194,0.020144715157085134,0.023662050845875297,0.014878605458067627,0.011578515568141219,0.008705110465675531,0.004005264118631117,0.003546330682569359,0.03024042143051306,0.0060364866380104585,0.0,0.005169540241769058,0.01947953285482943,0.00735450400857241,0.016887727013270376,0.009538212224268169,0.016963475221837276,0.007627703973385416,0.0,0.007699480712800814,0.01516311340163979,0.007112819030679248,0.03983755961671268,0.0,0.034960186174644775,0.022607581000136774,0.032214730507671936,0.03276327420436027,0.0031191924535505454,0.0,0.03631882255783157,0.026264321770509448,0.005579899416733114,0.0017174947796746174,0.0
2023-08-12,0.01835541591842853,0.01366969906157516,0.012364816491697643,0.033136678193812455,0.008858018441533902,0.001736492174671664,0.019633763004212563,0.010269428732218484,0.014169343491807995,0.06192458730638148,0.02637174764535613,0.028251141346110384,0.01678730208470313,0.010258983298454106,0.013368549062352249,0.0,0.006865034115787039,0.01119150842060285,0.015057668720102462,0.0,0.008270368262958013,0.014508517442792553,0.011014476326235572,0.0,0.09072126429153918,0.013582094935523531,0.0,0.005169540241769058,0.01947953285482943,0.00735450400857241,0.00675509080530815,0.0047691061121340845,0.010794938777532813,0.0123950189567513,0.01312229188701182,0.008554978569778682,0.027799041236339615,0.00948375870757233,0.028901758937615082,0.0,0.015537860522064345,0.011303790500068387,0.038071954236339564,0.04104031189809339,0.0031191924535505454,0.0,0.037490397479051946,0.022324673504933033,0.0,0.008587473898373086,0.017278349019194516
2023-08-19,0.01835541591842853,0.02733939812315032,0.008243210994465096,0.02319567473566872,0.007845673476787171,0.0,0.011219293145264321,0.0,0.014169343491807995,0.07077095692157884,0.017895114473634517,0.042376712019165576,0.01678730208470313,0.007102373052775919,0.0044561830207840835,0.006339003572028512,0.0034325170578935194,0.026859620209446843,0.023662050845875297,0.014878605458067627,0.009924441915549616,0.008705110465675531,0.018023688533840027,0.0,0.11760163889643967,0.01660033825452876,0.0,0.005169540241769058,0.009739766427414715,0.0,0.0135101816106163,0.009538212224268169,0.00771067055538058,0.013348481953424479,0.0,0.006843982855822946,0.05307089690573927,0.007112819030679248,0.029682887557550625,0.0,0.029133488478870647,0.033911371500205165,0.038071954236339564,0.04276469475095446,0.0,0.0,0.04100512224271306,0.03283040221313681,0.05021909475059803,0.0034349895593492347,0.0
2023-08-26,0.024473887891238045,0.0,0.02335576448431777,0.02982301037443121,0.0073395009944138044,0.006945968698686656,0.022438586290528643,0.0,0.02833868698361599,0.07496134252877758,0.02637174764535613,0.042376712019165576,0.0,0.009469830737034559,0.016339337742874972,0.006339003572028512,0.006865034115787039,0.015668111788843992,0.023662050845875297,0.0,0.004962220957774808,0.011606813954234041,0.010013160296577792,0.0053194960238540385,0.1344018730245025,0.010563851616518303,0.0,0.015508620725307174,0.012986355236552954,0.0,0.018013575480821734,0.0047691061121340845,0.010280894073840774,0.007627703973385416,0.01312229188701182,0.013687965711645891,0.03285341237021955,0.00948375870757233,0.035150787897099425,0.0,0.03884465130516086,0.011303790500068387,0.03367903643983884,0.035522286768937976,0.0,0.0,0.03280409779417045,0.026264321770509448,0.011159798833466229,0.0017174947796746174,0.0
2023-09-02,0.024473887891238045,0.02733939812315032,0.017860290488007708,0.019882006916287474,0.009617277165093951,0.005209476524014992,0.016828939717896483,0.0,0.0,0.08008292493757606,0.03202283642650387,0.04943949735569317,0.0,0.007102373052775919,0.008912366041568167,0.012678007144057025,0.010297551173680558,0.0223830168412057,0.030115337440204924,0.0,0.008270368262958013,0.02466447965274734,0.01201579235589335,0.0,0.14448201350134016,0.009054729957015688,0.0,0.010339080483538116,0.009739766427414715,0.02941801603428964,0.011258484675513583,0.009538212224268169,0.01953369874029747,0.017162333940117187,0.0,0.011121472140712286,0.04043496907103944,0.004741879353786165,0.03280740203729279,0.0,0.017480093087322388,0.011303790500068387,0.03953626016850647,0.04345444789209888,0.0031191924535505454,0.0,0.0351472476366112,0.055155075718069844,0.005579899416733114,0.0068699791186984695,0.0
2023-09-09,0.010197453288015851,0.02733939812315032,0.010990947992620128,0.026509342555049966,0.010629622129840683,0.012155445222701648,0.0028048232863160803,0.0,0.014169343491807995,0.06983976011997911,0.019778810734017098,0.035313926682637976,0.01119153472313542,0.011837288421293198,0.007426971701306805,0.003169501786014256,0.024027619405254635,0.04252773199829084,0.023662050845875297,0.0,0.008270368262958013,0.011606813954234041,0.0020026320593155584,0.0,0.06384088968663867,0.018109459914031376,0.009356480017365627,0.005169540241769058,0.012986355236552954,0.00735450400857241,0.014636030078167658,0.019076424448536338,0.010794938777532813,0.006674240976712239,0.0,0.012832467854668022,0.04043496907103944,0.007112819030679248,0.03358853065722834,0.0,0.04272911643567695,0.033911371500205165,0.06735807287967768,0.03793642276294347,0.006238384907101091,0.01602592353390845,0.04686299684881493,0.048588995275442484,0.011159798833466229,0.0017174947796746174,0.0
2023-09-16,0.040789813152063405,0.0683484953078758,0.013738684990775159,0.02319567473566872,0.010376535888654,0.003472984349343328,0.025243409576844723,0.0,0.0,0.07263335052477828,0.03202283642650387,0.05650228269222077,0.0,0.014204746105551839,0.013368549062352249,0.0,0.010297551173680558,0.01119150842060285,0.027964241908761716,0.0,0.003308147305183205,0.0072542587213962765,0.009011844266920014,0.0017731653412846795,0.08064112381470148,0.012072973276020917,0.009356480017365627,0.0,0.0,0.0,0.011258484675513583,0.05246016723347493,0.006168536444304464,0.010488092963404947,0.0,0.007699480712800814,0.04043496907103944,0.014225638061358495,0.03749417375690605,0.018879305543624884,0.05049804669670912,0.0,0.04978640169367481,0.04414420103324331,0.009357577360651638,0.0,0.03631882255783157,0.019698241327882088,0.03347939650039868,0.005152484339023852,0.0
2023-09-23,0.022434397233634874,0.08201819436945096,0.012364816491697643,0.019882006916287474,0.01290739830052083,0.013891937397373311,0.044877172581057286,0.0,0.014169343491807995,0.08008292493757606,0.03296468455669516,0.035313926682637976,0.01678730208470313,0.01578305122839093,0.020795520763659054,0.0,0.013730068231574077,0.029097921893567413,0.03871971956597776,0.007439302729033813,0.009924441915549616,0.014508517442792553,0.017022372504182245,0.007092661365138718,0.05376074920980099,0.024145946552041834,0.028069440052096883,0.03101724145061435,0.012986355236552954,0.01470900801714482,0.032649605558989395,0.038152848897072676,0.009766849370148736,0.0123950189567513,0.01312229188701182,0.007699480712800814,0.04296215463797941,0.014225638061358495,0.039056430996777136,0.009439652771812442,0.06020920952299934,0.0,0.03514334237200575,0.043799324462671096,0.006238384907101091,0.01602592353390845,0.0527208714549168,0.007879296531152834,0.02789949708366557,0.0,0.0
2023-09-30,0.04690828512487292,0.09568789343102611,0.028851238480627834,0.033136678193812455,0.011895053335774097,0.02083790609605997,0.022438586290528643,0.0,0.0,0.08287651534237521,0.035790228947269034,0.07062785336527595,0.01119153472313542,0.014204746105551839,0.019310126423397692,0.012678007144057025,0.020595102347361116,0.031336223577687984,0.03441752850309134,0.0,0.00661629461036641,0.023213627908468083,0.01201579235589335,0.003546330682569359,0.06720093651225124,0.018109459914031376,0.03742592006946251,0.005169540241769058,0.022726121663967667,0.00735450400857241,0.012384333143064941,0.02861463667280451,0.024674145777217858,0.013348481953424479,0.03936687566103546,0.013687965711645891,0.0657068247404391,0.014225638061358495,0.046867717196132565,0.0,0.05632474439248325,0.022607581000136774,0.06589376694751078,0.04241981818038224,0.012476769814202182,0.01602592353390845,0.06912292035200203,0.01575859306230567,0.0390592959171318,0.015457453017071555,0.03455669803838903
2023-10-07,0.040789813152063405,0.1366969906157516,0.021981895985240255,0.056332352929481175,0.01138888085340073,0.017364921746716642,0.011219293145264321,0.02053885746443697,0.02833868698361599,0.10708763218396798,0.03296468455669516,0.07062785336527595,0.02238306944627084,0.016572203789810478,0.011883154722090889,0.00950850535804277,0.05148775586840279,0.026859620209446843,0.040870815097420965,0.037196513645169064,0.004962220957774808,0.020311924419909574,0.017022372504182245,0.0053194960238540385,0.0974413579427643,0.03621891982806275,0.0,0.02584770120884529,0.016232944045691193,0.01470900801714482,0.01913942394837309,0.02861463667280451,0.01901965403660543,0.03527813087690755,0.0,0.015398961425601628,0.03790778350409948,0.014225638061358495,0.032026273417357254,0.009439652771812442,0.04272911643567695,0.0,0.04246487203284028,0.038626175904087894,0.012476769814202182,0.0,0.05857874606101866,0.00525286435410189,0.011159798833466229,0.017174947796746172,0.1036700941151671
2023-10-14,0.053026757097682425,0.19137578686205223,0.028851238480627834,0.04970501729071868,0.015438260712387658,0.02604738262007496,0.008414469858948241,0.0,0.02833868698361599,0.10010365617197006,0.036732077077460325,0.10594178004791394,0.01119153472313542,0.014204746105551839,0.034164069826011306,0.003169501786014256,0.013730068231574077,0.051480938734773114,0.06023067488040985,0.029757210916135254,0.004962220957774808,0.023213627908468083,0.020026320593155584,0.010638992047708077,0.07392103016347637,0.03772804148756537,0.0,0.04652586217592152,0.01947953285482943,0.0,0.014636030078167658,0.019076424448536338,0.013365162295993006,0.01906925993346354,0.01312229188701182,0.01796545499653523,0.09856023711065864,0.014225638061358495,0.03280740203729279,0.009439652771812442,0.05049804669670912,0.0,0.046857789829340996,0.057939263856131844,0.009357577360651638,0.0,0.06326504574590015,0.017071809150831143,0.01673969825019934,0.005152484339023852,0.06911339607677806
2023-10-21,0.06118471972809511,0.2870636802930783,0.07144116195203083,0.05964602074886242,0.01290739830052083,0.027783874794746623,0.0028048232863160803,0.010269428732218484,0.05667737396723198,0.13595473303355934,0.02919729203593,0.09181620937485875,0.01119153472313542,0.021307119158327757,0.03713485850653403,0.012678007144057025,0.024027619405254635,0.0447660336824114,0.06668396147473947,0.014878605458067627,0.014886662873324423,0.020311924419909574,0.021027636622813362,0.007092661365138718,0.06720093651225124,0.025655068211544448,0.009356480017365627,0.041356321934152465,0.022726121663967667,0.0,0.037152999429194825,0.009538212224268169,0.01901965403660543,0.01620887094344401,0.01312229188701182,0.021387446424446704,0.05559808247267923,0.01896751741514466,0.03358853065722834,0.0,0.06215144208825738,0.022607581000136774,0.06296515508317696,0.08346013007847564,0.02807273208195491,0.0320518470678169,0.08435339432786687,0.014445376973780196,0.01673969825019934,0.0068699791186984695,0.08639174509597258
2023-10-28,0.06526370104330145,0.4100909718472548,0.06731955645479828,0.04307768165195619,0.019234554330187902,0.03299335131876162,0.019633763004212563,0.010269428732218484,0.014169343491807995,0.14573229945035643,0.037673925207651615,0.09181620937485875,0.02238306944627084,0.016572203789810478,0.04901801322862492,0.012678007144057025,0.017162585289467597,0.051480938734773114,0.0989503944463876,0.029757210916135254,0.016540736525916026,0.04062384883981915,0.01201579235589335,0.007092661365138718,0.06048084286102612,0.025655068211544448,0.0,0.03618678169238341,0.025972710473105908,0.01470900801714482,0.049537332572259764,0.009538212224268169,0.024674145777217858,0.01906925993346354,0.01312229188701182,0.014543463568623759,0.02527185566939965,0.03319315547650316,0.039056430996777136,0.009439652771812442,0.04078688387041891,0.033911371500205165,0.06442946101534387,0.08483963636076448,0.015595962267752728,0.0,0.07146607019444277,0.01050572870820378,0.022319597666932457,0.01202246345772232,0.0
2023-11-04,0.0754611543313173,0.45110006903198024,0.07006729345295332,0.05964602074886242,0.024549365395108245,0.05383125741482159,0.033657879435792966,0.010269428732218484,0.0,0.20672568995513818,0.05651088781147742,0.09887899471138634,0.02797883680783855,0.026831187088264583,0.05793037927019308,0.03169501786014256,0.020595102347361116,0.04700433536653197,0.08604382125772836,0.007439302729033813,0.02481110478887404,0.043525552328377654,0.03404474500836449,0.015958488071562114,0.10080140476837686,0.03621891982806275,0.009356480017365627,0.02584770120884529,0.0422056545187971,0.01470900801714482,0.029272060156335315,0.04769106112134085,0.029300548110446207,0.03813851986692708,0.0,0.01796545499653523,0.04548934020491937,0.014225638061358495,0.030464016177486168,0.0,0.08740046543661194,0.011303790500068387,0.06442946101534387,0.10518735402452507,0.02807273208195491,0.0,0.059750320982239036,0.022324673504933033,0.0390592959171318,0.027479916474793878,0.017278349019194516
2023-11-11,0.12236943945619022,0.5331182634014312,0.1813506418782321,0.0795280276651499,0.05618514554344361,0.09029759308292654,0.014024116431580403,0.010269428732218484,0.0,0.21510646116953566,0.10925438310218968,0.11300456538444154,0.02238306944627084,0.04261423831665551,0.06981353399228397,0.04120352321818533,0.034325170578935194,0.07386395557597882,0.13982120954380858,0.029757210916135254,0.03142739939924045,0.04497640407265691,0.030039480889733378,0.03191697614312423,0.12768177937327735,0.06036486638010458,0.04678240008682814,0.02584770120884529,0.07142495380104125,0.01470900801714482,0.051789029507362486,0.04292195500920676,0.045235933924899406,0.04671968683698567,0.02624458377402364,0.022242944281424572,0.08592430927595882,0.026080336445823908,0.06405254683471451,0.018879305543624884,0.10099609339341824,0.022607581000136774,0.0688223788118446,0.12863896082343557,0.015595962267752728,0.0320518470678169,0.10778489275227435,0.022324673504933033,0.0781185918342636,0.034349895593492344,0.08639174509597258
2023-11-18,0.1570407806354441,0.2323848840467777,0.2624088833238055,0.056332352929481175,0.09111104682720585,0.17712220181650973,0.06170611229895377,0.02053885746443697,0.07084671745903998,0.3035701573215092,0.12526580131544163,0.20482077475930027,0.06155344097724481,0.056818984422207355,0.1292293076027384,0.04437302500419959,0.06178530704208335,0.04028943031417027,0.20650517101854804,0.014878605458067627,0.04465998861997327,0.04497640407265691,0.05206843354220452,0.02659748011927019,0.15456215397817785,0.06036486638010458,0.028069440052096883,0.020678160967076233,0.09739766427414716,0.01470900801714482,0.037152999429194825,0.05722927334560902,0.06322749855412076,0.08390474370723958,0.09185604320908274,0.04790787999076062,0.09350586597677871,0.0403059745071824,0.06952044717426331,0.0,0.12430288417651476,0.011303790500068387,0.08346543813351365,0.12863896082343557,0.02183434717485382,0.08012961766954226,0.11715749212203733,0.043336130921340595,0.044639195333864914,0.02576242169511926,0.15550514117275066
2023-11-25,0.14888281800503142,0.19137578686205223,0.2912601218044334,0.08946903112329363,0.11059868739858043,0.23789942793001798,0.09255916844843065,0.010269428732218484,0.11335474793446396,0.3263844789607024,0.1469283083098413,0.1836324187497175,0.04476613889254168,0.08049356126479375,0.12477312458195433,0.08557654822238492,0.10297551173680558,0.0828171623124611,0.25598036824174186,0.06695372456130431,0.036389620357015255,0.07399343895824202,0.08811581060988458,0.04255596819083231,0.1579222008037904,0.08752905625115165,0.05613888010419377,0.041356321934152465,0.1266169635563913,0.00735450400857241,0.08443863506635188,0.10015122835481578,0.09149995725718289,0.1458798384909961,0.05248916754804728,0.06416233927334011,0.08592430927595882,0.026080336445823908,0.09764107749194284,0.028318958315437327,0.1573208377859015,0.022607581000136774,0.10689433304818415,0.16105735845722363,0.031191924535505455,0.048077770601725356,0.13473111594034293,0.04727577918691701,0.07253869241753048,0.05839482250893699,0.3974020274414739
2023-12-02,0.17335670589626948,0.2050454859236274,0.38330931124262696,0.0795280276651499,0.15969741818879693,0.21879801400862967,0.1598749273200166,0.02053885746443697,0.15586277840988794,0.34826760379829586,0.21191582929304034,0.1624440627401347,0.10631957986978649,0.13021017263422519,0.20498441895606784,0.13945807858462728,0.12700313114206022,0.12982149767899306,0.26243365483607145,0.06695372456130431,0.09924441915549616,0.12767495349657446,0.1061394991437246,0.0602876216036791,0.2587236055721673,0.12827534105772223,0.1684166403125813,0.041356321934152465,0.1525896740294972,0.051481528060006866,0.1452344523141252,0.20507156282176564,0.17734542277375334,0.2030876182913867,0.22307896207920092,0.11463671283503434,0.17943017525273752,0.0403059745071824,0.16950491052601277,0.056637916630874655,0.25831693117931975,0.07912653350047871,0.1435019813523568,0.1883026075324285,0.05302627171035928,0.048077770601725356,0.16753521373451338,0.09717799055088497,0.09485829008446293,0.10133219200080242,0.4146803764606684
2023-12-09,0.2263834629939519,0.19137578686205223,0.5413041886365413,0.13586038059463107,0.20424059663765312,0.2656833027247646,0.20755692318738994,0.10269428732218484,0.19837080888531192,0.35525157981029376,0.2458223619799268,0.23307191610541067,0.25740529863211464,0.16177627509100706,0.2168675736781587,0.13945807858462728,0.12700313114206022,0.10743848083778737,0.339873093968027,0.1115895409355072,0.12901774490214502,0.16974965408067286,0.16922240901216468,0.08511193638166462,0.2385633246184919,0.21127703233036604,0.19648608036467818,0.05686494265945964,0.24998733830364436,0.11031756012858614,0.18013575480821734,0.42445044397993353,0.2616487541792477,0.2984339179587044,0.14434521075713,0.13773515497343677,0.15415831958333787,0.10195040610640255,0.22184052806169416,0.056637916630874655,0.34377516405067365,0.06782274300041033,0.22403880762153663,0.20347717663760587,0.05302627171035928,0.1282073882712676,0.1839372626315986,0.10899693534761422,0.11159798833466228,0.17003198318778712,0.8293607529213368
2023-12-16,0.3079630892980787,0.05467879624630064,0.8325643104409747,0.175624394427206,0.2520738962219362,0.3820282784277661,0.33657879435792964,0.1848497171799327,0.2833868698361599,0.3929650502750825,0.41629687354455036,0.1906952040862451,0.37491641322503655,0.20044475060056482,0.30747662843410173,0.15847508930071283,0.14759823348942133,0.1947322465184896,0.3850461001283344,0.14878605458067626,0.1902184700480343,0.2771126831573377,0.23831321505855146,0.138306896620205,0.32256449525880593,0.23240473556340263,0.3461897606425282,0.06720402314299775,0.38309747947831213,0.20592611224002746,0.34338378260316427,0.7487496596050512,0.3824492595468768,0.38329212466261714,0.2099566701921891,0.2044639878177105,0.21481077318989703,0.10669228546018872,0.3085458048745394,0.22655166652349862,0.5127493972281234,0.14694927650088904,0.26357506779004314,0.31383767922071415,0.0748606188852131,0.1282073882712676,0.26829065695946547,0.1431405536492765,0.18413668075219278,0.20953436312030332,0.8466391019405314
2023-12-23,0.5669784028136814,0.0683484953078758,1.3216614961125703,0.3181121106605996,0.41303674561666653,0.43759602801725933,0.32255467792634923,0.2464662895732436,0.6517898006231677,0.4604768183910623,0.7026187051227026,0.19775798942277267,0.6435132465802866,0.3661667884986696,0.42482278131474926,0.2852551607412831,0.3123590522683103,0.3066473307245181,0.6603863281530651,0.11902884366454101,0.34239324608646177,0.43235381979521803,0.2453224272661559,0.19504818754131475,0.6720093651225124,0.3380432517285857,0.729805441354519,0.2739856328137601,0.5129610318438417,0.3015346643514688,0.5516657491001655,1.1064326180151076,0.4806317979520562,0.6988883765614388,0.3411795890623073,0.3661530827865276,0.3992953195765145,0.2442067867199875,0.5538201915342998,0.16991374989262395,0.8176799099736362,0.3730250865022568,0.43050594405707043,0.4341996023504166,0.18091316230593166,0.19231108240690142,0.4908898919913364,0.20354849372144823,0.45755175217211536,0.3211715237991534,0.501072121556641
2023-12-30,0.6077682159657447,0.05467879624630064,1.5813226424382207,0.6196558822242929,0.44340709455906846,0.6008262924363957,0.5441357175453196,0.616165723933109,0.8076525790330557,0.6220394634686139,1.0708813240274973,0.22600913076888307,0.9121100799355367,0.4553410279390784,0.6372341719721238,0.3137806768154114,0.3192240863840973,0.5841967395554688,0.8195673974798625,0.3794044391807245,0.5425361580500456,0.6906054302769254,0.5276935476296496,0.3351282495028044,1.0080140476837687,0.5583750140159673,1.0853516820144127,0.26364655233022194,0.5324405646986711,0.41920672848862733,0.8252469267151457,1.130278148575778,0.6903620370584079,1.0259261844203384,0.6692368862376028,0.5458076327518799,0.3462244226707752,0.34852813250328313,0.8069058643934157,0.44366368027518477,1.26050893485247,0.5425819440032826,0.79511812116663,0.5276611529754864,0.24953539628404364,0.30449254714426055,0.8564212674120929,0.2770885946788747,0.8537246107601665,0.5152484339023852,1.2785978274203942
2024-01-06,0.7138217301611096,0.0683484953078758,1.2845670466374774,0.7753982697352114,0.35938246248508976,0.5348395897988725,0.46840548881478544,0.4929325791464872,0.7793138920494397,0.6592873355326029,0.7205138195963372,0.2825114134611038,0.8785354757661304,0.4032569588853883,0.6847667908604874,0.2979331678853401,0.3192240863840973,0.6625372984996888,0.6603863281530651,0.4314795582839612,0.5326117161344961,0.8632567878461569,0.45559879349428956,0.29789177733582617,0.9206528302178419,0.520646972528402,1.206985922240166,0.268816092571991,0.4642621997067681,0.34566168840290323,0.750940927856756,1.0968944057908394,0.6569491313184255,0.742747674408405,0.6823591781246146,0.49105576990529637,0.4397302886475539,0.3366734341188177,0.5952200083908836,0.45310333304699724,0.9322716313238607,0.6104046870036929,0.7057954593044488,0.548008870639247,0.19650912457368439,0.24038885300862675,0.6303073076165608,0.27446216250182376,0.9430030014278963,0.4259387053593051,1.4513813176123396
2024-01-13,0.48335928585195137,0.08201819436945096,1.0001762673284316,0.7389479237220178,0.2606788284222834,0.4966367619560959,0.4459669025242568,0.34916057689542845,0.5242657091968957,0.4986558872566509,0.5980735626714694,0.1765696334131899,0.5707682708799064,0.2998779733394277,0.5986139191253285,0.2662381500251975,0.34325170578935194,0.5371924041889369,0.546378264986575,0.3496472282645892,0.40524804488494265,0.7515412035366542,0.3664816668547472,0.2854796199468334,0.7896110040189521,0.4768824444028262,1.0666387219796816,0.2843247132972982,0.490234910179874,0.34566168840290323,0.6417336265042742,0.734442341268649,0.5284379553954158,0.48149881331995437,0.4199133403843782,0.46367983848200456,0.5408177113251526,0.2726580628427045,0.4514923423227437,0.320948194241623,0.5205183274891555,0.3617212960021884,0.576936537273761,0.4797233096659488,0.14660204531687565,0.38462216481380285,0.4604289440396067,0.21142779025260106,0.7588663206757035,0.4585711061731228,0.967587545074893
2024-01-20,0.35283188376534846,0.12302729155417644,0.9617079493542612,0.7522025949995428,0.2637158633165236,0.34208895841031783,0.3590173806484583,0.3286217194309915,0.38257227427881585,0.41345137991027636,0.4709240650956452,0.1624440627401347,0.49242752781795845,0.2643661080755481,0.497607103987556,0.30110266967135435,0.22654612582097228,0.4409454317717523,0.30330446993349247,0.2975721091613525,0.3275065832131373,0.5658321802689096,0.32042112949048934,0.21809933697801556,0.5577677730516853,0.4014263614276955,0.7578748814066159,0.18093390846191704,0.27271345996761204,0.22063512025717227,0.496499174190149,0.5436780967832856,0.4436205792862294,0.2955735289686849,0.5380139673674845,0.43202641777382345,0.6393779484358112,0.201529872535912,0.35463239345073644,0.3303878470134355,0.3826198153558345,0.1808606480010942,0.5286144415122531,0.44558052917929963,0.08733738869941528,0.41667401188161973,0.35733035097221383,0.1904163328361935,0.8090854154263015,0.30227908122273267,0.3974020274414739
2024-01-27,0.2916471640372533,0.09568789343102611,0.8916406559013078,0.9145723181492238,0.17867888627779815,0.39765670799981107,0.4375524326653086,0.28754400450211753,0.2975562133279679,0.3892402630686836,0.4323082917578023,0.21188356009582787,0.386107947948172,0.2170169543903753,0.497607103987556,0.24088213573708347,0.23341115993675932,0.5707669294507454,0.27964241908761717,0.25293629278714963,0.282846594593164,0.5165032209634148,0.3424500821429605,0.2553358091449938,0.5510476794004602,0.41048109138471117,0.9917868818407565,0.24296839136314574,0.22401462783053844,0.17650809620573782,0.38954356977277,0.4959870356619448,0.4744632615077517,0.29366660297533853,0.6298700105765673,0.5047437356169422,0.8744062061612279,0.2323520883355221,0.31948160555363697,0.2548706248389359,0.4136955363999632,0.30520234350184644,0.41000566100673375,0.4948978787711262,0.11852931323492073,0.3365443942120775,0.3163252287295008,0.1575859306230567,0.7588663206757035,0.24216676393412104,0.6911339607677807
2024-02-03,0.21006753773312653,0.10935759249260128,0.4945926596679057,0.8118486157484052,0.13084558669351506,0.34035246623564613,0.3113353847810849,0.2567357183054621,0.2833868698361599,0.331040462968701,0.3334142380877168,0.035313926682637976,0.39729948267130744,0.21464949670611666,0.5451397228759195,0.33913669110352546,0.5389051780892825,0.5058561806112489,0.2602825593046283,0.4835546773871979,0.1869103227428511,0.6021034738758909,0.42155404848592504,0.26597480119270195,0.3897654317710572,0.4572638628292922,0.804657281493444,0.24296839136314574,0.18830215093001781,0.27211664831717913,0.3726558427594996,0.3672211706343245,0.3958144218428698,0.24313306415166014,0.5248916754804728,0.5055992334739201,1.0639451236817252,0.19915893285901895,0.3561946506906075,0.1604740971208115,0.33989069892015755,0.2599871815015729,0.3265402228732201,0.46558337027248803,0.08733738869941528,0.28846662361035214,0.22259923503187093,0.13788768929517461,0.7086472259251055,0.300561586443058,0.6911339607677807
2024-02-10,0.22842295365155507,0.15036668967732675,0.258287277826573,0.9675910032593237,0.10401844512772668,0.34035246623564613,0.39828490665688343,0.2567357183054621,0.19837080888531192,0.38551547586228474,0.29008922409891746,0.12006735072096913,0.34134180905563033,0.19728814035488665,0.551081300236965,0.3549842000335967,0.6006904851313659,0.6356776782902419,0.20865626654999125,0.5728263101356036,0.18360217543766788,0.5498728110818377,0.5907764574980897,0.2907991159706874,0.299044167479518,0.5191378508688994,0.7672313614239814,0.28949425353906727,0.11363060831983834,0.3309526803857584,0.36364905501908873,0.3719902767464586,0.3613734266955032,0.1659025614211328,0.40679104849736636,0.5201426970425439,1.1852500308948437,0.20627175188969818,0.3358853065722834,0.19823270820806127,0.2563746986140617,0.20346822900123096,0.2884682686368805,0.4055748469929229,0.04990707925680873,0.320518470678169,0.20971191089844682,0.10505728708203779,0.7309668235920379,0.3057140707820819,0.5701855176334191
2024-02-17,0.24881786022758678,0.02733939812315032,0.28026917381181327,0.8549262974003614,0.083012287109232,0.23789942793001798,0.33377397107161355,0.3696994343598654,0.26921752634435187,0.3156757157423056,0.2439386657195442,0.07062785336527595,0.3301502743324949,0.2067579710919212,0.518402624751215,0.3930182214657678,0.6006904851313659,0.6312010749220008,0.18284312017267276,0.6397800346969079,0.20345105926876714,0.7254258721396276,0.6718830559003699,0.30675760404224955,0.3259245420844185,0.5342290674639255,0.22455552041677507,0.28949425353906727,0.16557602926605017,0.3015346643514688,0.4165639329940026,0.34814474618578817,0.40609531591671055,0.17066987640449868,0.38054646472334275,0.5218536927564996,0.9881295566735263,0.15411107899805038,0.38978318134783585,0.28318958315437326,0.2524902334835456,0.2938985530017781,0.2855396567725467,0.3076299009504143,0.059264656617460366,0.3365443942120775,0.2366581340865154,0.09586477446235948,1.026701492678893,0.35895640895199504,0.7602473568445588
2024-02-24,0.18151466852668216,0.05467879624630064,0.28026917381181327,0.9112586503298425,0.07592587235600487,0.22400749053264465,0.4852344285326819,0.2464662895732436,0.2550481828525439,0.29099900049991295,0.1770674484759626,0.09887899471138634,0.5036190625410939,0.2359566158644444,0.5139464417304309,0.49761178040423826,0.29519646697884266,0.6289627732378802,0.20435407548710482,0.5133118883033331,0.19518069100580912,0.6354730639943138,0.8421067809421924,0.28193328926426403,0.19152266905991602,0.685141233414187,0.2058425603820438,0.444580460792139,0.13960331879294424,0.24269863228288951,0.3343769948627534,0.28614636672804505,0.4102076735462469,0.15255407946770833,0.32805729717529547,0.5663395813193488,0.42962154637979405,0.21101363124348435,0.39056430996777136,0.3303878470134355,0.21558781474364277,0.4747592010028723,0.29725410422988197,0.27176273761090414,0.02807273208195491,0.41667401188161973,0.24368758361383763,0.13000839276402176,0.9095236049274976,0.3658263880706935,0.466515423518252
2024-03-02,0.17335670589626948,0.15036668967732675,0.2500440668321079,0.9211996537879863,0.06808019887921771,0.16149377224446476,0.5974273599853251,0.33889114816321,0.2125401523771199,0.25049193963032507,0.19025332229864067,0.11300456538444154,0.34134180905563033,0.2612094978298699,0.47978237190441964,0.5705103214825662,0.3020615010946297,0.6647756001838093,0.1677854514525703,0.47611537465816406,0.29111696285612204,0.7239750203953483,0.9021857427216591,0.3227160921138117,0.24864346509532959,0.6700500168191609,0.25262496046887195,0.4962758632098296,0.1590828516477737,0.286825656334324,0.3861660243701159,0.29091547284017916,0.3973565559539459,0.15255407946770833,0.28869042151426,0.5466631306088577,0.4523662164822537,0.18019141544387426,0.42493396924493526,0.2548706248389359,0.2078188844826106,0.5199743630031458,0.3470405059235568,0.22589415372479973,0.05302627171035928,0.4807777060172535,0.2518886080623803,0.09980442272793591,1.0099617944286936,0.34349895593492347,0.4319587254798629
2024-03-09,0.15908027129304728,0.0683484953078758,0.173107430883767,0.8184759513871677,0.05238885192564337,0.14065586614840478,0.46279584224215325,0.2670051470376806,0.5100963657050878,0.24956074282872537,0.1469283083098413,0.06356506802874837,0.3917037153097397,0.21228203902185802,0.50206328700834,0.5641713179105377,0.3157915693262038,0.4342305267193906,0.11831025422937648,0.37196513645169066,0.28946288920353047,0.5324625901504867,0.7820278191627256,0.30853076938353424,0.21168295001359141,0.6157216370770667,0.26198144048623756,0.46525862175921523,0.13960331879294424,0.24269863228288951,0.30623078317396946,0.3672211706343245,0.30637064340045506,0.12585711556085938,0.2755681296272482,0.5329751648972119,0.4574205876161337,0.18730423447455352,0.3991567247870624,0.22655166652349862,0.18839655883003018,0.41824024850253033,0.2752895152473784,0.1679548898686679,0.04366869434970764,0.4647517824833451,0.23548655916529504,0.07354010095742645,0.7979256165928353,0.34006396637557423,0.25917523528791775
2024-03-16,0.1651987432658568,0.12302729155417644,0.18409837887638714,0.6561062282374867,0.04783329958428307,0.16670324876847975,0.28048232863160805,0.1848497171799327,0.19837080888531192,0.24769834922552592,0.09983590180027678,0.12713013605749673,0.3805121805866043,0.20360136084624303,0.3787755567666471,0.36449270539163947,0.3535492569630325,0.31783883914512095,0.08604382125772836,0.24549699005811584,0.1885643963954427,0.4381572267723351,0.5377067079262274,0.2907991159706874,0.20160280953675372,0.4240631863202347,0.3368332806251626,0.356698276682065,0.12337037474725306,0.27947115232575154,0.24993835979640155,0.21460977504603382,0.21281450732850402,0.08962552168727864,0.38054646472334275,0.30541273494109894,0.35127879380465515,0.1612238980287296,0.2882364607562153,0.2076723609798737,0.15149414009012735,0.48606299150294063,0.1932883830460316,0.15933297560436258,0.05302627171035928,0.38462216481380285,0.18628041247403934,0.11162336752466516,0.5635698410900445,0.3177365342398042,0.1900618392111397
2024-03-23,0.12032994879858705,0.1366969906157516,0.1456300609022167,0.34793512103503077,0.04429009220766951,0.16843974094315142,0.23280033276423467,0.16431085971549575,0.2833868698361599,0.1992761155423404,0.07723154667568581,0.042376712019165576,0.30776720488622406,0.17045695326662205,0.2213237566989428,0.2979331678853401,0.22654612582097228,0.28874091725155354,0.07098615253762589,0.19342187095487914,0.1240555239443702,0.3424010116499042,0.4956514346806007,0.23583099039086236,0.16128224762940296,0.289751358624502,0.19648608036467818,0.31534195474791255,0.13311014117466777,0.18386260021431025,0.20377857262679586,0.2718390483916428,0.18351395921805783,0.07913742872387369,0.2624458377402364,0.22756242995611295,0.23755544329235673,0.229981148658629,0.27105163111763336,0.1321551388053742,0.13012958187228887,0.6669236395040349,0.18743115931736398,0.11691315742398033,0.03743030944260655,0.28846662361035214,0.16519206389207264,0.10637050317056326,0.4463919533386491,0.2284268056967241,0.08639174509597258
2024-03-30,0.12440893011379339,0.10935759249260128,0.13326524441051904,0.27172076118926214,0.04580860965478961,0.11808146787767315,0.24962927248213115,0.15404143098327724,0.2550481828525439,0.18810175392314374,0.060278280332242584,0.04943949735569317,0.25180953127054695,0.1609871225295875,0.23172151708077232,0.2852551607412831,0.24027619405254635,0.26859620209446844,0.10325258550927402,0.1711039627677777,0.1257095975969618,0.290170348855851,0.48063169423573404,0.21987250231930025,0.17136238810624066,0.2912604802840046,0.27133792050360317,0.26364655233022194,0.0844113090375942,0.12502656814573096,0.21165951189965537,0.17168782003682703,0.20150552384727918,0.08390474370723958,0.40679104849736636,0.20874147710259985,0.22997388659153684,0.1517401393211573,0.20934247014272547,0.1321551388053742,0.12236065161125671,0.3730250865022568,0.12593031016635392,0.10380784774223621,0.034311116989056,0.24038885300862675,0.13004481625546144,0.07354010095742645,0.3961728585880511,0.2164043422390018,0.1900618392111397
2024-04-06,0.07954013564652364,0.09568789343102611,0.11540495392251134,0.19882006916287473,0.037962936178002435,0.08508811655891153,0.2468244491958151,0.19511914591215118,0.32589490031158386,0.14619789785115628,0.05274349529071226,0.06356506802874837,0.173468788208599,0.14362576617835748,0.22726533405998825,0.259899146453169,0.1441657164315278,0.22830677178029818,0.0731372480690691,0.17854326549681152,0.14555848142806102,0.3104822732757606,0.41254220421900506,0.1985945182238841,0.20160280953675372,0.22335000560638696,0.06549536012155939,0.2843247132972982,0.11363060831983834,0.11767206413715856,0.1891425425486282,0.19553335059749746,0.2112723732174279,0.07341665074383463,0.24932354585322455,0.23012892352704656,0.1592126907172178,0.12091792352154722,0.20153118394337002,0.15103444434899907,0.0854582328713539,0.41824024850253033,0.14935920508102443,0.08518451293133669,0.015595962267752728,0.14423331180517607,0.1839372626315986,0.056468291806595315,0.37943316033785174,0.21468684745932717,0.12094844313436162
2024-04-13,0.03875032249446023,0.10935759249260128,0.1209004279188214,0.15574238751091854,0.04504935093122956,0.09550706960694152,0.17389904375159698,0.07188600112552938,0.2408788393607359,0.15271627546235433,0.05085979903032968,0.08475342403833115,0.06714920833881252,0.14678237642403566,0.15448101138718154,0.19967861251889815,0.09267796056312502,0.1499662128360782,0.06453286594329627,0.1115895409355072,0.09097405089253814,0.24374309303891487,0.2973908608083604,0.14008006196148967,0.12768177937327735,0.16298513922628238,0.08420832015629065,0.23779885112137666,0.07791813141931772,0.10296305612001373,0.14636030078167658,0.0906130161305476,0.18814036155128616,0.05244046481702474,0.22307896207920092,0.16340009068277284,0.09097868040983874,0.07824100933747173,0.155444595367173,0.1321551388053742,0.12430288417651476,0.15825306700095743,0.11275155677685178,0.07173432667902038,0.0031191924535505454,0.2564147765425352,0.12887324133424105,0.055155075718069844,0.12275778716812852,0.13224709803494553,0.1036700941151671
2024-04-20,0.03671083183685706,0.02733939812315032,0.11128334842527879,0.09941003458143736,0.03897528114274917,0.04514879654146327,0.1598749273200166,0.08215542985774787,0.19837080888531192,0.11314041139436616,0.034848380817077744,0.035313926682637976,0.08393651042351565,0.09627661249318469,0.08169668871437485,0.1679835946587556,0.15103075054731485,0.1052001791536668,0.05377738828608022,0.11902884366454101,0.0628547987984809,0.1842581715234654,0.15620530062661356,0.09397776308808801,0.08400117064031405,0.11771148944120394,0.05613888010419377,0.13957758652776456,0.0844113090375942,0.08825404810286891,0.12384333143064942,0.07153659168201126,0.1115477007011724,0.02192964892348307,0.19683437830517728,0.09324926641058763,0.07834275257513892,0.07587006966057865,0.11951267885013804,0.10383618048993686,0.0718626049145476,0.2712909720016413,0.08492974406568056,0.06552654840872053,0.009357577360651638,0.1602592353390845,0.09255441877640949,0.034143618301662286,0.07253869241753048,0.11335465545852474,0.03455669803838903
2024-04-27,0.032631850521650727,0.04100909718472548,0.1456300609022167,0.09941003458143736,0.03821602241918912,0.03993932001744827,0.17950869032422914,0.02053885746443697,0.11335474793446396,0.12384917461276296,0.02825544390573871,0.09887899471138634,0.08953227778508337,0.067867120282081,0.05495959058967036,0.06972903929231364,0.09267796056312502,0.055957542103014256,0.03656862403453455,0.10415023820647339,0.03308147305183205,0.0972070668667101,0.11715397546996018,0.0691534483101025,0.0705609833378638,0.08903817791065426,0.028069440052096883,0.087882184110074,0.06817836499190301,0.02941801603428964,0.10020051361207089,0.0953821222426817,0.08378928670180232,0.0123950189567513,0.09185604320908274,0.06416233927334011,0.07834275257513892,0.0806119490143648,0.09217317715239405,0.0660775694026871,0.058266976957741294,0.15825306700095743,0.06735807287967768,0.051731485585832,0.018715154721303275,0.09615554120345071,0.06795134543078166,0.048588995275442484,0.12275778716812852,0.06526480162763545,0.06911339607677806
